C:\Users\Mbensale\GIT\-Dashboard-AI_beta\server_bacnet.py:593: DeprecationWarning: 
        on_event is deprecated, use lifespan event handlers instead.

        Read more about it in the
        [FastAPI docs for Lifespan Events](https://fastapi.tiangolo.com/advanced/events/).
        
  @app.on_event("startup")
C:\Users\Mbensale\GIT\-Dashboard-AI_beta\.venv\Lib\site-packages\fastapi\applications.py:4575: DeprecationWarning: 
        on_event is deprecated, use lifespan event handlers instead.

        Read more about it in the
        [FastAPI docs for Lifespan Events](https://fastapi.tiangolo.com/advanced/events/).
        
  return self.router.on_event(event_type)
INFO:     Will watch for changes in these directories: ['C:\\Users\\Mbensale\\GIT\\-Dashboard-AI_beta']
INFO:     Uvicorn running on http://0.0.0.0:8000 (Press CTRL+C to quit)
INFO:     Started reloader process [28020] using WatchFiles
C:\Users\Mbensale\GIT\-Dashboard-AI_beta\server_bacnet.py:593: DeprecationWarning: 
        on_event is deprecated, use lifespan event handlers instead.

        Read more about it in the
        [FastAPI docs for Lifespan Events](https://fastapi.tiangolo.com/advanced/events/).
        
  @app.on_event("startup")
C:\Users\Mbensale\GIT\-Dashboard-AI_beta\.venv\Lib\site-packages\fastapi\applications.py:4575: DeprecationWarning: 
        on_event is deprecated, use lifespan event handlers instead.

        Read more about it in the
        [FastAPI docs for Lifespan Events](https://fastapi.tiangolo.com/advanced/events/).
        
  return self.router.on_event(event_type)
C:\Users\Mbensale\GIT\-Dashboard-AI_beta\.venv\Lib\site-packages\websockets\legacy\__init__.py:6: DeprecationWarning: websockets.legacy is deprecated; see https://websockets.readthedocs.io/en/stable/howto/upgrade.html for upgrade instructions
  warnings.warn(  # deprecated in 14.0 - 2024-11-09
C:\Users\Mbensale\GIT\-Dashboard-AI_beta\.venv\Lib\site-packages\uvicorn\protocols\websockets\websockets_impl.py:17: DeprecationWarning: websockets.server.WebSocketServerProtocol is deprecated
  from websockets.server import WebSocketServerProtocol
C:\Users\Mbensale\GIT\-Dashboard-AI_beta\server_bacnet.py:593: DeprecationWarning: 
        on_event is deprecated, use lifespan event handlers instead.

        Read more about it in the
        [FastAPI docs for Lifespan Events](https://fastapi.tiangolo.com/advanced/events/).
        
  @app.on_event("startup")
C:\Users\Mbensale\GIT\-Dashboard-AI_beta\.venv\Lib\site-packages\fastapi\applications.py:4575: DeprecationWarning: 
        on_event is deprecated, use lifespan event handlers instead.

        Read more about it in the
        [FastAPI docs for Lifespan Events](https://fastapi.tiangolo.com/advanced/events/).
        
  return self.router.on_event(event_type)
INFO:     Started server process [31268]
INFO:     Waiting for application startup.
INFO:     Application startup complete.
C:\Users\Mbensale\GIT\-Dashboard-AI_beta\.venv\Lib\site-packages\websockets\legacy\server.py:1178: DeprecationWarning: remove second argument of ws_handler
  warnings.warn("remove second argument of ws_handler", DeprecationWarning)
INFO:     127.0.0.1:61841 - "WebSocket /ws/points/live" [accepted]
INFO:     connection open
INFO:watchfiles.main:4 changes detected
INFO:watchfiles.main:4 changes detected
INFO:watchfiles.main:4 changes detected
INFO:watchfiles.main:4 changes detected
INFO:watchfiles.main:4 changes detected
INFO:watchfiles.main:4 changes detected
INFO:watchfiles.main:4 changes detected
INFO:watchfiles.main:4 changes detected
INFO:watchfiles.main:4 changes detected
INFO:watchfiles.main:4 changes detected
INFO:watchfiles.main:4 changes detected
INFO:watchfiles.main:4 changes detected
INFO:watchfiles.main:4 changes detected
INFO:watchfiles.main:4 changes detected
INFO:watchfiles.main:5 changes detected
INFO:watchfiles.main:5 changes detected
INFO:watchfiles.main:338 changes detected
INFO:watchfiles.main:399 changes detected
INFO:watchfiles.main:154 changes detected
INFO:watchfiles.main:139 changes detected
INFO:watchfiles.main:4 changes detected
INFO:watchfiles.main:4 changes detected
INFO:     connection closed
INFO:watchfiles.main:4 changes detected
INFO:watchfiles.main:4 changes detected
INFO:watchfiles.main:4 changes detected
INFO:watchfiles.main:4 changes detected
INFO:watchfiles.main:4 changes detected
INFO:watchfiles.main:4 changes detected
INFO:watchfiles.main:4 changes detected
INFO:watchfiles.main:4 changes detected
INFO:watchfiles.main:5 changes detected
INFO:watchfiles.main:321 changes detected
INFO:watchfiles.main:403 changes detected
INFO:watchfiles.main:189 changes detected
INFO:watchfiles.main:155 changes detected
INFO:watchfiles.main:4 changes detected
INFO:watchfiles.main:4 changes detected
INFO:watchfiles.main:2 changes detected
INFO:watchfiles.main:4 changes detected
INFO:watchfiles.main:4 changes detected
INFO:watchfiles.main:2 changes detected
INFO:watchfiles.main:2 changes detected
INFO:watchfiles.main:2 changes detected
INFO:watchfiles.main:1 change detected
INFO:watchfiles.main:1 change detected
INFO:watchfiles.main:1 change detected
INFO:watchfiles.main:5 changes detected
INFO:watchfiles.main:1 change detected
INFO:watchfiles.main:1 change detected
INFO:watchfiles.main:1 change detected
INFO:watchfiles.main:1 change detected
INFO:watchfiles.main:1 change detected
INFO:watchfiles.main:1 change detected
INFO:watchfiles.main:1 change detected
INFO:watchfiles.main:1 change detected
INFO:watchfiles.main:1 change detected
INFO:watchfiles.main:1 change detected
INFO:watchfiles.main:1 change detected
INFO:watchfiles.main:1 change detected
INFO:watchfiles.main:5 changes detected
INFO:watchfiles.main:1 change detected
INFO:watchfiles.main:1 change detected
INFO:watchfiles.main:1 change detected
INFO:watchfiles.main:1 change detected
INFO:watchfiles.main:1 change detected
INFO:watchfiles.main:1 change detected
INFO:watchfiles.main:1 change detected
INFO:watchfiles.main:1 change detected
INFO:watchfiles.main:1 change detected
INFO:watchfiles.main:1 change detected
INFO:watchfiles.main:1 change detected
INFO:watchfiles.main:1 change detected
INFO:watchfiles.main:1 change detected
INFO:watchfiles.main:5 changes detected
INFO:watchfiles.main:1 change detected
INFO:watchfiles.main:1 change detected
INFO:watchfiles.main:1 change detected
INFO:watchfiles.main:1 change detected
INFO:watchfiles.main:1 change detected
INFO:watchfiles.main:1 change detected
INFO:watchfiles.main:1 change detected
INFO:watchfiles.main:1 change detected
INFO:watchfiles.main:1 change detected
INFO:watchfiles.main:1 change detected
INFO:watchfiles.main:4 changes detected
INFO:watchfiles.main:1 change detected
INFO:watchfiles.main:1 change detected
INFO:watchfiles.main:1 change detected
INFO:watchfiles.main:1 change detected
INFO:watchfiles.main:1 change detected
INFO:watchfiles.main:1 change detected
INFO:watchfiles.main:1 change detected
INFO:watchfiles.main:1 change detected
INFO:watchfiles.main:1 change detected
INFO:watchfiles.main:1 change detected
INFO:watchfiles.main:1 change detected
INFO:watchfiles.main:1 change detected
INFO:watchfiles.main:1 change detected
INFO:watchfiles.main:1 change detected
INFO:watchfiles.main:5 changes detected
INFO:watchfiles.main:1 change detected
INFO:watchfiles.main:1 change detected
INFO:watchfiles.main:1 change detected
INFO:watchfiles.main:1 change detected
INFO:watchfiles.main:1 change detected
INFO:watchfiles.main:1 change detected
INFO:watchfiles.main:1 change detected
INFO:watchfiles.main:1 change detected
INFO:watchfiles.main:1 change detected
INFO:watchfiles.main:1 change detected
INFO:watchfiles.main:1 change detected
INFO:watchfiles.main:1 change detected
INFO:watchfiles.main:5 changes detected
INFO:watchfiles.main:1 change detected
INFO:watchfiles.main:1 change detected
INFO:watchfiles.main:1 change detected
INFO:watchfiles.main:1 change detected
INFO:watchfiles.main:1 change detected
INFO:watchfiles.main:1 change detected
INFO:watchfiles.main:1 change detected
INFO:watchfiles.main:1 change detected
INFO:watchfiles.main:1 change detected
INFO:watchfiles.main:1 change detected
INFO:watchfiles.main:1 change detected
INFO:watchfiles.main:1 change detected
INFO:watchfiles.main:5 changes detected
INFO:watchfiles.main:1 change detected
INFO:watchfiles.main:1 change detected
INFO:watchfiles.main:1 change detected
INFO:watchfiles.main:1 change detected
INFO:watchfiles.main:1 change detected
INFO:watchfiles.main:1 change detected
INFO:watchfiles.main:1 change detected
INFO:watchfiles.main:1 change detected
INFO:watchfiles.main:1 change detected
INFO:watchfiles.main:1 change detected
INFO:watchfiles.main:1 change detected
INFO:watchfiles.main:1 change detected
INFO:watchfiles.main:1 change detected
INFO:watchfiles.main:5 changes detected
INFO:watchfiles.main:1 change detected
INFO:watchfiles.main:1 change detected
INFO:watchfiles.main:1 change detected
INFO:watchfiles.main:1 change detected
INFO:watchfiles.main:1 change detected
INFO:watchfiles.main:1 change detected
INFO:watchfiles.main:1 change detected
INFO:watchfiles.main:1 change detected
INFO:watchfiles.main:1 change detected
INFO:watchfiles.main:1 change detected
INFO:watchfiles.main:1 change detected
INFO:watchfiles.main:1 change detected
INFO:watchfiles.main:1 change detected
INFO:watchfiles.main:5 changes detected
INFO:watchfiles.main:1 change detected
INFO:watchfiles.main:1 change detected
INFO:watchfiles.main:1 change detected
INFO:watchfiles.main:1 change detected
INFO:watchfiles.main:1 change detected
INFO:watchfiles.main:1 change detected
INFO:watchfiles.main:1 change detected
INFO:watchfiles.main:1 change detected
INFO:watchfiles.main:1 change detected
INFO:watchfiles.main:1 change detected
INFO:watchfiles.main:1 change detected
INFO:watchfiles.main:1 change detected
INFO:watchfiles.main:1 change detected
INFO:watchfiles.main:5 changes detected
INFO:watchfiles.main:1 change detected
INFO:watchfiles.main:1 change detected
INFO:watchfiles.main:1 change detected
INFO:watchfiles.main:1 change detected
INFO:watchfiles.main:1 change detected
INFO:watchfiles.main:1 change detected
INFO:watchfiles.main:1 change detected
INFO:watchfiles.main:1 change detected
INFO:watchfiles.main:1 change detected
INFO:watchfiles.main:1 change detected
INFO:watchfiles.main:1 change detected
INFO:watchfiles.main:1 change detected
INFO:watchfiles.main:1 change detected
INFO:watchfiles.main:5 changes detected
INFO:watchfiles.main:1 change detected
INFO:watchfiles.main:1 change detected
INFO:watchfiles.main:1 change detected
INFO:watchfiles.main:1 change detected
INFO:watchfiles.main:1 change detected
INFO:watchfiles.main:1 change detected
INFO:watchfiles.main:1 change detected
INFO:watchfiles.main:1 change detected
INFO:watchfiles.main:1 change detected
INFO:watchfiles.main:1 change detected
INFO:watchfiles.main:1 change detected
INFO:watchfiles.main:1 change detected
INFO:watchfiles.main:1 change detected
INFO:watchfiles.main:1 change detected
INFO:watchfiles.main:4 changes detected
INFO:watchfiles.main:1 change detected
INFO:watchfiles.main:1 change detected
INFO:watchfiles.main:1 change detected
INFO:watchfiles.main:1 change detected
INFO:watchfiles.main:1 change detected
INFO:watchfiles.main:1 change detected
INFO:watchfiles.main:1 change detected
INFO:watchfiles.main:1 change detected
INFO:watchfiles.main:1 change detected
INFO:watchfiles.main:1 change detected
INFO:watchfiles.main:1 change detected
INFO:watchfiles.main:1 change detected
INFO:watchfiles.main:1 change detected
INFO:watchfiles.main:5 changes detected
INFO:watchfiles.main:1 change detected
INFO:watchfiles.main:1 change detected
INFO:watchfiles.main:1 change detected
INFO:watchfiles.main:1 change detected
INFO:watchfiles.main:1 change detected
INFO:watchfiles.main:1 change detected
INFO:watchfiles.main:1 change detected
INFO:watchfiles.main:1 change detected
INFO:watchfiles.main:1 change detected
INFO:watchfiles.main:1 change detected
INFO:watchfiles.main:1 change detected
INFO:watchfiles.main:1 change detected
INFO:watchfiles.main:1 change detected
INFO:watchfiles.main:1 change detected
INFO:watchfiles.main:4 changes detected
INFO:watchfiles.main:1 change detected
INFO:watchfiles.main:1 change detected
INFO:watchfiles.main:1 change detected
INFO:watchfiles.main:1 change detected
INFO:watchfiles.main:1 change detected
INFO:watchfiles.main:1 change detected
INFO:watchfiles.main:1 change detected
INFO:watchfiles.main:1 change detected
INFO:watchfiles.main:1 change detected
INFO:watchfiles.main:1 change detected
INFO:watchfiles.main:1 change detected
INFO:watchfiles.main:1 change detected
INFO:watchfiles.main:1 change detected
INFO:watchfiles.main:5 changes detected
INFO:watchfiles.main:1 change detected
INFO:watchfiles.main:1 change detected
INFO:watchfiles.main:1 change detected
INFO:watchfiles.main:1 change detected
INFO:watchfiles.main:1 change detected
INFO:watchfiles.main:1 change detected
INFO:watchfiles.main:1 change detected
INFO:watchfiles.main:1 change detected
INFO:watchfiles.main:1 change detected
INFO:watchfiles.main:1 change detected
INFO:watchfiles.main:1 change detected
INFO:watchfiles.main:1 change detected
INFO:watchfiles.main:1 change detected
INFO:watchfiles.main:5 changes detected
INFO:watchfiles.main:1 change detected
INFO:watchfiles.main:1 change detected
INFO:watchfiles.main:1 change detected
INFO:watchfiles.main:1 change detected
INFO:watchfiles.main:1 change detected
INFO:watchfiles.main:1 change detected
INFO:watchfiles.main:1 change detected
INFO:watchfiles.main:1 change detected
INFO:watchfiles.main:1 change detected
INFO:watchfiles.main:1 change detected
INFO:watchfiles.main:1 change detected
INFO:watchfiles.main:1 change detected
INFO:watchfiles.main:1 change detected
INFO:watchfiles.main:5 changes detected
INFO:watchfiles.main:1 change detected
INFO:watchfiles.main:1 change detected
INFO:watchfiles.main:1 change detected
INFO:watchfiles.main:1 change detected
INFO:watchfiles.main:1 change detected
INFO:watchfiles.main:1 change detected
INFO:watchfiles.main:1 change detected
INFO:watchfiles.main:1 change detected
INFO:watchfiles.main:1 change detected
INFO:watchfiles.main:1 change detected
INFO:watchfiles.main:1 change detected
INFO:watchfiles.main:1 change detected
INFO:watchfiles.main:1 change detected
INFO:watchfiles.main:5 changes detected
INFO:watchfiles.main:1 change detected
INFO:watchfiles.main:1 change detected
INFO:watchfiles.main:1 change detected
INFO:watchfiles.main:1 change detected
INFO:watchfiles.main:1 change detected
INFO:watchfiles.main:1 change detected
INFO:watchfiles.main:1 change detected
INFO:watchfiles.main:1 change detected
INFO:watchfiles.main:1 change detected
INFO:watchfiles.main:1 change detected
INFO:watchfiles.main:1 change detected
INFO:watchfiles.main:1 change detected
INFO:watchfiles.main:1 change detected
INFO:watchfiles.main:5 changes detected
INFO:watchfiles.main:1 change detected
INFO:watchfiles.main:1 change detected
INFO:watchfiles.main:1 change detected
INFO:watchfiles.main:1 change detected
INFO:watchfiles.main:1 change detected
INFO:watchfiles.main:1 change detected
INFO:watchfiles.main:1 change detected
INFO:watchfiles.main:1 change detected
INFO:watchfiles.main:1 change detected
INFO:watchfiles.main:1 change detected
INFO:watchfiles.main:1 change detected
INFO:watchfiles.main:1 change detected
INFO:watchfiles.main:1 change detected
INFO:watchfiles.main:1 change detected
INFO:watchfiles.main:5 changes detected
INFO:watchfiles.main:1 change detected
INFO:watchfiles.main:1 change detected
INFO:watchfiles.main:1 change detected
INFO:watchfiles.main:1 change detected
INFO:watchfiles.main:1 change detected
INFO:watchfiles.main:1 change detected
INFO:watchfiles.main:1 change detected
INFO:watchfiles.main:1 change detected
INFO:watchfiles.main:1 change detected
INFO:watchfiles.main:1 change detected
INFO:watchfiles.main:1 change detected
INFO:watchfiles.main:1 change detected
INFO:watchfiles.main:1 change detected
INFO:watchfiles.main:1 change detected
INFO:watchfiles.main:1 change detected
INFO:watchfiles.main:4 changes detected
INFO:watchfiles.main:1 change detected
INFO:watchfiles.main:1 change detected
INFO:watchfiles.main:1 change detected
INFO:watchfiles.main:1 change detected
INFO:watchfiles.main:1 change detected
INFO:watchfiles.main:1 change detected
INFO:watchfiles.main:1 change detected
INFO:watchfiles.main:1 change detected
INFO:watchfiles.main:1 change detected
INFO:watchfiles.main:1 change detected
INFO:watchfiles.main:1 change detected
INFO:watchfiles.main:1 change detected
INFO:watchfiles.main:1 change detected
INFO:watchfiles.main:1 change detected
INFO:watchfiles.main:1 change detected
INFO:watchfiles.main:1 change detected
INFO:watchfiles.main:5 changes detected
INFO:watchfiles.main:1 change detected
INFO:watchfiles.main:1 change detected
INFO:watchfiles.main:1 change detected
INFO:watchfiles.main:1 change detected
INFO:watchfiles.main:1 change detected
INFO:watchfiles.main:1 change detected
INFO:watchfiles.main:1 change detected
INFO:watchfiles.main:1 change detected
INFO:watchfiles.main:1 change detected
INFO:watchfiles.main:1 change detected
INFO:watchfiles.main:1 change detected
INFO:watchfiles.main:1 change detected
INFO:watchfiles.main:1 change detected
INFO:watchfiles.main:1 change detected
INFO:watchfiles.main:1 change detected
INFO:watchfiles.main:4 changes detected
INFO:watchfiles.main:1 change detected
INFO:watchfiles.main:1 change detected
INFO:watchfiles.main:1 change detected
INFO:watchfiles.main:1 change detected
INFO:watchfiles.main:1 change detected
INFO:watchfiles.main:1 change detected
INFO:watchfiles.main:1 change detected
INFO:watchfiles.main:1 change detected
INFO:watchfiles.main:1 change detected
INFO:watchfiles.main:1 change detected
INFO:watchfiles.main:1 change detected
INFO:watchfiles.main:1 change detected
INFO:watchfiles.main:1 change detected
INFO:watchfiles.main:1 change detected
INFO:watchfiles.main:1 change detected
INFO:     127.0.0.1:58182 - "WebSocket /ws/points/live" [accepted]
INFO:     connection open
INFO:watchfiles.main:1 change detected
INFO:watchfiles.main:4 changes detected
INFO:watchfiles.main:1 change detected
INFO:watchfiles.main:1 change detected
INFO:watchfiles.main:1 change detected
INFO:watchfiles.main:1 change detected
INFO:watchfiles.main:1 change detected
INFO:watchfiles.main:1 change detected
INFO:watchfiles.main:1 change detected
INFO:watchfiles.main:1 change detected
INFO:watchfiles.main:1 change detected
INFO:watchfiles.main:1 change detected
INFO:watchfiles.main:1 change detected
INFO:watchfiles.main:1 change detected
INFO:watchfiles.main:1 change detected
INFO:watchfiles.main:1 change detected
INFO:watchfiles.main:1 change detected
INFO:watchfiles.main:1 change detected
INFO:watchfiles.main:1 change detected
INFO:watchfiles.main:1 change detected
INFO:watchfiles.main:5 changes detected
INFO:watchfiles.main:1 change detected
INFO:watchfiles.main:1 change detected
INFO:watchfiles.main:1 change detected
INFO:watchfiles.main:1 change detected
INFO:watchfiles.main:1 change detected
INFO:watchfiles.main:1 change detected
INFO:watchfiles.main:1 change detected
INFO:watchfiles.main:1 change detected
INFO:watchfiles.main:1 change detected
INFO:watchfiles.main:1 change detected
INFO:watchfiles.main:1 change detected
INFO:watchfiles.main:1 change detected
INFO:watchfiles.main:1 change detected
INFO:watchfiles.main:1 change detected
INFO:watchfiles.main:1 change detected
INFO:watchfiles.main:1 change detected
INFO:watchfiles.main:1 change detected
INFO:watchfiles.main:1 change detected
INFO:watchfiles.main:1 change detected
INFO:watchfiles.main:1 change detected
INFO:watchfiles.main:1 change detected
INFO:watchfiles.main:1 change detected
INFO:watchfiles.main:1 change detected
INFO:watchfiles.main:4 changes detected
INFO:watchfiles.main:1 change detected
INFO:watchfiles.main:1 change detected
INFO:watchfiles.main:1 change detected
INFO:watchfiles.main:1 change detected
INFO:watchfiles.main:1 change detected
INFO:watchfiles.main:1 change detected
INFO:watchfiles.main:1 change detected
INFO:watchfiles.main:1 change detected
INFO:watchfiles.main:1 change detected
INFO:watchfiles.main:1 change detected
INFO:watchfiles.main:1 change detected
INFO:watchfiles.main:1 change detected
INFO:watchfiles.main:1 change detected
INFO:watchfiles.main:1 change detected
INFO:watchfiles.main:1 change detected
INFO:watchfiles.main:1 change detected
INFO:watchfiles.main:1 change detected
INFO:watchfiles.main:1 change detected
INFO:watchfiles.main:1 change detected
INFO:watchfiles.main:1 change detected
INFO:watchfiles.main:1 change detected
INFO:watchfiles.main:5 changes detected
INFO:watchfiles.main:1 change detected
INFO:watchfiles.main:1 change detected
INFO:watchfiles.main:1 change detected
INFO:watchfiles.main:1 change detected
INFO:watchfiles.main:1 change detected
INFO:watchfiles.main:1 change detected
INFO:watchfiles.main:1 change detected
INFO:watchfiles.main:1 change detected
INFO:watchfiles.main:1 change detected
INFO:watchfiles.main:1 change detected
INFO:watchfiles.main:1 change detected
INFO:watchfiles.main:5 changes detected
INFO:watchfiles.main:5 changes detected
INFO:watchfiles.main:4 changes detected
INFO:watchfiles.main:5 changes detected
INFO:watchfiles.main:5 changes detected
INFO:watchfiles.main:5 changes detected
INFO:watchfiles.main:5 changes detected
INFO:watchfiles.main:5 changes detected
INFO:watchfiles.main:5 changes detected
INFO:watchfiles.main:5 changes detected
INFO:watchfiles.main:5 changes detected
INFO:watchfiles.main:6 changes detected
INFO:watchfiles.main:6 changes detected
INFO:watchfiles.main:6 changes detected
INFO:watchfiles.main:5 changes detected
INFO:watchfiles.main:5 changes detected
INFO:watchfiles.main:5 changes detected
INFO:watchfiles.main:5 changes detected
INFO:watchfiles.main:4 changes detected
INFO:watchfiles.main:6 changes detected
INFO:watchfiles.main:5 changes detected
INFO:watchfiles.main:6 changes detected
INFO:watchfiles.main:4 changes detected
INFO:watchfiles.main:6 changes detected
INFO:watchfiles.main:6 changes detected
INFO:watchfiles.main:4 changes detected
INFO:watchfiles.main:1 change detected
INFO:watchfiles.main:1 change detected
INFO:watchfiles.main:1 change detected
INFO:watchfiles.main:1 change detected
INFO:watchfiles.main:1 change detected
INFO:watchfiles.main:5 changes detected
INFO:watchfiles.main:1 change detected
INFO:watchfiles.main:1 change detected
INFO:watchfiles.main:1 change detected
INFO:watchfiles.main:1 change detected
INFO:watchfiles.main:1 change detected
INFO:watchfiles.main:1 change detected
INFO:watchfiles.main:1 change detected
INFO:watchfiles.main:1 change detected
INFO:watchfiles.main:1 change detected
INFO:watchfiles.main:1 change detected
INFO:watchfiles.main:1 change detected
INFO:watchfiles.main:1 change detected
INFO:watchfiles.main:1 change detected
INFO:watchfiles.main:1 change detected
INFO:watchfiles.main:1 change detected
INFO:watchfiles.main:1 change detected
INFO:watchfiles.main:1 change detected
INFO:watchfiles.main:1 change detected
INFO:watchfiles.main:1 change detected
INFO:watchfiles.main:1 change detected
INFO:watchfiles.main:1 change detected
INFO:watchfiles.main:1 change detected
INFO:watchfiles.main:1 change detected
INFO:watchfiles.main:1 change detected
INFO:watchfiles.main:1 change detected
INFO:watchfiles.main:1 change detected
INFO:watchfiles.main:1 change detected
INFO:watchfiles.main:1 change detected
INFO:watchfiles.main:1 change detected
INFO:watchfiles.main:1 change detected
INFO:watchfiles.main:4 changes detected
INFO:watchfiles.main:1 change detected
INFO:watchfiles.main:1 change detected
INFO:watchfiles.main:1 change detected
INFO:watchfiles.main:1 change detected
INFO:watchfiles.main:1 change detected
INFO:watchfiles.main:1 change detected
INFO:watchfiles.main:1 change detected
INFO:watchfiles.main:1 change detected
INFO:watchfiles.main:1 change detected
INFO:watchfiles.main:1 change detected
INFO:watchfiles.main:1 change detected
INFO:watchfiles.main:1 change detected
INFO:watchfiles.main:1 change detected
INFO:watchfiles.main:1 change detected
INFO:watchfiles.main:1 change detected
INFO:watchfiles.main:1 change detected
INFO:watchfiles.main:1 change detected
INFO:watchfiles.main:1 change detected
INFO:watchfiles.main:1 change detected
INFO:watchfiles.main:1 change detected
INFO:watchfiles.main:1 change detected
INFO:watchfiles.main:1 change detected
INFO:watchfiles.main:1 change detected
INFO:watchfiles.main:1 change detected
INFO:watchfiles.main:1 change detected
INFO:watchfiles.main:1 change detected
INFO:watchfiles.main:1 change detected
INFO:watchfiles.main:1 change detected
INFO:watchfiles.main:1 change detected
INFO:watchfiles.main:1 change detected
INFO:watchfiles.main:1 change detected
INFO:watchfiles.main:1 change detected
INFO:watchfiles.main:1 change detected
INFO:watchfiles.main:1 change detected
INFO:watchfiles.main:1 change detected
INFO:watchfiles.main:1 change detected
INFO:watchfiles.main:1 change detected
INFO:watchfiles.main:1 change detected
INFO:watchfiles.main:1 change detected
INFO:watchfiles.main:1 change detected
INFO:watchfiles.main:1 change detected
INFO:watchfiles.main:1 change detected
INFO:watchfiles.main:1 change detected
INFO:watchfiles.main:5 changes detected
INFO:watchfiles.main:1 change detected
INFO:watchfiles.main:1 change detected
INFO:watchfiles.main:1 change detected
INFO:watchfiles.main:1 change detected
INFO:watchfiles.main:1 change detected
INFO:watchfiles.main:1 change detected
INFO:watchfiles.main:1 change detected
INFO:watchfiles.main:1 change detected
INFO:watchfiles.main:1 change detected
INFO:watchfiles.main:1 change detected
INFO:watchfiles.main:1 change detected
INFO:watchfiles.main:1 change detected
INFO:watchfiles.main:1 change detected
INFO:watchfiles.main:1 change detected
INFO:watchfiles.main:1 change detected
INFO:watchfiles.main:1 change detected
INFO:watchfiles.main:1 change detected
INFO:watchfiles.main:1 change detected
INFO:watchfiles.main:1 change detected
INFO:watchfiles.main:1 change detected
INFO:watchfiles.main:1 change detected
INFO:watchfiles.main:1 change detected
INFO:watchfiles.main:1 change detected
INFO:watchfiles.main:1 change detected
INFO:watchfiles.main:1 change detected
INFO:watchfiles.main:1 change detected
INFO:watchfiles.main:1 change detected
INFO:watchfiles.main:1 change detected
INFO:watchfiles.main:1 change detected
INFO:watchfiles.main:1 change detected
INFO:watchfiles.main:1 change detected
INFO:watchfiles.main:1 change detected
INFO:watchfiles.main:1 change detected
INFO:watchfiles.main:1 change detected
INFO:watchfiles.main:1 change detected
INFO:watchfiles.main:1 change detected
INFO:watchfiles.main:1 change detected
INFO:watchfiles.main:1 change detected
INFO:watchfiles.main:1 change detected
INFO:watchfiles.main:1 change detected
INFO:watchfiles.main:1 change detected
INFO:watchfiles.main:1 change detected
INFO:watchfiles.main:1 change detected
INFO:watchfiles.main:1 change detected
INFO:watchfiles.main:1 change detected
INFO:watchfiles.main:1 change detected
INFO:watchfiles.main:1 change detected
INFO:watchfiles.main:1 change detected
INFO:watchfiles.main:1 change detected
INFO:watchfiles.main:1 change detected
INFO:watchfiles.main:1 change detected
INFO:watchfiles.main:1 change detected
INFO:watchfiles.main:1 change detected
INFO:watchfiles.main:1 change detected
INFO:watchfiles.main:1 change detected
INFO:watchfiles.main:1 change detected
INFO:watchfiles.main:1 change detected
INFO:watchfiles.main:1 change detected
INFO:watchfiles.main:1 change detected
INFO:watchfiles.main:1 change detected
INFO:watchfiles.main:1 change detected
INFO:watchfiles.main:1 change detected
INFO:watchfiles.main:1 change detected
INFO:watchfiles.main:5 changes detected
INFO:watchfiles.main:1 change detected
INFO:watchfiles.main:1 change detected
INFO:watchfiles.main:1 change detected
INFO:watchfiles.main:1 change detected
INFO:watchfiles.main:1 change detected
INFO:watchfiles.main:1 change detected
INFO:watchfiles.main:1 change detected
INFO:watchfiles.main:1 change detected
INFO:watchfiles.main:1 change detected
INFO:watchfiles.main:1 change detected
INFO:watchfiles.main:1 change detected
INFO:watchfiles.main:1 change detected
INFO:watchfiles.main:1 change detected
INFO:watchfiles.main:1 change detected
INFO:watchfiles.main:1 change detected
INFO:watchfiles.main:1 change detected
INFO:watchfiles.main:1 change detected
INFO:watchfiles.main:1 change detected
INFO:watchfiles.main:1 change detected
INFO:watchfiles.main:1 change detected
INFO:watchfiles.main:1 change detected
INFO:watchfiles.main:1 change detected
INFO:watchfiles.main:1 change detected
INFO:watchfiles.main:1 change detected
INFO:watchfiles.main:1 change detected
INFO:watchfiles.main:1 change detected
INFO:watchfiles.main:1 change detected
INFO:watchfiles.main:1 change detected
INFO:watchfiles.main:1 change detected
INFO:watchfiles.main:1 change detected
INFO:watchfiles.main:1 change detected
INFO:watchfiles.main:1 change detected
INFO:watchfiles.main:1 change detected
INFO:watchfiles.main:1 change detected
INFO:watchfiles.main:1 change detected
INFO:watchfiles.main:1 change detected
INFO:watchfiles.main:1 change detected
INFO:watchfiles.main:1 change detected
INFO:watchfiles.main:1 change detected
INFO:watchfiles.main:1 change detected
INFO:watchfiles.main:1 change detected
INFO:watchfiles.main:1 change detected
INFO:watchfiles.main:1 change detected
INFO:watchfiles.main:1 change detected
INFO:watchfiles.main:1 change detected
INFO:watchfiles.main:1 change detected
INFO:watchfiles.main:1 change detected
INFO:watchfiles.main:1 change detected
INFO:watchfiles.main:1 change detected
INFO:watchfiles.main:1 change detected
INFO:watchfiles.main:1 change detected
INFO:watchfiles.main:1 change detected
INFO:watchfiles.main:1 change detected
INFO:watchfiles.main:1 change detected
INFO:watchfiles.main:1 change detected
INFO:watchfiles.main:1 change detected
INFO:watchfiles.main:1 change detected
INFO:watchfiles.main:1 change detected
INFO:watchfiles.main:1 change detected
INFO:watchfiles.main:1 change detected
INFO:watchfiles.main:1 change detected
INFO:watchfiles.main:5 changes detected
INFO:watchfiles.main:1 change detected
INFO:watchfiles.main:1 change detected
INFO:watchfiles.main:1 change detected
INFO:watchfiles.main:1 change detected
INFO:watchfiles.main:1 change detected
INFO:watchfiles.main:1 change detected
INFO:watchfiles.main:1 change detected
INFO:watchfiles.main:1 change detected
INFO:watchfiles.main:1 change detected
INFO:watchfiles.main:1 change detected
INFO:watchfiles.main:1 change detected
INFO:watchfiles.main:1 change detected
INFO:watchfiles.main:1 change detected
INFO:watchfiles.main:1 change detected
INFO:watchfiles.main:1 change detected
INFO:watchfiles.main:1 change detected
INFO:watchfiles.main:1 change detected
INFO:watchfiles.main:1 change detected
INFO:watchfiles.main:1 change detected
INFO:watchfiles.main:1 change detected
INFO:watchfiles.main:1 change detected
INFO:watchfiles.main:1 change detected
INFO:watchfiles.main:1 change detected
INFO:watchfiles.main:1 change detected
INFO:watchfiles.main:1 change detected
INFO:watchfiles.main:1 change detected
INFO:watchfiles.main:1 change detected
INFO:watchfiles.main:1 change detected
INFO:watchfiles.main:1 change detected
INFO:watchfiles.main:1 change detected
INFO:watchfiles.main:1 change detected
INFO:watchfiles.main:1 change detected
INFO:watchfiles.main:1 change detected
INFO:watchfiles.main:1 change detected
INFO:watchfiles.main:1 change detected
INFO:watchfiles.main:1 change detected
INFO:watchfiles.main:1 change detected
INFO:watchfiles.main:1 change detected
INFO:watchfiles.main:1 change detected
INFO:watchfiles.main:1 change detected
INFO:watchfiles.main:1 change detected
INFO:watchfiles.main:1 change detected
INFO:watchfiles.main:1 change detected
INFO:watchfiles.main:1 change detected
INFO:watchfiles.main:1 change detected
INFO:watchfiles.main:1 change detected
INFO:watchfiles.main:1 change detected
INFO:watchfiles.main:1 change detected
INFO:watchfiles.main:5 changes detected
INFO:watchfiles.main:1 change detected
INFO:watchfiles.main:1 change detected
INFO:watchfiles.main:1 change detected
INFO:watchfiles.main:1 change detected
INFO:watchfiles.main:1 change detected
INFO:watchfiles.main:1 change detected
INFO:watchfiles.main:1 change detected
INFO:watchfiles.main:1 change detected
INFO:watchfiles.main:1 change detected
INFO:watchfiles.main:1 change detected
INFO:watchfiles.main:1 change detected
INFO:watchfiles.main:1 change detected
INFO:watchfiles.main:1 change detected
INFO:watchfiles.main:1 change detected
INFO:watchfiles.main:1 change detected
INFO:watchfiles.main:1 change detected
INFO:watchfiles.main:1 change detected
INFO:watchfiles.main:1 change detected
INFO:watchfiles.main:1 change detected
INFO:watchfiles.main:1 change detected
INFO:watchfiles.main:1 change detected
INFO:watchfiles.main:1 change detected
INFO:watchfiles.main:1 change detected
INFO:watchfiles.main:1 change detected
INFO:watchfiles.main:1 change detected
INFO:watchfiles.main:1 change detected
INFO:watchfiles.main:1 change detected
INFO:watchfiles.main:1 change detected
INFO:watchfiles.main:1 change detected
INFO:watchfiles.main:1 change detected
INFO:watchfiles.main:1 change detected
INFO:watchfiles.main:5 changes detected
INFO:watchfiles.main:1 change detected
INFO:watchfiles.main:1 change detected
INFO:watchfiles.main:1 change detected
INFO:watchfiles.main:1 change detected
INFO:watchfiles.main:1 change detected
INFO:watchfiles.main:1 change detected
INFO:watchfiles.main:1 change detected
INFO:watchfiles.main:1 change detected
INFO:watchfiles.main:1 change detected
INFO:watchfiles.main:1 change detected
INFO:watchfiles.main:1 change detected
INFO:watchfiles.main:1 change detected
INFO:watchfiles.main:1 change detected
INFO:watchfiles.main:4 changes detected
INFO:watchfiles.main:1 change detected
INFO:watchfiles.main:1 change detected
INFO:watchfiles.main:1 change detected
INFO:watchfiles.main:1 change detected
INFO:watchfiles.main:1 change detected
INFO:watchfiles.main:1 change detected
INFO:watchfiles.main:1 change detected
INFO:watchfiles.main:1 change detected
INFO:watchfiles.main:1 change detected
INFO:watchfiles.main:1 change detected
INFO:watchfiles.main:1 change detected
INFO:watchfiles.main:1 change detected
INFO:watchfiles.main:1 change detected
INFO:watchfiles.main:5 changes detected
INFO:watchfiles.main:1 change detected
INFO:watchfiles.main:1 change detected
INFO:watchfiles.main:1 change detected
INFO:watchfiles.main:1 change detected
INFO:watchfiles.main:1 change detected
INFO:watchfiles.main:1 change detected
INFO:watchfiles.main:1 change detected
INFO:watchfiles.main:1 change detected
INFO:watchfiles.main:1 change detected
INFO:watchfiles.main:1 change detected
INFO:watchfiles.main:1 change detected
INFO:watchfiles.main:1 change detected
INFO:watchfiles.main:1 change detected
INFO:watchfiles.main:5 changes detected
INFO:watchfiles.main:1 change detected
INFO:watchfiles.main:1 change detected
INFO:watchfiles.main:1 change detected
INFO:watchfiles.main:1 change detected
INFO:watchfiles.main:1 change detected
INFO:watchfiles.main:1 change detected
INFO:watchfiles.main:1 change detected
INFO:watchfiles.main:1 change detected
INFO:watchfiles.main:1 change detected
INFO:watchfiles.main:1 change detected
INFO:watchfiles.main:1 change detected
INFO:watchfiles.main:1 change detected
INFO:watchfiles.main:1 change detected
INFO:watchfiles.main:5 changes detected
INFO:watchfiles.main:1 change detected
INFO:watchfiles.main:1 change detected
INFO:watchfiles.main:1 change detected
INFO:watchfiles.main:1 change detected
INFO:watchfiles.main:1 change detected
INFO:watchfiles.main:1 change detected
INFO:watchfiles.main:1 change detected
INFO:watchfiles.main:1 change detected
INFO:watchfiles.main:1 change detected
INFO:watchfiles.main:1 change detected
INFO:watchfiles.main:1 change detected
INFO:watchfiles.main:1 change detected
INFO:watchfiles.main:1 change detected
INFO:watchfiles.main:5 changes detected
INFO:watchfiles.main:1 change detected
INFO:watchfiles.main:1 change detected
INFO:watchfiles.main:1 change detected
INFO:watchfiles.main:1 change detected
INFO:watchfiles.main:1 change detected
INFO:watchfiles.main:6 changes detected
INFO:watchfiles.main:343 changes detected
INFO:watchfiles.main:384 changes detected
INFO:watchfiles.main:190 changes detected
INFO:watchfiles.main:91 changes detected
INFO:watchfiles.main:68 changes detected
INFO:watchfiles.main:4 changes detected
INFO:watchfiles.main:4 changes detected
INFO:watchfiles.main:4 changes detected
INFO:watchfiles.main:4 changes detected
INFO:watchfiles.main:4 changes detected
INFO:watchfiles.main:4 changes detected
INFO:watchfiles.main:4 changes detected
INFO:watchfiles.main:4 changes detected
INFO:watchfiles.main:4 changes detected
INFO:watchfiles.main:4 changes detected
INFO:watchfiles.main:4 changes detected
INFO:watchfiles.main:4 changes detected
INFO:watchfiles.main:4 changes detected
INFO:httpx:HTTP Request: POST http://localhost:8050/mcp "HTTP/1.1 200 OK"
INFO:mcp.client.streamable_http:Received session ID: 698c3e5f11204fffb14f9653960aa2ae
INFO:mcp.client.streamable_http:Negotiated protocol version: 2025-06-18
INFO:httpx:HTTP Request: GET http://localhost:8050/mcp "HTTP/1.1 200 OK"
INFO:httpx:HTTP Request: POST http://localhost:8050/mcp "HTTP/1.1 202 Accepted"
INFO:httpx:HTTP Request: POST http://localhost:8050/mcp "HTTP/1.1 200 OK"
INFO:httpx:HTTP Request: POST http://localhost:8050/mcp "HTTP/1.1 200 OK"
INFO:httpx:HTTP Request: DELETE http://localhost:8050/mcp "HTTP/1.1 200 OK"
INFO:watchfiles.main:4 changes detected
INFO:httpx:HTTP Request: POST http://localhost:8050/mcp "HTTP/1.1 200 OK"
INFO:mcp.client.streamable_http:Received session ID: ed8acea9b6824f079a0e3b8b0d391463
INFO:mcp.client.streamable_http:Negotiated protocol version: 2025-06-18
INFO:httpx:HTTP Request: GET http://localhost:8050/mcp "HTTP/1.1 200 OK"
INFO:httpx:HTTP Request: POST http://localhost:8050/mcp "HTTP/1.1 202 Accepted"
INFO:httpx:HTTP Request: POST http://localhost:8050/mcp "HTTP/1.1 200 OK"
INFO:httpx:HTTP Request: POST http://localhost:8050/mcp "HTTP/1.1 200 OK"
INFO:httpx:HTTP Request: DELETE http://localhost:8050/mcp "HTTP/1.1 200 OK"
INFO:httpx:HTTP Request: POST http://localhost:8050/mcp "HTTP/1.1 200 OK"
INFO:mcp.client.streamable_http:Received session ID: f73e8cd938054fe69a4bec1794cd06a6
INFO:mcp.client.streamable_http:Negotiated protocol version: 2025-06-18
INFO:httpx:HTTP Request: GET http://localhost:8050/mcp "HTTP/1.1 200 OK"
INFO:httpx:HTTP Request: POST http://localhost:8050/mcp "HTTP/1.1 202 Accepted"
INFO:httpx:HTTP Request: POST http://localhost:8050/mcp "HTTP/1.1 200 OK"
INFO:httpx:HTTP Request: POST http://localhost:8050/mcp "HTTP/1.1 200 OK"
INFO:httpx:HTTP Request: DELETE http://localhost:8050/mcp "HTTP/1.1 200 OK"
INFO:watchfiles.main:4 changes detected
INFO:httpx:HTTP Request: POST http://localhost:8050/mcp "HTTP/1.1 200 OK"
INFO:mcp.client.streamable_http:Received session ID: 09ae17437a3144ecb19ece364eeaf341
INFO:mcp.client.streamable_http:Negotiated protocol version: 2025-06-18
INFO:httpx:HTTP Request: GET http://localhost:8050/mcp "HTTP/1.1 200 OK"
INFO:httpx:HTTP Request: POST http://localhost:8050/mcp "HTTP/1.1 202 Accepted"
INFO:httpx:HTTP Request: POST http://localhost:8050/mcp "HTTP/1.1 200 OK"
INFO:httpx:HTTP Request: POST http://localhost:8050/mcp "HTTP/1.1 200 OK"
INFO:httpx:HTTP Request: DELETE http://localhost:8050/mcp "HTTP/1.1 200 OK"
INFO:httpx:HTTP Request: POST http://localhost:8050/mcp "HTTP/1.1 200 OK"
INFO:mcp.client.streamable_http:Received session ID: f9768229930e4de0996938a8a6477051
INFO:mcp.client.streamable_http:Negotiated protocol version: 2025-06-18
INFO:httpx:HTTP Request: GET http://localhost:8050/mcp "HTTP/1.1 200 OK"
INFO:httpx:HTTP Request: POST http://localhost:8050/mcp "HTTP/1.1 202 Accepted"
INFO:httpx:HTTP Request: POST http://localhost:8050/mcp "HTTP/1.1 200 OK"
INFO:httpx:HTTP Request: POST http://localhost:8050/mcp "HTTP/1.1 200 OK"
INFO:httpx:HTTP Request: DELETE http://localhost:8050/mcp "HTTP/1.1 200 OK"
INFO:watchfiles.main:4 changes detected
INFO:httpx:HTTP Request: POST http://localhost:8050/mcp "HTTP/1.1 200 OK"
INFO:mcp.client.streamable_http:Received session ID: a2e10e17c7244029ab10f8f9ecd622fc
INFO:mcp.client.streamable_http:Negotiated protocol version: 2025-06-18
INFO:httpx:HTTP Request: POST http://localhost:8050/mcp "HTTP/1.1 202 Accepted"
INFO:httpx:HTTP Request: GET http://localhost:8050/mcp "HTTP/1.1 200 OK"
INFO:httpx:HTTP Request: POST http://localhost:8050/mcp "HTTP/1.1 200 OK"
INFO:httpx:HTTP Request: POST http://localhost:8050/mcp "HTTP/1.1 200 OK"
INFO:httpx:HTTP Request: DELETE http://localhost:8050/mcp "HTTP/1.1 200 OK"
INFO:httpx:HTTP Request: POST http://localhost:8050/mcp "HTTP/1.1 200 OK"
INFO:mcp.client.streamable_http:Received session ID: 6aed8a27ab9d410e878c2e55fdb31c43
INFO:mcp.client.streamable_http:Negotiated protocol version: 2025-06-18
INFO:httpx:HTTP Request: GET http://localhost:8050/mcp "HTTP/1.1 200 OK"
INFO:httpx:HTTP Request: POST http://localhost:8050/mcp "HTTP/1.1 202 Accepted"
INFO:httpx:HTTP Request: POST http://localhost:8050/mcp "HTTP/1.1 200 OK"
INFO:httpx:HTTP Request: POST http://localhost:8050/mcp "HTTP/1.1 200 OK"
INFO:httpx:HTTP Request: DELETE http://localhost:8050/mcp "HTTP/1.1 200 OK"
INFO:watchfiles.main:4 changes detected
INFO:httpx:HTTP Request: POST http://localhost:8050/mcp "HTTP/1.1 200 OK"
INFO:mcp.client.streamable_http:Received session ID: 2a767162981746a0a5854f5f5a4f81cd
INFO:mcp.client.streamable_http:Negotiated protocol version: 2025-06-18
INFO:httpx:HTTP Request: GET http://localhost:8050/mcp "HTTP/1.1 200 OK"
INFO:httpx:HTTP Request: POST http://localhost:8050/mcp "HTTP/1.1 202 Accepted"
INFO:httpx:HTTP Request: POST http://localhost:8050/mcp "HTTP/1.1 200 OK"
INFO:httpx:HTTP Request: POST http://localhost:8050/mcp "HTTP/1.1 200 OK"
INFO:httpx:HTTP Request: DELETE http://localhost:8050/mcp "HTTP/1.1 200 OK"
INFO:httpx:HTTP Request: POST http://localhost:8050/mcp "HTTP/1.1 200 OK"
INFO:mcp.client.streamable_http:Received session ID: 8d185186514f4e9bae8f2d1fbdaf3986
INFO:mcp.client.streamable_http:Negotiated protocol version: 2025-06-18
INFO:httpx:HTTP Request: GET http://localhost:8050/mcp "HTTP/1.1 200 OK"
INFO:httpx:HTTP Request: POST http://localhost:8050/mcp "HTTP/1.1 202 Accepted"
INFO:httpx:HTTP Request: POST http://localhost:8050/mcp "HTTP/1.1 200 OK"
INFO:httpx:HTTP Request: POST http://localhost:8050/mcp "HTTP/1.1 200 OK"
INFO:httpx:HTTP Request: DELETE http://localhost:8050/mcp "HTTP/1.1 200 OK"
INFO:watchfiles.main:4 changes detected
INFO:httpx:HTTP Request: POST http://localhost:8050/mcp "HTTP/1.1 200 OK"
INFO:mcp.client.streamable_http:Received session ID: 82bedf35c26d485d9bb5c9315ea5f847
INFO:mcp.client.streamable_http:Negotiated protocol version: 2025-06-18
INFO:httpx:HTTP Request: GET http://localhost:8050/mcp "HTTP/1.1 200 OK"
INFO:httpx:HTTP Request: POST http://localhost:8050/mcp "HTTP/1.1 202 Accepted"
INFO:httpx:HTTP Request: POST http://localhost:8050/mcp "HTTP/1.1 200 OK"
INFO:httpx:HTTP Request: POST http://localhost:8050/mcp "HTTP/1.1 200 OK"
INFO:httpx:HTTP Request: DELETE http://localhost:8050/mcp "HTTP/1.1 200 OK"
INFO:httpx:HTTP Request: POST http://localhost:8050/mcp "HTTP/1.1 200 OK"
INFO:mcp.client.streamable_http:Received session ID: 0148dd4289664c1b8b3d6dd6e1d4a09d
INFO:mcp.client.streamable_http:Negotiated protocol version: 2025-06-18
INFO:httpx:HTTP Request: POST http://localhost:8050/mcp "HTTP/1.1 202 Accepted"
INFO:httpx:HTTP Request: GET http://localhost:8050/mcp "HTTP/1.1 200 OK"
INFO:httpx:HTTP Request: POST http://localhost:8050/mcp "HTTP/1.1 200 OK"
INFO:httpx:HTTP Request: POST http://localhost:8050/mcp "HTTP/1.1 200 OK"
INFO:httpx:HTTP Request: DELETE http://localhost:8050/mcp "HTTP/1.1 200 OK"
INFO:watchfiles.main:4 changes detected
INFO:httpx:HTTP Request: POST http://localhost:8050/mcp "HTTP/1.1 200 OK"
INFO:mcp.client.streamable_http:Received session ID: 4461afa414574cc08f5b5232c8414b1a
INFO:mcp.client.streamable_http:Negotiated protocol version: 2025-06-18
INFO:httpx:HTTP Request: GET http://localhost:8050/mcp "HTTP/1.1 200 OK"
INFO:httpx:HTTP Request: POST http://localhost:8050/mcp "HTTP/1.1 202 Accepted"
INFO:httpx:HTTP Request: POST http://localhost:8050/mcp "HTTP/1.1 200 OK"
INFO:httpx:HTTP Request: POST http://localhost:8050/mcp "HTTP/1.1 200 OK"
INFO:httpx:HTTP Request: DELETE http://localhost:8050/mcp "HTTP/1.1 200 OK"
INFO:httpx:HTTP Request: POST http://localhost:8050/mcp "HTTP/1.1 200 OK"
INFO:mcp.client.streamable_http:Received session ID: c4699844d12b4cb19771e811588e1e6c
INFO:mcp.client.streamable_http:Negotiated protocol version: 2025-06-18
INFO:httpx:HTTP Request: GET http://localhost:8050/mcp "HTTP/1.1 200 OK"
INFO:httpx:HTTP Request: POST http://localhost:8050/mcp "HTTP/1.1 202 Accepted"
INFO:httpx:HTTP Request: POST http://localhost:8050/mcp "HTTP/1.1 200 OK"
INFO:httpx:HTTP Request: POST http://localhost:8050/mcp "HTTP/1.1 200 OK"
INFO:httpx:HTTP Request: DELETE http://localhost:8050/mcp "HTTP/1.1 200 OK"
INFO:watchfiles.main:4 changes detected
INFO:httpx:HTTP Request: POST http://localhost:8050/mcp "HTTP/1.1 200 OK"
INFO:mcp.client.streamable_http:Received session ID: 39f57980bd0d43749a82eeb663234604
INFO:mcp.client.streamable_http:Negotiated protocol version: 2025-06-18
INFO:httpx:HTTP Request: GET http://localhost:8050/mcp "HTTP/1.1 200 OK"
INFO:httpx:HTTP Request: POST http://localhost:8050/mcp "HTTP/1.1 202 Accepted"
INFO:httpx:HTTP Request: POST http://localhost:8050/mcp "HTTP/1.1 200 OK"
INFO:httpx:HTTP Request: POST http://localhost:8050/mcp "HTTP/1.1 200 OK"
INFO:httpx:HTTP Request: DELETE http://localhost:8050/mcp "HTTP/1.1 200 OK"
INFO:httpx:HTTP Request: POST http://localhost:8050/mcp "HTTP/1.1 200 OK"
INFO:mcp.client.streamable_http:Received session ID: fd2b5c159b154ffb975a75954a361f19
INFO:mcp.client.streamable_http:Negotiated protocol version: 2025-06-18
INFO:httpx:HTTP Request: GET http://localhost:8050/mcp "HTTP/1.1 200 OK"
INFO:httpx:HTTP Request: POST http://localhost:8050/mcp "HTTP/1.1 202 Accepted"
INFO:httpx:HTTP Request: POST http://localhost:8050/mcp "HTTP/1.1 200 OK"
INFO:httpx:HTTP Request: POST http://localhost:8050/mcp "HTTP/1.1 200 OK"
INFO:httpx:HTTP Request: DELETE http://localhost:8050/mcp "HTTP/1.1 200 OK"
INFO:watchfiles.main:4 changes detected
INFO:httpx:HTTP Request: POST http://localhost:8050/mcp "HTTP/1.1 200 OK"
INFO:mcp.client.streamable_http:Received session ID: 7c5cf1a8b9ac4f60a2d011e8363f59fd
INFO:mcp.client.streamable_http:Negotiated protocol version: 2025-06-18
INFO:httpx:HTTP Request: POST http://localhost:8050/mcp "HTTP/1.1 202 Accepted"
INFO:httpx:HTTP Request: GET http://localhost:8050/mcp "HTTP/1.1 200 OK"
INFO:httpx:HTTP Request: POST http://localhost:8050/mcp "HTTP/1.1 200 OK"
INFO:httpx:HTTP Request: POST http://localhost:8050/mcp "HTTP/1.1 200 OK"
INFO:httpx:HTTP Request: DELETE http://localhost:8050/mcp "HTTP/1.1 200 OK"
INFO:httpx:HTTP Request: POST http://localhost:8050/mcp "HTTP/1.1 200 OK"
INFO:mcp.client.streamable_http:Received session ID: 298157e7b9e04e398ca4eff41e7386fb
INFO:mcp.client.streamable_http:Negotiated protocol version: 2025-06-18
INFO:httpx:HTTP Request: GET http://localhost:8050/mcp "HTTP/1.1 200 OK"
INFO:httpx:HTTP Request: POST http://localhost:8050/mcp "HTTP/1.1 202 Accepted"
INFO:httpx:HTTP Request: POST http://localhost:8050/mcp "HTTP/1.1 200 OK"
INFO:httpx:HTTP Request: POST http://localhost:8050/mcp "HTTP/1.1 200 OK"
INFO:httpx:HTTP Request: DELETE http://localhost:8050/mcp "HTTP/1.1 200 OK"
INFO:watchfiles.main:4 changes detected
INFO:httpx:HTTP Request: POST http://localhost:8050/mcp "HTTP/1.1 200 OK"
INFO:mcp.client.streamable_http:Received session ID: e5eb4fbfb27246b1bdf3e6ed78d3656b
INFO:mcp.client.streamable_http:Negotiated protocol version: 2025-06-18
INFO:httpx:HTTP Request: POST http://localhost:8050/mcp "HTTP/1.1 202 Accepted"
INFO:httpx:HTTP Request: GET http://localhost:8050/mcp "HTTP/1.1 200 OK"
INFO:httpx:HTTP Request: POST http://localhost:8050/mcp "HTTP/1.1 200 OK"
INFO:httpx:HTTP Request: POST http://localhost:8050/mcp "HTTP/1.1 200 OK"
INFO:httpx:HTTP Request: DELETE http://localhost:8050/mcp "HTTP/1.1 200 OK"
INFO:httpx:HTTP Request: POST http://localhost:8050/mcp "HTTP/1.1 200 OK"
INFO:mcp.client.streamable_http:Received session ID: 5467df4da2fa4ffbbd3ffb77202bc2c3
INFO:mcp.client.streamable_http:Negotiated protocol version: 2025-06-18
INFO:httpx:HTTP Request: GET http://localhost:8050/mcp "HTTP/1.1 200 OK"
INFO:httpx:HTTP Request: POST http://localhost:8050/mcp "HTTP/1.1 202 Accepted"
INFO:httpx:HTTP Request: POST http://localhost:8050/mcp "HTTP/1.1 200 OK"
INFO:httpx:HTTP Request: POST http://localhost:8050/mcp "HTTP/1.1 200 OK"
INFO:httpx:HTTP Request: DELETE http://localhost:8050/mcp "HTTP/1.1 200 OK"
INFO:watchfiles.main:4 changes detected
INFO:httpx:HTTP Request: POST http://localhost:8050/mcp "HTTP/1.1 200 OK"
INFO:mcp.client.streamable_http:Received session ID: c5141be0ba104486a03f116bf570a39d
INFO:mcp.client.streamable_http:Negotiated protocol version: 2025-06-18
INFO:httpx:HTTP Request: GET http://localhost:8050/mcp "HTTP/1.1 200 OK"
INFO:httpx:HTTP Request: POST http://localhost:8050/mcp "HTTP/1.1 202 Accepted"
INFO:httpx:HTTP Request: POST http://localhost:8050/mcp "HTTP/1.1 200 OK"
INFO:httpx:HTTP Request: POST http://localhost:8050/mcp "HTTP/1.1 200 OK"
INFO:httpx:HTTP Request: DELETE http://localhost:8050/mcp "HTTP/1.1 200 OK"
INFO:httpx:HTTP Request: POST http://localhost:8050/mcp "HTTP/1.1 200 OK"
INFO:mcp.client.streamable_http:Received session ID: a9064775e454449ebd2abebefdbe3be2
INFO:mcp.client.streamable_http:Negotiated protocol version: 2025-06-18
INFO:httpx:HTTP Request: GET http://localhost:8050/mcp "HTTP/1.1 200 OK"
INFO:httpx:HTTP Request: POST http://localhost:8050/mcp "HTTP/1.1 202 Accepted"
INFO:httpx:HTTP Request: POST http://localhost:8050/mcp "HTTP/1.1 200 OK"
INFO:httpx:HTTP Request: POST http://localhost:8050/mcp "HTTP/1.1 200 OK"
INFO:httpx:HTTP Request: DELETE http://localhost:8050/mcp "HTTP/1.1 200 OK"
INFO:watchfiles.main:4 changes detected
INFO:httpx:HTTP Request: POST http://localhost:8050/mcp "HTTP/1.1 200 OK"
INFO:mcp.client.streamable_http:Received session ID: 137e4ae110bf484cb3096370846d282e
INFO:mcp.client.streamable_http:Negotiated protocol version: 2025-06-18
INFO:httpx:HTTP Request: GET http://localhost:8050/mcp "HTTP/1.1 200 OK"
INFO:httpx:HTTP Request: POST http://localhost:8050/mcp "HTTP/1.1 202 Accepted"
INFO:httpx:HTTP Request: POST http://localhost:8050/mcp "HTTP/1.1 200 OK"
INFO:httpx:HTTP Request: POST http://localhost:8050/mcp "HTTP/1.1 200 OK"
INFO:httpx:HTTP Request: DELETE http://localhost:8050/mcp "HTTP/1.1 200 OK"
INFO:httpx:HTTP Request: POST http://localhost:8050/mcp "HTTP/1.1 200 OK"
INFO:mcp.client.streamable_http:Received session ID: a137ac63d6bd418385b11469542210a5
INFO:mcp.client.streamable_http:Negotiated protocol version: 2025-06-18
INFO:httpx:HTTP Request: GET http://localhost:8050/mcp "HTTP/1.1 200 OK"
INFO:httpx:HTTP Request: POST http://localhost:8050/mcp "HTTP/1.1 202 Accepted"
INFO:httpx:HTTP Request: POST http://localhost:8050/mcp "HTTP/1.1 200 OK"
INFO:httpx:HTTP Request: POST http://localhost:8050/mcp "HTTP/1.1 200 OK"
INFO:httpx:HTTP Request: DELETE http://localhost:8050/mcp "HTTP/1.1 200 OK"
INFO:watchfiles.main:4 changes detected
INFO:httpx:HTTP Request: POST http://localhost:8050/mcp "HTTP/1.1 200 OK"
INFO:mcp.client.streamable_http:Received session ID: 6bc2028c933c437abbfa53f72354a2d9
INFO:mcp.client.streamable_http:Negotiated protocol version: 2025-06-18
INFO:httpx:HTTP Request: POST http://localhost:8050/mcp "HTTP/1.1 202 Accepted"
INFO:httpx:HTTP Request: GET http://localhost:8050/mcp "HTTP/1.1 200 OK"
INFO:httpx:HTTP Request: POST http://localhost:8050/mcp "HTTP/1.1 200 OK"
INFO:httpx:HTTP Request: POST http://localhost:8050/mcp "HTTP/1.1 200 OK"
INFO:httpx:HTTP Request: DELETE http://localhost:8050/mcp "HTTP/1.1 200 OK"
INFO:httpx:HTTP Request: POST http://localhost:8050/mcp "HTTP/1.1 200 OK"
INFO:mcp.client.streamable_http:Received session ID: 0fb57be37f814db8997c0892eb371548
INFO:mcp.client.streamable_http:Negotiated protocol version: 2025-06-18
INFO:httpx:HTTP Request: GET http://localhost:8050/mcp "HTTP/1.1 200 OK"
INFO:httpx:HTTP Request: POST http://localhost:8050/mcp "HTTP/1.1 202 Accepted"
INFO:httpx:HTTP Request: POST http://localhost:8050/mcp "HTTP/1.1 200 OK"
INFO:httpx:HTTP Request: POST http://localhost:8050/mcp "HTTP/1.1 200 OK"
INFO:httpx:HTTP Request: DELETE http://localhost:8050/mcp "HTTP/1.1 200 OK"
INFO:watchfiles.main:4 changes detected
INFO:httpx:HTTP Request: POST http://localhost:8050/mcp "HTTP/1.1 200 OK"
INFO:mcp.client.streamable_http:Received session ID: a6fe0b421ee545dea0c825eee2da1665
INFO:mcp.client.streamable_http:Negotiated protocol version: 2025-06-18
INFO:httpx:HTTP Request: GET http://localhost:8050/mcp "HTTP/1.1 200 OK"
INFO:httpx:HTTP Request: POST http://localhost:8050/mcp "HTTP/1.1 202 Accepted"
INFO:httpx:HTTP Request: POST http://localhost:8050/mcp "HTTP/1.1 200 OK"
INFO:httpx:HTTP Request: POST http://localhost:8050/mcp "HTTP/1.1 200 OK"
INFO:httpx:HTTP Request: DELETE http://localhost:8050/mcp "HTTP/1.1 200 OK"
INFO:httpx:HTTP Request: POST http://localhost:8050/mcp "HTTP/1.1 200 OK"
INFO:mcp.client.streamable_http:Received session ID: 61e3ee09870c403f8e6d809a8b74df8c
INFO:mcp.client.streamable_http:Negotiated protocol version: 2025-06-18
INFO:httpx:HTTP Request: GET http://localhost:8050/mcp "HTTP/1.1 200 OK"
INFO:httpx:HTTP Request: POST http://localhost:8050/mcp "HTTP/1.1 202 Accepted"
INFO:httpx:HTTP Request: POST http://localhost:8050/mcp "HTTP/1.1 200 OK"
INFO:httpx:HTTP Request: POST http://localhost:8050/mcp "HTTP/1.1 200 OK"
INFO:httpx:HTTP Request: DELETE http://localhost:8050/mcp "HTTP/1.1 200 OK"
INFO:watchfiles.main:4 changes detected
INFO:httpx:HTTP Request: POST http://localhost:8050/mcp "HTTP/1.1 200 OK"
INFO:mcp.client.streamable_http:Received session ID: 1775f24d35644870a975d1e30a49d5b0
INFO:mcp.client.streamable_http:Negotiated protocol version: 2025-06-18
INFO:httpx:HTTP Request: GET http://localhost:8050/mcp "HTTP/1.1 200 OK"
INFO:httpx:HTTP Request: POST http://localhost:8050/mcp "HTTP/1.1 202 Accepted"
INFO:httpx:HTTP Request: POST http://localhost:8050/mcp "HTTP/1.1 200 OK"
INFO:httpx:HTTP Request: POST http://localhost:8050/mcp "HTTP/1.1 200 OK"
INFO:httpx:HTTP Request: DELETE http://localhost:8050/mcp "HTTP/1.1 200 OK"
INFO:httpx:HTTP Request: POST http://localhost:8050/mcp "HTTP/1.1 200 OK"
INFO:mcp.client.streamable_http:Received session ID: e883e94471e44e52afad22d9ecaac188
INFO:mcp.client.streamable_http:Negotiated protocol version: 2025-06-18
INFO:httpx:HTTP Request: GET http://localhost:8050/mcp "HTTP/1.1 200 OK"
INFO:httpx:HTTP Request: POST http://localhost:8050/mcp "HTTP/1.1 202 Accepted"
INFO:httpx:HTTP Request: POST http://localhost:8050/mcp "HTTP/1.1 200 OK"
INFO:httpx:HTTP Request: POST http://localhost:8050/mcp "HTTP/1.1 200 OK"
INFO:httpx:HTTP Request: DELETE http://localhost:8050/mcp "HTTP/1.1 200 OK"
INFO:watchfiles.main:4 changes detected
INFO:httpx:HTTP Request: POST http://localhost:8050/mcp "HTTP/1.1 200 OK"
INFO:mcp.client.streamable_http:Received session ID: 47054d9680004e2b857c96e0693959a5
INFO:mcp.client.streamable_http:Negotiated protocol version: 2025-06-18
INFO:httpx:HTTP Request: GET http://localhost:8050/mcp "HTTP/1.1 200 OK"
INFO:httpx:HTTP Request: POST http://localhost:8050/mcp "HTTP/1.1 202 Accepted"
INFO:httpx:HTTP Request: POST http://localhost:8050/mcp "HTTP/1.1 200 OK"
INFO:httpx:HTTP Request: POST http://localhost:8050/mcp "HTTP/1.1 200 OK"
INFO:httpx:HTTP Request: DELETE http://localhost:8050/mcp "HTTP/1.1 200 OK"
INFO:httpx:HTTP Request: POST http://localhost:8050/mcp "HTTP/1.1 200 OK"
INFO:mcp.client.streamable_http:Received session ID: 280ed2d860224532a53593bbc6a9fce4
INFO:mcp.client.streamable_http:Negotiated protocol version: 2025-06-18
INFO:httpx:HTTP Request: GET http://localhost:8050/mcp "HTTP/1.1 200 OK"
INFO:httpx:HTTP Request: POST http://localhost:8050/mcp "HTTP/1.1 202 Accepted"
INFO:httpx:HTTP Request: POST http://localhost:8050/mcp "HTTP/1.1 200 OK"
INFO:httpx:HTTP Request: POST http://localhost:8050/mcp "HTTP/1.1 200 OK"
INFO:httpx:HTTP Request: DELETE http://localhost:8050/mcp "HTTP/1.1 200 OK"
INFO:watchfiles.main:4 changes detected
INFO:httpx:HTTP Request: POST http://localhost:8050/mcp "HTTP/1.1 200 OK"
INFO:mcp.client.streamable_http:Received session ID: c209fcdd0d3a4254851e47129e434f3d
INFO:mcp.client.streamable_http:Negotiated protocol version: 2025-06-18
INFO:httpx:HTTP Request: GET http://localhost:8050/mcp "HTTP/1.1 200 OK"
INFO:httpx:HTTP Request: POST http://localhost:8050/mcp "HTTP/1.1 202 Accepted"
INFO:httpx:HTTP Request: POST http://localhost:8050/mcp "HTTP/1.1 200 OK"
INFO:httpx:HTTP Request: POST http://localhost:8050/mcp "HTTP/1.1 200 OK"
INFO:httpx:HTTP Request: DELETE http://localhost:8050/mcp "HTTP/1.1 200 OK"
INFO:httpx:HTTP Request: POST http://localhost:8050/mcp "HTTP/1.1 200 OK"
INFO:mcp.client.streamable_http:Received session ID: 82a7502f4a9148af9e97d8e8a69856ae
INFO:mcp.client.streamable_http:Negotiated protocol version: 2025-06-18
INFO:httpx:HTTP Request: GET http://localhost:8050/mcp "HTTP/1.1 200 OK"
INFO:httpx:HTTP Request: POST http://localhost:8050/mcp "HTTP/1.1 202 Accepted"
INFO:httpx:HTTP Request: POST http://localhost:8050/mcp "HTTP/1.1 200 OK"
INFO:httpx:HTTP Request: POST http://localhost:8050/mcp "HTTP/1.1 200 OK"
INFO:httpx:HTTP Request: DELETE http://localhost:8050/mcp "HTTP/1.1 200 OK"
INFO:watchfiles.main:4 changes detected
INFO:httpx:HTTP Request: POST http://localhost:8050/mcp "HTTP/1.1 200 OK"
INFO:mcp.client.streamable_http:Received session ID: ec9fb44c857d45c9bb8d1ed0b788264b
INFO:mcp.client.streamable_http:Negotiated protocol version: 2025-06-18
INFO:httpx:HTTP Request: GET http://localhost:8050/mcp "HTTP/1.1 200 OK"
INFO:httpx:HTTP Request: POST http://localhost:8050/mcp "HTTP/1.1 202 Accepted"
INFO:httpx:HTTP Request: POST http://localhost:8050/mcp "HTTP/1.1 200 OK"
INFO:httpx:HTTP Request: POST http://localhost:8050/mcp "HTTP/1.1 200 OK"
INFO:httpx:HTTP Request: DELETE http://localhost:8050/mcp "HTTP/1.1 200 OK"
INFO:httpx:HTTP Request: POST http://localhost:8050/mcp "HTTP/1.1 200 OK"
INFO:mcp.client.streamable_http:Received session ID: 922ac76e111946b2933c6d999fb403d1
INFO:mcp.client.streamable_http:Negotiated protocol version: 2025-06-18
INFO:httpx:HTTP Request: GET http://localhost:8050/mcp "HTTP/1.1 200 OK"
INFO:httpx:HTTP Request: POST http://localhost:8050/mcp "HTTP/1.1 202 Accepted"
INFO:httpx:HTTP Request: POST http://localhost:8050/mcp "HTTP/1.1 200 OK"
INFO:httpx:HTTP Request: POST http://localhost:8050/mcp "HTTP/1.1 200 OK"
INFO:httpx:HTTP Request: DELETE http://localhost:8050/mcp "HTTP/1.1 200 OK"
INFO:watchfiles.main:4 changes detected
INFO:httpx:HTTP Request: POST http://localhost:8050/mcp "HTTP/1.1 200 OK"
INFO:mcp.client.streamable_http:Received session ID: cfdcd673199749d48d048822e7cd0870
INFO:mcp.client.streamable_http:Negotiated protocol version: 2025-06-18
INFO:httpx:HTTP Request: GET http://localhost:8050/mcp "HTTP/1.1 200 OK"
INFO:httpx:HTTP Request: POST http://localhost:8050/mcp "HTTP/1.1 202 Accepted"
INFO:httpx:HTTP Request: POST http://localhost:8050/mcp "HTTP/1.1 200 OK"
INFO:httpx:HTTP Request: POST http://localhost:8050/mcp "HTTP/1.1 200 OK"
INFO:httpx:HTTP Request: DELETE http://localhost:8050/mcp "HTTP/1.1 200 OK"
INFO:httpx:HTTP Request: POST http://localhost:8050/mcp "HTTP/1.1 200 OK"
INFO:mcp.client.streamable_http:Received session ID: 635d953134d84dc788b5db2f4756740f
INFO:mcp.client.streamable_http:Negotiated protocol version: 2025-06-18
INFO:httpx:HTTP Request: GET http://localhost:8050/mcp "HTTP/1.1 200 OK"
INFO:httpx:HTTP Request: POST http://localhost:8050/mcp "HTTP/1.1 202 Accepted"
INFO:httpx:HTTP Request: POST http://localhost:8050/mcp "HTTP/1.1 200 OK"
INFO:httpx:HTTP Request: POST http://localhost:8050/mcp "HTTP/1.1 200 OK"
INFO:httpx:HTTP Request: DELETE http://localhost:8050/mcp "HTTP/1.1 200 OK"
INFO:watchfiles.main:4 changes detected
INFO:httpx:HTTP Request: POST http://localhost:8050/mcp "HTTP/1.1 200 OK"
INFO:mcp.client.streamable_http:Received session ID: fe41259099184a9aa854fe6436b181a4
INFO:mcp.client.streamable_http:Negotiated protocol version: 2025-06-18
INFO:httpx:HTTP Request: GET http://localhost:8050/mcp "HTTP/1.1 200 OK"
INFO:httpx:HTTP Request: POST http://localhost:8050/mcp "HTTP/1.1 202 Accepted"
INFO:httpx:HTTP Request: POST http://localhost:8050/mcp "HTTP/1.1 200 OK"
INFO:httpx:HTTP Request: POST http://localhost:8050/mcp "HTTP/1.1 200 OK"
INFO:httpx:HTTP Request: DELETE http://localhost:8050/mcp "HTTP/1.1 200 OK"
INFO:httpx:HTTP Request: POST http://localhost:8050/mcp "HTTP/1.1 200 OK"
INFO:mcp.client.streamable_http:Received session ID: 5cea2a9e5ba94d19b6e3ae4d164ed868
INFO:mcp.client.streamable_http:Negotiated protocol version: 2025-06-18
INFO:httpx:HTTP Request: GET http://localhost:8050/mcp "HTTP/1.1 200 OK"
INFO:httpx:HTTP Request: POST http://localhost:8050/mcp "HTTP/1.1 202 Accepted"
INFO:httpx:HTTP Request: POST http://localhost:8050/mcp "HTTP/1.1 200 OK"
INFO:httpx:HTTP Request: POST http://localhost:8050/mcp "HTTP/1.1 200 OK"
INFO:httpx:HTTP Request: DELETE http://localhost:8050/mcp "HTTP/1.1 200 OK"
INFO:watchfiles.main:4 changes detected
INFO:httpx:HTTP Request: POST http://localhost:8050/mcp "HTTP/1.1 200 OK"
INFO:mcp.client.streamable_http:Received session ID: 84edc9c1a5a0447fb15f1ff6a1193cfe
INFO:mcp.client.streamable_http:Negotiated protocol version: 2025-06-18
INFO:httpx:HTTP Request: GET http://localhost:8050/mcp "HTTP/1.1 200 OK"
INFO:httpx:HTTP Request: POST http://localhost:8050/mcp "HTTP/1.1 202 Accepted"
INFO:httpx:HTTP Request: POST http://localhost:8050/mcp "HTTP/1.1 200 OK"
INFO:httpx:HTTP Request: POST http://localhost:8050/mcp "HTTP/1.1 200 OK"
INFO:httpx:HTTP Request: DELETE http://localhost:8050/mcp "HTTP/1.1 200 OK"
INFO:httpx:HTTP Request: POST http://localhost:8050/mcp "HTTP/1.1 200 OK"
INFO:mcp.client.streamable_http:Received session ID: 811adc85a1234f66b6bb751cec2a3de8
INFO:mcp.client.streamable_http:Negotiated protocol version: 2025-06-18
INFO:httpx:HTTP Request: GET http://localhost:8050/mcp "HTTP/1.1 200 OK"
INFO:httpx:HTTP Request: POST http://localhost:8050/mcp "HTTP/1.1 202 Accepted"
INFO:httpx:HTTP Request: POST http://localhost:8050/mcp "HTTP/1.1 200 OK"
INFO:httpx:HTTP Request: POST http://localhost:8050/mcp "HTTP/1.1 200 OK"
INFO:httpx:HTTP Request: DELETE http://localhost:8050/mcp "HTTP/1.1 200 OK"
INFO:watchfiles.main:4 changes detected
INFO:httpx:HTTP Request: POST http://localhost:8050/mcp "HTTP/1.1 200 OK"
INFO:mcp.client.streamable_http:Received session ID: 61665e0e95b24631b62b4bb4aaf2ff3b
INFO:mcp.client.streamable_http:Negotiated protocol version: 2025-06-18
INFO:httpx:HTTP Request: GET http://localhost:8050/mcp "HTTP/1.1 200 OK"
INFO:httpx:HTTP Request: POST http://localhost:8050/mcp "HTTP/1.1 202 Accepted"
INFO:httpx:HTTP Request: POST http://localhost:8050/mcp "HTTP/1.1 200 OK"
INFO:httpx:HTTP Request: POST http://localhost:8050/mcp "HTTP/1.1 200 OK"
INFO:httpx:HTTP Request: DELETE http://localhost:8050/mcp "HTTP/1.1 200 OK"
INFO:httpx:HTTP Request: POST http://localhost:8050/mcp "HTTP/1.1 200 OK"
INFO:mcp.client.streamable_http:Received session ID: aa93c9d762c04141bd136e0908fc4aa3
INFO:mcp.client.streamable_http:Negotiated protocol version: 2025-06-18
INFO:httpx:HTTP Request: GET http://localhost:8050/mcp "HTTP/1.1 200 OK"
INFO:httpx:HTTP Request: POST http://localhost:8050/mcp "HTTP/1.1 202 Accepted"
INFO:httpx:HTTP Request: POST http://localhost:8050/mcp "HTTP/1.1 200 OK"
INFO:httpx:HTTP Request: POST http://localhost:8050/mcp "HTTP/1.1 200 OK"
INFO:httpx:HTTP Request: DELETE http://localhost:8050/mcp "HTTP/1.1 200 OK"
INFO:watchfiles.main:4 changes detected
INFO:httpx:HTTP Request: POST http://localhost:8050/mcp "HTTP/1.1 200 OK"
INFO:mcp.client.streamable_http:Received session ID: 631203e45c7947939a327273cfacd1a5
INFO:mcp.client.streamable_http:Negotiated protocol version: 2025-06-18
INFO:httpx:HTTP Request: GET http://localhost:8050/mcp "HTTP/1.1 200 OK"
INFO:httpx:HTTP Request: POST http://localhost:8050/mcp "HTTP/1.1 202 Accepted"
INFO:httpx:HTTP Request: POST http://localhost:8050/mcp "HTTP/1.1 200 OK"
INFO:httpx:HTTP Request: POST http://localhost:8050/mcp "HTTP/1.1 200 OK"
INFO:httpx:HTTP Request: DELETE http://localhost:8050/mcp "HTTP/1.1 200 OK"
INFO:httpx:HTTP Request: POST http://localhost:8050/mcp "HTTP/1.1 200 OK"
INFO:mcp.client.streamable_http:Received session ID: 024b48983abf49a1af9edb28d1f37132
INFO:mcp.client.streamable_http:Negotiated protocol version: 2025-06-18
INFO:httpx:HTTP Request: GET http://localhost:8050/mcp "HTTP/1.1 200 OK"
INFO:httpx:HTTP Request: POST http://localhost:8050/mcp "HTTP/1.1 202 Accepted"
INFO:httpx:HTTP Request: POST http://localhost:8050/mcp "HTTP/1.1 200 OK"
INFO:httpx:HTTP Request: POST http://localhost:8050/mcp "HTTP/1.1 200 OK"
INFO:httpx:HTTP Request: DELETE http://localhost:8050/mcp "HTTP/1.1 200 OK"
INFO:watchfiles.main:4 changes detected
INFO:httpx:HTTP Request: POST http://localhost:8050/mcp "HTTP/1.1 200 OK"
INFO:mcp.client.streamable_http:Received session ID: f0d9c75b274c4cfbb24a04ee3011f4c0
INFO:mcp.client.streamable_http:Negotiated protocol version: 2025-06-18
INFO:httpx:HTTP Request: POST http://localhost:8050/mcp "HTTP/1.1 202 Accepted"
INFO:httpx:HTTP Request: GET http://localhost:8050/mcp "HTTP/1.1 200 OK"
INFO:httpx:HTTP Request: POST http://localhost:8050/mcp "HTTP/1.1 200 OK"
INFO:httpx:HTTP Request: POST http://localhost:8050/mcp "HTTP/1.1 200 OK"
INFO:httpx:HTTP Request: DELETE http://localhost:8050/mcp "HTTP/1.1 200 OK"
INFO:httpx:HTTP Request: POST http://localhost:8050/mcp "HTTP/1.1 200 OK"
INFO:mcp.client.streamable_http:Received session ID: 2432276695db488db71583ef30686ba9
INFO:mcp.client.streamable_http:Negotiated protocol version: 2025-06-18
INFO:httpx:HTTP Request: GET http://localhost:8050/mcp "HTTP/1.1 200 OK"
INFO:httpx:HTTP Request: POST http://localhost:8050/mcp "HTTP/1.1 202 Accepted"
INFO:httpx:HTTP Request: POST http://localhost:8050/mcp "HTTP/1.1 200 OK"
INFO:httpx:HTTP Request: POST http://localhost:8050/mcp "HTTP/1.1 200 OK"
INFO:httpx:HTTP Request: DELETE http://localhost:8050/mcp "HTTP/1.1 200 OK"
INFO:watchfiles.main:4 changes detected
INFO:httpx:HTTP Request: POST http://localhost:8050/mcp "HTTP/1.1 200 OK"
INFO:mcp.client.streamable_http:Received session ID: b90996518d324840a53bae2b26da026f
INFO:mcp.client.streamable_http:Negotiated protocol version: 2025-06-18
INFO:httpx:HTTP Request: GET http://localhost:8050/mcp "HTTP/1.1 200 OK"
INFO:httpx:HTTP Request: POST http://localhost:8050/mcp "HTTP/1.1 202 Accepted"
INFO:httpx:HTTP Request: POST http://localhost:8050/mcp "HTTP/1.1 200 OK"
INFO:httpx:HTTP Request: POST http://localhost:8050/mcp "HTTP/1.1 200 OK"
INFO:httpx:HTTP Request: DELETE http://localhost:8050/mcp "HTTP/1.1 200 OK"
INFO:httpx:HTTP Request: POST http://localhost:8050/mcp "HTTP/1.1 200 OK"
INFO:mcp.client.streamable_http:Received session ID: 606dd5f249854547affb5836d3c39fd1
INFO:mcp.client.streamable_http:Negotiated protocol version: 2025-06-18
INFO:httpx:HTTP Request: GET http://localhost:8050/mcp "HTTP/1.1 200 OK"
INFO:httpx:HTTP Request: POST http://localhost:8050/mcp "HTTP/1.1 202 Accepted"
INFO:httpx:HTTP Request: POST http://localhost:8050/mcp "HTTP/1.1 200 OK"
INFO:httpx:HTTP Request: POST http://localhost:8050/mcp "HTTP/1.1 200 OK"
INFO:httpx:HTTP Request: DELETE http://localhost:8050/mcp "HTTP/1.1 200 OK"
INFO:watchfiles.main:4 changes detected
INFO:httpx:HTTP Request: POST http://localhost:8050/mcp "HTTP/1.1 200 OK"
INFO:mcp.client.streamable_http:Received session ID: b4d18b591adf412d8d31f6812aa63bd5
INFO:mcp.client.streamable_http:Negotiated protocol version: 2025-06-18
INFO:httpx:HTTP Request: GET http://localhost:8050/mcp "HTTP/1.1 200 OK"
INFO:httpx:HTTP Request: POST http://localhost:8050/mcp "HTTP/1.1 202 Accepted"
INFO:httpx:HTTP Request: POST http://localhost:8050/mcp "HTTP/1.1 200 OK"
INFO:httpx:HTTP Request: POST http://localhost:8050/mcp "HTTP/1.1 200 OK"
INFO:httpx:HTTP Request: DELETE http://localhost:8050/mcp "HTTP/1.1 200 OK"
INFO:httpx:HTTP Request: POST http://localhost:8050/mcp "HTTP/1.1 200 OK"
INFO:mcp.client.streamable_http:Received session ID: a6eea84541284c88a2dda45978f3fc1d
INFO:mcp.client.streamable_http:Negotiated protocol version: 2025-06-18
INFO:httpx:HTTP Request: GET http://localhost:8050/mcp "HTTP/1.1 200 OK"
INFO:httpx:HTTP Request: POST http://localhost:8050/mcp "HTTP/1.1 202 Accepted"
INFO:httpx:HTTP Request: POST http://localhost:8050/mcp "HTTP/1.1 200 OK"
INFO:httpx:HTTP Request: POST http://localhost:8050/mcp "HTTP/1.1 200 OK"
INFO:httpx:HTTP Request: DELETE http://localhost:8050/mcp "HTTP/1.1 200 OK"
INFO:watchfiles.main:4 changes detected
INFO:httpx:HTTP Request: POST http://localhost:8050/mcp "HTTP/1.1 200 OK"
INFO:mcp.client.streamable_http:Received session ID: a4d8aa330d4e438fa657e4fc242305c2
INFO:mcp.client.streamable_http:Negotiated protocol version: 2025-06-18
INFO:httpx:HTTP Request: GET http://localhost:8050/mcp "HTTP/1.1 200 OK"
INFO:httpx:HTTP Request: POST http://localhost:8050/mcp "HTTP/1.1 202 Accepted"
INFO:httpx:HTTP Request: POST http://localhost:8050/mcp "HTTP/1.1 200 OK"
INFO:httpx:HTTP Request: POST http://localhost:8050/mcp "HTTP/1.1 200 OK"
INFO:httpx:HTTP Request: DELETE http://localhost:8050/mcp "HTTP/1.1 200 OK"
INFO:httpx:HTTP Request: POST http://localhost:8050/mcp "HTTP/1.1 200 OK"
INFO:mcp.client.streamable_http:Received session ID: c28f5b9b9bc94593b91ef93e3bc11037
INFO:mcp.client.streamable_http:Negotiated protocol version: 2025-06-18
INFO:httpx:HTTP Request: GET http://localhost:8050/mcp "HTTP/1.1 200 OK"
INFO:httpx:HTTP Request: POST http://localhost:8050/mcp "HTTP/1.1 202 Accepted"
INFO:httpx:HTTP Request: POST http://localhost:8050/mcp "HTTP/1.1 200 OK"
INFO:httpx:HTTP Request: POST http://localhost:8050/mcp "HTTP/1.1 200 OK"
INFO:httpx:HTTP Request: DELETE http://localhost:8050/mcp "HTTP/1.1 200 OK"
INFO:watchfiles.main:4 changes detected
INFO:httpx:HTTP Request: POST http://localhost:8050/mcp "HTTP/1.1 200 OK"
INFO:mcp.client.streamable_http:Received session ID: 8a33f5698432430bb8282a16ed9daa09
INFO:mcp.client.streamable_http:Negotiated protocol version: 2025-06-18
INFO:httpx:HTTP Request: GET http://localhost:8050/mcp "HTTP/1.1 200 OK"
INFO:httpx:HTTP Request: POST http://localhost:8050/mcp "HTTP/1.1 202 Accepted"
INFO:httpx:HTTP Request: POST http://localhost:8050/mcp "HTTP/1.1 200 OK"
INFO:httpx:HTTP Request: POST http://localhost:8050/mcp "HTTP/1.1 200 OK"
INFO:httpx:HTTP Request: DELETE http://localhost:8050/mcp "HTTP/1.1 200 OK"
INFO:httpx:HTTP Request: POST http://localhost:8050/mcp "HTTP/1.1 200 OK"
INFO:mcp.client.streamable_http:Received session ID: 238e14263d1a4472bd262b0dbdc710c4
INFO:mcp.client.streamable_http:Negotiated protocol version: 2025-06-18
INFO:httpx:HTTP Request: GET http://localhost:8050/mcp "HTTP/1.1 200 OK"
INFO:httpx:HTTP Request: POST http://localhost:8050/mcp "HTTP/1.1 202 Accepted"
INFO:httpx:HTTP Request: POST http://localhost:8050/mcp "HTTP/1.1 200 OK"
INFO:httpx:HTTP Request: POST http://localhost:8050/mcp "HTTP/1.1 200 OK"
INFO:httpx:HTTP Request: DELETE http://localhost:8050/mcp "HTTP/1.1 200 OK"
INFO:watchfiles.main:4 changes detected
INFO:httpx:HTTP Request: POST http://localhost:8050/mcp "HTTP/1.1 200 OK"
INFO:mcp.client.streamable_http:Received session ID: bee1f54e9aae4772aeefd251e7cfaba0
INFO:mcp.client.streamable_http:Negotiated protocol version: 2025-06-18
INFO:httpx:HTTP Request: GET http://localhost:8050/mcp "HTTP/1.1 200 OK"
INFO:httpx:HTTP Request: POST http://localhost:8050/mcp "HTTP/1.1 202 Accepted"
INFO:httpx:HTTP Request: POST http://localhost:8050/mcp "HTTP/1.1 200 OK"
INFO:httpx:HTTP Request: POST http://localhost:8050/mcp "HTTP/1.1 200 OK"
INFO:httpx:HTTP Request: DELETE http://localhost:8050/mcp "HTTP/1.1 200 OK"
INFO:httpx:HTTP Request: POST http://localhost:8050/mcp "HTTP/1.1 200 OK"
INFO:mcp.client.streamable_http:Received session ID: 1533b078a34a4ce2ab3eb073ebcd2c74
INFO:mcp.client.streamable_http:Negotiated protocol version: 2025-06-18
INFO:httpx:HTTP Request: GET http://localhost:8050/mcp "HTTP/1.1 200 OK"
INFO:httpx:HTTP Request: POST http://localhost:8050/mcp "HTTP/1.1 202 Accepted"
INFO:httpx:HTTP Request: POST http://localhost:8050/mcp "HTTP/1.1 200 OK"
INFO:httpx:HTTP Request: POST http://localhost:8050/mcp "HTTP/1.1 200 OK"
INFO:httpx:HTTP Request: DELETE http://localhost:8050/mcp "HTTP/1.1 200 OK"
INFO:watchfiles.main:4 changes detected
INFO:httpx:HTTP Request: POST http://localhost:8050/mcp "HTTP/1.1 200 OK"
INFO:mcp.client.streamable_http:Received session ID: dcaab2ede7b6419d91e61aa40f1d15dd
INFO:mcp.client.streamable_http:Negotiated protocol version: 2025-06-18
INFO:httpx:HTTP Request: GET http://localhost:8050/mcp "HTTP/1.1 200 OK"
INFO:httpx:HTTP Request: POST http://localhost:8050/mcp "HTTP/1.1 202 Accepted"
INFO:httpx:HTTP Request: POST http://localhost:8050/mcp "HTTP/1.1 200 OK"
INFO:httpx:HTTP Request: POST http://localhost:8050/mcp "HTTP/1.1 200 OK"
INFO:httpx:HTTP Request: DELETE http://localhost:8050/mcp "HTTP/1.1 200 OK"
INFO:httpx:HTTP Request: POST http://localhost:8050/mcp "HTTP/1.1 200 OK"
INFO:mcp.client.streamable_http:Received session ID: 44c4dc9a0178407cb0af4a07e4ee799b
INFO:mcp.client.streamable_http:Negotiated protocol version: 2025-06-18
INFO:httpx:HTTP Request: GET http://localhost:8050/mcp "HTTP/1.1 200 OK"
INFO:httpx:HTTP Request: POST http://localhost:8050/mcp "HTTP/1.1 202 Accepted"
INFO:httpx:HTTP Request: POST http://localhost:8050/mcp "HTTP/1.1 200 OK"
INFO:httpx:HTTP Request: POST http://localhost:8050/mcp "HTTP/1.1 200 OK"
INFO:httpx:HTTP Request: DELETE http://localhost:8050/mcp "HTTP/1.1 200 OK"
INFO:watchfiles.main:4 changes detected
INFO:httpx:HTTP Request: POST http://localhost:8050/mcp "HTTP/1.1 200 OK"
INFO:mcp.client.streamable_http:Received session ID: 8c9d433df01b47fab7795619b267dd36
INFO:mcp.client.streamable_http:Negotiated protocol version: 2025-06-18
INFO:httpx:HTTP Request: GET http://localhost:8050/mcp "HTTP/1.1 200 OK"
INFO:httpx:HTTP Request: POST http://localhost:8050/mcp "HTTP/1.1 202 Accepted"
INFO:httpx:HTTP Request: POST http://localhost:8050/mcp "HTTP/1.1 200 OK"
INFO:httpx:HTTP Request: POST http://localhost:8050/mcp "HTTP/1.1 200 OK"
INFO:httpx:HTTP Request: DELETE http://localhost:8050/mcp "HTTP/1.1 200 OK"
INFO:httpx:HTTP Request: POST http://localhost:8050/mcp "HTTP/1.1 200 OK"
INFO:mcp.client.streamable_http:Received session ID: 3e0ad3eefb714a6f856dcde11adc95f9
INFO:mcp.client.streamable_http:Negotiated protocol version: 2025-06-18
INFO:httpx:HTTP Request: GET http://localhost:8050/mcp "HTTP/1.1 200 OK"
INFO:httpx:HTTP Request: POST http://localhost:8050/mcp "HTTP/1.1 202 Accepted"
INFO:httpx:HTTP Request: POST http://localhost:8050/mcp "HTTP/1.1 200 OK"
INFO:httpx:HTTP Request: POST http://localhost:8050/mcp "HTTP/1.1 200 OK"
INFO:httpx:HTTP Request: DELETE http://localhost:8050/mcp "HTTP/1.1 200 OK"
INFO:watchfiles.main:4 changes detected
INFO:httpx:HTTP Request: POST http://localhost:8050/mcp "HTTP/1.1 200 OK"
INFO:mcp.client.streamable_http:Received session ID: 44993ac13dae41e4beae401a16a9ba2f
INFO:mcp.client.streamable_http:Negotiated protocol version: 2025-06-18
INFO:httpx:HTTP Request: GET http://localhost:8050/mcp "HTTP/1.1 200 OK"
INFO:httpx:HTTP Request: POST http://localhost:8050/mcp "HTTP/1.1 202 Accepted"
INFO:httpx:HTTP Request: POST http://localhost:8050/mcp "HTTP/1.1 200 OK"
INFO:httpx:HTTP Request: POST http://localhost:8050/mcp "HTTP/1.1 200 OK"
INFO:httpx:HTTP Request: DELETE http://localhost:8050/mcp "HTTP/1.1 200 OK"
INFO:httpx:HTTP Request: POST http://localhost:8050/mcp "HTTP/1.1 200 OK"
INFO:mcp.client.streamable_http:Received session ID: 9abc35e8c56744e79da4de9fc4c77505
INFO:mcp.client.streamable_http:Negotiated protocol version: 2025-06-18
INFO:httpx:HTTP Request: GET http://localhost:8050/mcp "HTTP/1.1 200 OK"
INFO:httpx:HTTP Request: POST http://localhost:8050/mcp "HTTP/1.1 202 Accepted"
INFO:httpx:HTTP Request: POST http://localhost:8050/mcp "HTTP/1.1 200 OK"
INFO:httpx:HTTP Request: POST http://localhost:8050/mcp "HTTP/1.1 200 OK"
INFO:httpx:HTTP Request: DELETE http://localhost:8050/mcp "HTTP/1.1 200 OK"
INFO:watchfiles.main:4 changes detected
INFO:httpx:HTTP Request: POST http://localhost:8050/mcp "HTTP/1.1 200 OK"
INFO:mcp.client.streamable_http:Received session ID: 3c117af623754ab295b467f503efd239
INFO:mcp.client.streamable_http:Negotiated protocol version: 2025-06-18
INFO:httpx:HTTP Request: GET http://localhost:8050/mcp "HTTP/1.1 200 OK"
INFO:httpx:HTTP Request: POST http://localhost:8050/mcp "HTTP/1.1 202 Accepted"
INFO:httpx:HTTP Request: POST http://localhost:8050/mcp "HTTP/1.1 200 OK"
INFO:httpx:HTTP Request: POST http://localhost:8050/mcp "HTTP/1.1 200 OK"
INFO:httpx:HTTP Request: DELETE http://localhost:8050/mcp "HTTP/1.1 200 OK"
INFO:httpx:HTTP Request: POST http://localhost:8050/mcp "HTTP/1.1 200 OK"
INFO:mcp.client.streamable_http:Received session ID: 5254880054c247a88f819de922a67269
INFO:mcp.client.streamable_http:Negotiated protocol version: 2025-06-18
INFO:httpx:HTTP Request: POST http://localhost:8050/mcp "HTTP/1.1 202 Accepted"
INFO:httpx:HTTP Request: GET http://localhost:8050/mcp "HTTP/1.1 200 OK"
INFO:watchfiles.main:1 change detected
INFO:httpx:HTTP Request: POST http://localhost:8050/mcp "HTTP/1.1 200 OK"
INFO:watchfiles.main:1 change detected
INFO:watchfiles.main:1 change detected
INFO:httpx:HTTP Request: POST http://localhost:8050/mcp "HTTP/1.1 200 OK"
INFO:watchfiles.main:1 change detected
INFO:httpx:HTTP Request: DELETE http://localhost:8050/mcp "HTTP/1.1 200 OK"
INFO:watchfiles.main:5 changes detected
INFO:watchfiles.main:1 change detected
INFO:httpx:HTTP Request: POST http://localhost:8050/mcp "HTTP/1.1 200 OK"
INFO:mcp.client.streamable_http:Received session ID: d3f854d819724b87aecf789f95ae8aeb
INFO:mcp.client.streamable_http:Negotiated protocol version: 2025-06-18
INFO:watchfiles.main:1 change detected
INFO:httpx:HTTP Request: GET http://localhost:8050/mcp "HTTP/1.1 200 OK"
INFO:httpx:HTTP Request: POST http://localhost:8050/mcp "HTTP/1.1 202 Accepted"
INFO:httpx:HTTP Request: POST http://localhost:8050/mcp "HTTP/1.1 200 OK"
INFO:watchfiles.main:1 change detected
INFO:watchfiles.main:1 change detected
INFO:httpx:HTTP Request: POST http://localhost:8050/mcp "HTTP/1.1 200 OK"
INFO:watchfiles.main:1 change detected
INFO:httpx:HTTP Request: DELETE http://localhost:8050/mcp "HTTP/1.1 200 OK"
INFO:watchfiles.main:1 change detected
INFO:watchfiles.main:1 change detected
INFO:httpx:HTTP Request: POST http://localhost:8050/mcp "HTTP/1.1 200 OK"
INFO:mcp.client.streamable_http:Received session ID: b3f50923f34f4f76b92138241f4dcf38
INFO:mcp.client.streamable_http:Negotiated protocol version: 2025-06-18
INFO:httpx:HTTP Request: GET http://localhost:8050/mcp "HTTP/1.1 200 OK"
INFO:httpx:HTTP Request: POST http://localhost:8050/mcp "HTTP/1.1 202 Accepted"
INFO:watchfiles.main:1 change detected
INFO:httpx:HTTP Request: POST http://localhost:8050/mcp "HTTP/1.1 200 OK"
INFO:watchfiles.main:1 change detected
INFO:watchfiles.main:1 change detected
INFO:httpx:HTTP Request: POST http://localhost:8050/mcp "HTTP/1.1 200 OK"
INFO:httpx:HTTP Request: DELETE http://localhost:8050/mcp "HTTP/1.1 200 OK"
INFO:watchfiles.main:1 change detected
INFO:watchfiles.main:4 changes detected
INFO:watchfiles.main:1 change detected
INFO:watchfiles.main:1 change detected
INFO:httpx:HTTP Request: POST http://localhost:8050/mcp "HTTP/1.1 200 OK"
INFO:mcp.client.streamable_http:Received session ID: 56e6f73342b84df38bdfe4540ebc97f8
INFO:mcp.client.streamable_http:Negotiated protocol version: 2025-06-18
INFO:httpx:HTTP Request: GET http://localhost:8050/mcp "HTTP/1.1 200 OK"
INFO:httpx:HTTP Request: POST http://localhost:8050/mcp "HTTP/1.1 202 Accepted"
INFO:watchfiles.main:1 change detected
INFO:httpx:HTTP Request: POST http://localhost:8050/mcp "HTTP/1.1 200 OK"
INFO:watchfiles.main:1 change detected
INFO:httpx:HTTP Request: POST http://localhost:8050/mcp "HTTP/1.1 200 OK"
INFO:watchfiles.main:1 change detected
INFO:httpx:HTTP Request: DELETE http://localhost:8050/mcp "HTTP/1.1 200 OK"
INFO:watchfiles.main:1 change detected
INFO:watchfiles.main:1 change detected
INFO:watchfiles.main:1 change detected
INFO:httpx:HTTP Request: POST http://localhost:8050/mcp "HTTP/1.1 200 OK"
INFO:mcp.client.streamable_http:Received session ID: 619072e8fd7a4c7e8bc28a33b74580ae
INFO:mcp.client.streamable_http:Negotiated protocol version: 2025-06-18
INFO:watchfiles.main:1 change detected
INFO:httpx:HTTP Request: GET http://localhost:8050/mcp "HTTP/1.1 200 OK"
INFO:httpx:HTTP Request: POST http://localhost:8050/mcp "HTTP/1.1 202 Accepted"
INFO:watchfiles.main:1 change detected
INFO:httpx:HTTP Request: POST http://localhost:8050/mcp "HTTP/1.1 200 OK"
INFO:watchfiles.main:1 change detected
INFO:httpx:HTTP Request: POST http://localhost:8050/mcp "HTTP/1.1 200 OK"
INFO:watchfiles.main:1 change detected
INFO:httpx:HTTP Request: DELETE http://localhost:8050/mcp "HTTP/1.1 200 OK"
INFO:watchfiles.main:5 changes detected
INFO:watchfiles.main:1 change detected
INFO:watchfiles.main:1 change detected
INFO:httpx:HTTP Request: POST http://localhost:8050/mcp "HTTP/1.1 200 OK"
INFO:mcp.client.streamable_http:Received session ID: cdf7847257724ebb8d37535ed0c68a6b
INFO:mcp.client.streamable_http:Negotiated protocol version: 2025-06-18
INFO:httpx:HTTP Request: GET http://localhost:8050/mcp "HTTP/1.1 200 OK"
INFO:httpx:HTTP Request: POST http://localhost:8050/mcp "HTTP/1.1 202 Accepted"
INFO:watchfiles.main:1 change detected
INFO:httpx:HTTP Request: POST http://localhost:8050/mcp "HTTP/1.1 200 OK"
INFO:watchfiles.main:1 change detected
INFO:httpx:HTTP Request: POST http://localhost:8050/mcp "HTTP/1.1 200 OK"
INFO:watchfiles.main:1 change detected
INFO:httpx:HTTP Request: DELETE http://localhost:8050/mcp "HTTP/1.1 200 OK"
INFO:watchfiles.main:1 change detected
INFO:watchfiles.main:1 change detected
INFO:watchfiles.main:1 change detected
INFO:httpx:HTTP Request: POST http://localhost:8050/mcp "HTTP/1.1 200 OK"
INFO:mcp.client.streamable_http:Received session ID: f1bc279d45f04378981781132138fab4
INFO:mcp.client.streamable_http:Negotiated protocol version: 2025-06-18
INFO:watchfiles.main:1 change detected
INFO:httpx:HTTP Request: GET http://localhost:8050/mcp "HTTP/1.1 200 OK"
INFO:httpx:HTTP Request: POST http://localhost:8050/mcp "HTTP/1.1 202 Accepted"
INFO:httpx:HTTP Request: POST http://localhost:8050/mcp "HTTP/1.1 200 OK"
INFO:watchfiles.main:1 change detected
INFO:watchfiles.main:1 change detected
INFO:watchfiles.main:1 change detected
INFO:watchfiles.main:1 change detected
INFO:httpx:HTTP Request: POST http://localhost:8050/mcp "HTTP/1.1 200 OK"
INFO:watchfiles.main:1 change detected
INFO:httpx:HTTP Request: DELETE http://localhost:8050/mcp "HTTP/1.1 200 OK"
INFO:watchfiles.main:4 changes detected
INFO:watchfiles.main:1 change detected
INFO:watchfiles.main:1 change detected
INFO:httpx:HTTP Request: POST http://localhost:8050/mcp "HTTP/1.1 200 OK"
INFO:mcp.client.streamable_http:Received session ID: dccc338ae16c4cc8b6449f4644b2fcbe
INFO:mcp.client.streamable_http:Negotiated protocol version: 2025-06-18
INFO:httpx:HTTP Request: GET http://localhost:8050/mcp "HTTP/1.1 200 OK"
INFO:httpx:HTTP Request: POST http://localhost:8050/mcp "HTTP/1.1 202 Accepted"
INFO:httpx:HTTP Request: POST http://localhost:8050/mcp "HTTP/1.1 200 OK"
INFO:mcp.client.streamable_http:Received session ID: d3d892c585d14596943424c7cde69a0c
INFO:mcp.client.streamable_http:Negotiated protocol version: 2025-06-18
INFO:watchfiles.main:1 change detected
INFO:httpx:HTTP Request: POST http://localhost:8050/mcp "HTTP/1.1 202 Accepted"
INFO:httpx:HTTP Request: POST http://localhost:8050/mcp "HTTP/1.1 200 OK"
INFO:httpx:HTTP Request: GET http://localhost:8050/mcp "HTTP/1.1 200 OK"
INFO:watchfiles.main:1 change detected
INFO:httpx:HTTP Request: POST http://localhost:8050/mcp "HTTP/1.1 200 OK"
INFO:httpx:HTTP Request: POST http://localhost:8050/mcp "HTTP/1.1 200 OK"
INFO:watchfiles.main:1 change detected
INFO:httpx:HTTP Request: POST http://localhost:8050/mcp "HTTP/1.1 200 OK"
INFO:httpx:HTTP Request: DELETE http://localhost:8050/mcp "HTTP/1.1 200 OK"
INFO:watchfiles.main:1 change detected
INFO:watchfiles.main:1 change detected
INFO:httpx:HTTP Request: DELETE http://localhost:8050/mcp "HTTP/1.1 200 OK"
INFO:watchfiles.main:1 change detected
INFO:watchfiles.main:1 change detected
INFO:httpx:HTTP Request: POST http://localhost:8050/mcp "HTTP/1.1 200 OK"
INFO:mcp.client.streamable_http:Received session ID: 154f517fd91640358e6107c30433e8a2
INFO:mcp.client.streamable_http:Negotiated protocol version: 2025-06-18
INFO:watchfiles.main:1 change detected
INFO:httpx:HTTP Request: POST http://localhost:8050/mcp "HTTP/1.1 200 OK"
INFO:mcp.client.streamable_http:Received session ID: 9192ab77f0274d449f2bc49de23c67d6
INFO:mcp.client.streamable_http:Negotiated protocol version: 2025-06-18
INFO:httpx:HTTP Request: GET http://localhost:8050/mcp "HTTP/1.1 200 OK"
INFO:httpx:HTTP Request: POST http://localhost:8050/mcp "HTTP/1.1 202 Accepted"
INFO:httpx:HTTP Request: GET http://localhost:8050/mcp "HTTP/1.1 200 OK"
INFO:httpx:HTTP Request: POST http://localhost:8050/mcp "HTTP/1.1 202 Accepted"
INFO:httpx:HTTP Request: POST http://localhost:8050/mcp "HTTP/1.1 200 OK"
INFO:watchfiles.main:1 change detected
INFO:httpx:HTTP Request: POST http://localhost:8050/mcp "HTTP/1.1 200 OK"
INFO:watchfiles.main:1 change detected
INFO:watchfiles.main:1 change detected
INFO:watchfiles.main:1 change detected
INFO:watchfiles.main:1 change detected
INFO:watchfiles.main:1 change detected
INFO:watchfiles.main:1 change detected
INFO:httpx:HTTP Request: POST http://localhost:8050/mcp "HTTP/1.1 200 OK"
INFO:httpx:HTTP Request: POST http://localhost:8050/mcp "HTTP/1.1 200 OK"
INFO:httpx:HTTP Request: DELETE http://localhost:8050/mcp "HTTP/1.1 200 OK"
INFO:watchfiles.main:1 change detected
INFO:watchfiles.main:1 change detected
INFO:watchfiles.main:1 change detected
INFO:httpx:HTTP Request: DELETE http://localhost:8050/mcp "HTTP/1.1 200 OK"
INFO:watchfiles.main:4 changes detected
INFO:watchfiles.main:1 change detected
INFO:httpx:HTTP Request: POST http://localhost:8050/mcp "HTTP/1.1 200 OK"
INFO:mcp.client.streamable_http:Received session ID: d8423fa70161407685eb7e323b4fc790
INFO:mcp.client.streamable_http:Negotiated protocol version: 2025-06-18
INFO:watchfiles.main:1 change detected
INFO:httpx:HTTP Request: POST http://localhost:8050/mcp "HTTP/1.1 200 OK"
INFO:mcp.client.streamable_http:Received session ID: 020e53cba7db42e1ab2c3b555cf25796
INFO:mcp.client.streamable_http:Negotiated protocol version: 2025-06-18
INFO:httpx:HTTP Request: GET http://localhost:8050/mcp "HTTP/1.1 200 OK"
INFO:httpx:HTTP Request: POST http://localhost:8050/mcp "HTTP/1.1 202 Accepted"
INFO:watchfiles.main:1 change detected
INFO:httpx:HTTP Request: GET http://localhost:8050/mcp "HTTP/1.1 200 OK"
INFO:httpx:HTTP Request: POST http://localhost:8050/mcp "HTTP/1.1 202 Accepted"
INFO:httpx:HTTP Request: POST http://localhost:8050/mcp "HTTP/1.1 200 OK"
INFO:httpx:HTTP Request: POST http://localhost:8050/mcp "HTTP/1.1 200 OK"
INFO:watchfiles.main:1 change detected
INFO:watchfiles.main:1 change detected
INFO:httpx:HTTP Request: POST http://localhost:8050/mcp "HTTP/1.1 200 OK"
INFO:watchfiles.main:1 change detected
INFO:httpx:HTTP Request: DELETE http://localhost:8050/mcp "HTTP/1.1 200 OK"
INFO:watchfiles.main:1 change detected
INFO:watchfiles.main:1 change detected
INFO:watchfiles.main:1 change detected
INFO:httpx:HTTP Request: POST http://localhost:8050/mcp "HTTP/1.1 200 OK"
INFO:mcp.client.streamable_http:Received session ID: a31c421dda9542b6bc84a8abace246b3
INFO:mcp.client.streamable_http:Negotiated protocol version: 2025-06-18
INFO:watchfiles.main:1 change detected
INFO:httpx:HTTP Request: GET http://localhost:8050/mcp "HTTP/1.1 200 OK"
INFO:httpx:HTTP Request: POST http://localhost:8050/mcp "HTTP/1.1 202 Accepted"
INFO:httpx:HTTP Request: POST http://localhost:8050/mcp "HTTP/1.1 200 OK"
INFO:watchfiles.main:1 change detected
INFO:watchfiles.main:1 change detected
INFO:watchfiles.main:1 change detected
INFO:watchfiles.main:1 change detected
INFO:watchfiles.main:1 change detected
INFO:watchfiles.main:1 change detected
INFO:watchfiles.main:1 change detected
INFO:watchfiles.main:1 change detected
INFO:watchfiles.main:1 change detected
INFO:watchfiles.main:1 change detected
INFO:watchfiles.main:1 change detected
INFO:watchfiles.main:1 change detected
INFO:httpx:HTTP Request: DELETE http://localhost:8050/mcp "HTTP/1.1 200 OK"
INFO:watchfiles.main:1 change detected
INFO:watchfiles.main:1 change detected
INFO:watchfiles.main:1 change detected
INFO:watchfiles.main:1 change detected
INFO:watchfiles.main:1 change detected
INFO:watchfiles.main:1 change detected
INFO:watchfiles.main:1 change detected
INFO:watchfiles.main:1 change detected
INFO:watchfiles.main:1 change detected
INFO:watchfiles.main:1 change detected
INFO:watchfiles.main:1 change detected
INFO:watchfiles.main:1 change detected
INFO:watchfiles.main:1 change detected
INFO:watchfiles.main:1 change detected
INFO:watchfiles.main:1 change detected
INFO:httpx:HTTP Request: POST http://localhost:8050/mcp "HTTP/1.1 200 OK"
INFO:mcp.client.streamable_http:Received session ID: ad51521609274777b6850585d491a0c8
INFO:mcp.client.streamable_http:Negotiated protocol version: 2025-06-18
INFO:watchfiles.main:1 change detected
INFO:httpx:HTTP Request: POST http://localhost:8050/mcp "HTTP/1.1 200 OK"
INFO:mcp.client.streamable_http:Received session ID: 6e12190ed2cb42e48743ab6040650e79
INFO:mcp.client.streamable_http:Negotiated protocol version: 2025-06-18
INFO:httpx:HTTP Request: POST http://localhost:8050/mcp "HTTP/1.1 200 OK"
INFO:mcp.client.streamable_http:Received session ID: bd4a7e6f691a4b8b859b703c3be9389f
INFO:mcp.client.streamable_http:Negotiated protocol version: 2025-06-18
INFO:httpx:HTTP Request: POST http://localhost:8050/mcp "HTTP/1.1 200 OK"
INFO:mcp.client.streamable_http:Received session ID: 5c77fef3b76d40bf945164ab6f609283
INFO:mcp.client.streamable_http:Negotiated protocol version: 2025-06-18
INFO:httpx:HTTP Request: POST http://localhost:8050/mcp "HTTP/1.1 200 OK"
INFO:mcp.client.streamable_http:Received session ID: cdf028a1636840fdb82e8d80a0becc3e
INFO:mcp.client.streamable_http:Negotiated protocol version: 2025-06-18
INFO:httpx:HTTP Request: POST http://localhost:8050/mcp "HTTP/1.1 200 OK"
INFO:mcp.client.streamable_http:Received session ID: 674ade87d816495a81a9891a17ae57a9
INFO:mcp.client.streamable_http:Negotiated protocol version: 2025-06-18
INFO:httpx:HTTP Request: DELETE http://localhost:8050/mcp "HTTP/1.1 200 OK"
INFO:watchfiles.main:5 changes detected
INFO:watchfiles.main:1 change detected
INFO:httpx:HTTP Request: POST http://localhost:8050/mcp "HTTP/1.1 200 OK"
INFO:mcp.client.streamable_http:Received session ID: b48132181dc146ea98cddd6ea62a12cd
INFO:mcp.client.streamable_http:Negotiated protocol version: 2025-06-18
INFO:watchfiles.main:1 change detected
INFO:httpx:HTTP Request: GET http://localhost:8050/mcp "HTTP/1.1 200 OK"
INFO:httpx:HTTP Request: POST http://localhost:8050/mcp "HTTP/1.1 202 Accepted"
INFO:httpx:HTTP Request: GET http://localhost:8050/mcp "HTTP/1.1 200 OK"
INFO:httpx:HTTP Request: GET http://localhost:8050/mcp "HTTP/1.1 200 OK"
INFO:httpx:HTTP Request: GET http://localhost:8050/mcp "HTTP/1.1 200 OK"
INFO:httpx:HTTP Request: GET http://localhost:8050/mcp "HTTP/1.1 200 OK"
INFO:httpx:HTTP Request: GET http://localhost:8050/mcp "HTTP/1.1 200 OK"
INFO:httpx:HTTP Request: POST http://localhost:8050/mcp "HTTP/1.1 202 Accepted"
INFO:httpx:HTTP Request: POST http://localhost:8050/mcp "HTTP/1.1 202 Accepted"
INFO:httpx:HTTP Request: POST http://localhost:8050/mcp "HTTP/1.1 202 Accepted"
INFO:httpx:HTTP Request: POST http://localhost:8050/mcp "HTTP/1.1 202 Accepted"
INFO:httpx:HTTP Request: POST http://localhost:8050/mcp "HTTP/1.1 202 Accepted"
INFO:httpx:HTTP Request: GET http://localhost:8050/mcp "HTTP/1.1 200 OK"
INFO:httpx:HTTP Request: POST http://localhost:8050/mcp "HTTP/1.1 202 Accepted"
INFO:httpx:HTTP Request: POST http://localhost:8050/mcp "HTTP/1.1 200 OK"
INFO:mcp.client.streamable_http:Received session ID: fc1b28a642644bc6aff2919d81bf9118
INFO:mcp.client.streamable_http:Negotiated protocol version: 2025-06-18
INFO:httpx:HTTP Request: POST http://localhost:8050/mcp "HTTP/1.1 200 OK"
INFO:httpx:HTTP Request: POST http://localhost:8050/mcp "HTTP/1.1 200 OK"
INFO:httpx:HTTP Request: POST http://localhost:8050/mcp "HTTP/1.1 200 OK"
INFO:httpx:HTTP Request: POST http://localhost:8050/mcp "HTTP/1.1 200 OK"
INFO:httpx:HTTP Request: POST http://localhost:8050/mcp "HTTP/1.1 200 OK"
INFO:httpx:HTTP Request: POST http://localhost:8050/mcp "HTTP/1.1 200 OK"
INFO:watchfiles.main:1 change detected
INFO:httpx:HTTP Request: POST http://localhost:8050/mcp "HTTP/1.1 200 OK"
INFO:httpx:HTTP Request: GET http://localhost:8050/mcp "HTTP/1.1 200 OK"
INFO:httpx:HTTP Request: POST http://localhost:8050/mcp "HTTP/1.1 202 Accepted"
INFO:watchfiles.main:1 change detected
INFO:httpx:HTTP Request: POST http://localhost:8050/mcp "HTTP/1.1 200 OK"
INFO:watchfiles.main:1 change detected
INFO:watchfiles.main:1 change detected
INFO:httpx:HTTP Request: POST http://localhost:8050/mcp "HTTP/1.1 200 OK"
INFO:httpx:HTTP Request: POST http://localhost:8050/mcp "HTTP/1.1 200 OK"
INFO:watchfiles.main:1 change detected
INFO:httpx:HTTP Request: DELETE http://localhost:8050/mcp "HTTP/1.1 200 OK"
INFO:watchfiles.main:1 change detected
INFO:watchfiles.main:1 change detected
INFO:httpx:HTTP Request: DELETE http://localhost:8050/mcp "HTTP/1.1 200 OK"
INFO:watchfiles.main:1 change detected
INFO:watchfiles.main:1 change detected
INFO:httpx:HTTP Request: POST http://localhost:8050/mcp "HTTP/1.1 200 OK"
INFO:mcp.client.streamable_http:Received session ID: 06eaf75860104655b211c9cfe66df948
INFO:mcp.client.streamable_http:Negotiated protocol version: 2025-06-18
INFO:watchfiles.main:1 change detected
INFO:httpx:HTTP Request: POST http://localhost:8050/mcp "HTTP/1.1 200 OK"
INFO:mcp.client.streamable_http:Received session ID: 767135a40baf4a14aca75a4ed6ee34e0
INFO:httpx:HTTP Request: POST http://localhost:8050/mcp "HTTP/1.1 200 OK"
INFO:httpx:HTTP Request: POST http://localhost:8050/mcp "HTTP/1.1 200 OK"
INFO:httpx:HTTP Request: POST http://localhost:8050/mcp "HTTP/1.1 200 OK"
INFO:httpx:HTTP Request: POST http://localhost:8050/mcp "HTTP/1.1 200 OK"
INFO:mcp.client.streamable_http:Negotiated protocol version: 2025-06-18
INFO:httpx:HTTP Request: POST http://localhost:8050/mcp "HTTP/1.1 200 OK"
INFO:httpx:HTTP Request: POST http://localhost:8050/mcp "HTTP/1.1 200 OK"
INFO:httpx:HTTP Request: GET http://localhost:8050/mcp "HTTP/1.1 200 OK"
INFO:httpx:HTTP Request: POST http://localhost:8050/mcp "HTTP/1.1 202 Accepted"
INFO:watchfiles.main:1 change detected
INFO:httpx:HTTP Request: GET http://localhost:8050/mcp "HTTP/1.1 200 OK"
INFO:httpx:HTTP Request: POST http://localhost:8050/mcp "HTTP/1.1 202 Accepted"
INFO:httpx:HTTP Request: POST http://localhost:8050/mcp "HTTP/1.1 200 OK"
INFO:httpx:HTTP Request: DELETE http://localhost:8050/mcp "HTTP/1.1 200 OK"
INFO:httpx:HTTP Request: DELETE http://localhost:8050/mcp "HTTP/1.1 200 OK"
INFO:httpx:HTTP Request: DELETE http://localhost:8050/mcp "HTTP/1.1 200 OK"
INFO:watchfiles.main:1 change detected
INFO:watchfiles.main:1 change detected
INFO:httpx:HTTP Request: DELETE http://localhost:8050/mcp "HTTP/1.1 200 OK"
INFO:httpx:HTTP Request: DELETE http://localhost:8050/mcp "HTTP/1.1 200 OK"
INFO:httpx:HTTP Request: DELETE http://localhost:8050/mcp "HTTP/1.1 200 OK"
INFO:watchfiles.main:1 change detected
INFO:watchfiles.main:1 change detected
INFO:watchfiles.main:1 change detected
INFO:watchfiles.main:1 change detected
INFO:watchfiles.main:1 change detected
INFO:watchfiles.main:1 change detected
INFO:watchfiles.main:1 change detected
INFO:watchfiles.main:1 change detected
INFO:watchfiles.main:1 change detected
INFO:watchfiles.main:1 change detected
INFO:watchfiles.main:1 change detected
INFO:httpx:HTTP Request: POST http://localhost:8050/mcp "HTTP/1.1 200 OK"
INFO:httpx:HTTP Request: POST http://localhost:8050/mcp "HTTP/1.1 200 OK"
INFO:mcp.client.streamable_http:Received session ID: 733c0e7b42584d4a8a9dd9a5d7fbbc22
INFO:mcp.client.streamable_http:Negotiated protocol version: 2025-06-18
INFO:watchfiles.main:1 change detected
INFO:httpx:HTTP Request: POST http://localhost:8050/mcp "HTTP/1.1 200 OK"
INFO:httpx:HTTP Request: POST http://localhost:8050/mcp "HTTP/1.1 200 OK"
INFO:mcp.client.streamable_http:Received session ID: 0b543e4e35ef44d683add4c09b55f242
INFO:mcp.client.streamable_http:Negotiated protocol version: 2025-06-18
INFO:httpx:HTTP Request: POST http://localhost:8050/mcp "HTTP/1.1 202 Accepted"
INFO:httpx:HTTP Request: GET http://localhost:8050/mcp "HTTP/1.1 200 OK"
INFO:httpx:HTTP Request: POST http://localhost:8050/mcp "HTTP/1.1 200 OK"
INFO:mcp.client.streamable_http:Received session ID: 19d46dbc31aa4187a934c4f4a8edd505
INFO:mcp.client.streamable_http:Negotiated protocol version: 2025-06-18
INFO:httpx:HTTP Request: POST http://localhost:8050/mcp "HTTP/1.1 200 OK"
INFO:mcp.client.streamable_http:Received session ID: bd41ea5bb77442828af1f33136057f21
INFO:mcp.client.streamable_http:Negotiated protocol version: 2025-06-18
INFO:httpx:HTTP Request: POST http://localhost:8050/mcp "HTTP/1.1 200 OK"
INFO:mcp.client.streamable_http:Received session ID: 699e6ef30d7b44d78fce8eabaa9b9ae2
INFO:mcp.client.streamable_http:Negotiated protocol version: 2025-06-18
INFO:httpx:HTTP Request: POST http://localhost:8050/mcp "HTTP/1.1 200 OK"
INFO:mcp.client.streamable_http:Received session ID: bce8809a975c42b58b7eb04fcba16f77
INFO:mcp.client.streamable_http:Negotiated protocol version: 2025-06-18
INFO:httpx:HTTP Request: GET http://localhost:8050/mcp "HTTP/1.1 200 OK"
INFO:httpx:HTTP Request: POST http://localhost:8050/mcp "HTTP/1.1 202 Accepted"
INFO:httpx:HTTP Request: POST http://localhost:8050/mcp "HTTP/1.1 200 OK"
INFO:httpx:HTTP Request: DELETE http://localhost:8050/mcp "HTTP/1.1 200 OK"
INFO:httpx:HTTP Request: GET http://localhost:8050/mcp "HTTP/1.1 200 OK"
INFO:httpx:HTTP Request: POST http://localhost:8050/mcp "HTTP/1.1 202 Accepted"
INFO:httpx:HTTP Request: POST http://localhost:8050/mcp "HTTP/1.1 202 Accepted"
INFO:watchfiles.main:5 changes detected
INFO:watchfiles.main:1 change detected
INFO:watchfiles.main:1 change detected
INFO:httpx:HTTP Request: GET http://localhost:8050/mcp "HTTP/1.1 200 OK"
INFO:httpx:HTTP Request: GET http://localhost:8050/mcp "HTTP/1.1 200 OK"
INFO:httpx:HTTP Request: GET http://localhost:8050/mcp "HTTP/1.1 200 OK"
INFO:httpx:HTTP Request: POST http://localhost:8050/mcp "HTTP/1.1 202 Accepted"
INFO:httpx:HTTP Request: POST http://localhost:8050/mcp "HTTP/1.1 202 Accepted"
INFO:httpx:HTTP Request: POST http://localhost:8050/mcp "HTTP/1.1 200 OK"
INFO:httpx:HTTP Request: POST http://localhost:8050/mcp "HTTP/1.1 200 OK"
INFO:httpx:HTTP Request: POST http://localhost:8050/mcp "HTTP/1.1 200 OK"
INFO:httpx:HTTP Request: POST http://localhost:8050/mcp "HTTP/1.1 200 OK"
INFO:mcp.client.streamable_http:Received session ID: b955ed326f5f4e1fae8fdb51cc8e8cde
INFO:mcp.client.streamable_http:Negotiated protocol version: 2025-06-18
INFO:httpx:HTTP Request: POST http://localhost:8050/mcp "HTTP/1.1 200 OK"
INFO:httpx:HTTP Request: POST http://localhost:8050/mcp "HTTP/1.1 200 OK"
INFO:watchfiles.main:1 change detected
INFO:httpx:HTTP Request: POST http://localhost:8050/mcp "HTTP/1.1 200 OK"
INFO:httpx:HTTP Request: GET http://localhost:8050/mcp "HTTP/1.1 200 OK"
INFO:httpx:HTTP Request: POST http://localhost:8050/mcp "HTTP/1.1 202 Accepted"
INFO:httpx:HTTP Request: DELETE http://localhost:8050/mcp "HTTP/1.1 200 OK"
INFO:watchfiles.main:1 change detected
INFO:watchfiles.main:1 change detected
INFO:httpx:HTTP Request: POST http://localhost:8050/mcp "HTTP/1.1 200 OK"
INFO:watchfiles.main:1 change detected
INFO:httpx:HTTP Request: POST http://localhost:8050/mcp "HTTP/1.1 200 OK"
INFO:httpx:HTTP Request: POST http://localhost:8050/mcp "HTTP/1.1 200 OK"
INFO:mcp.client.streamable_http:Received session ID: b37afd9196c0455ba668e21084d914d5
INFO:mcp.client.streamable_http:Negotiated protocol version: 2025-06-18
INFO:httpx:HTTP Request: POST http://localhost:8050/mcp "HTTP/1.1 200 OK"
INFO:watchfiles.main:1 change detected
INFO:httpx:HTTP Request: GET http://localhost:8050/mcp "HTTP/1.1 200 OK"
INFO:httpx:HTTP Request: POST http://localhost:8050/mcp "HTTP/1.1 202 Accepted"
INFO:httpx:HTTP Request: DELETE http://localhost:8050/mcp "HTTP/1.1 200 OK"
INFO:httpx:HTTP Request: POST http://localhost:8050/mcp "HTTP/1.1 200 OK"
INFO:watchfiles.main:1 change detected
INFO:watchfiles.main:1 change detected
INFO:httpx:HTTP Request: DELETE http://localhost:8050/mcp "HTTP/1.1 200 OK"
INFO:httpx:HTTP Request: POST http://localhost:8050/mcp "HTTP/1.1 200 OK"
INFO:httpx:HTTP Request: POST http://localhost:8050/mcp "HTTP/1.1 200 OK"
INFO:httpx:HTTP Request: POST http://localhost:8050/mcp "HTTP/1.1 200 OK"
INFO:watchfiles.main:1 change detected
INFO:watchfiles.main:1 change detected
INFO:httpx:HTTP Request: DELETE http://localhost:8050/mcp "HTTP/1.1 200 OK"
INFO:watchfiles.main:1 change detected
INFO:watchfiles.main:1 change detected
INFO:httpx:HTTP Request: POST http://localhost:8050/mcp "HTTP/1.1 200 OK"
INFO:mcp.client.streamable_http:Received session ID: 24726d1ede544893ba66029e1636addc
INFO:mcp.client.streamable_http:Negotiated protocol version: 2025-06-18
INFO:httpx:HTTP Request: POST http://localhost:8050/mcp "HTTP/1.1 200 OK"
INFO:httpx:HTTP Request: POST http://localhost:8050/mcp "HTTP/1.1 200 OK"
INFO:httpx:HTTP Request: DELETE http://localhost:8050/mcp "HTTP/1.1 200 OK"
INFO:httpx:HTTP Request: DELETE http://localhost:8050/mcp "HTTP/1.1 200 OK"
INFO:httpx:HTTP Request: POST http://localhost:8050/mcp "HTTP/1.1 200 OK"
INFO:mcp.client.streamable_http:Received session ID: 02f4fb0bc6db4c39853bf94a8dff1af1
INFO:watchfiles.main:1 change detected
INFO:watchfiles.main:1 change detected
INFO:mcp.client.streamable_http:Negotiated protocol version: 2025-06-18
INFO:watchfiles.main:1 change detected
INFO:watchfiles.main:1 change detected
INFO:httpx:HTTP Request: DELETE http://localhost:8050/mcp "HTTP/1.1 200 OK"
INFO:httpx:HTTP Request: POST http://localhost:8050/mcp "HTTP/1.1 202 Accepted"
INFO:watchfiles.main:1 change detected
INFO:watchfiles.main:1 change detected
INFO:watchfiles.main:1 change detected
INFO:httpx:HTTP Request: DELETE http://localhost:8050/mcp "HTTP/1.1 200 OK"
INFO:httpx:HTTP Request: GET http://localhost:8050/mcp "HTTP/1.1 200 OK"
INFO:httpx:HTTP Request: POST http://localhost:8050/mcp "HTTP/1.1 200 OK"
INFO:mcp.client.streamable_http:Received session ID: 73aa29e122e54a5da2ca2d2c386cd8ca
INFO:mcp.client.streamable_http:Negotiated protocol version: 2025-06-18
INFO:watchfiles.main:1 change detected
INFO:watchfiles.main:1 change detected
INFO:httpx:HTTP Request: GET http://localhost:8050/mcp "HTTP/1.1 200 OK"
INFO:httpx:HTTP Request: POST http://localhost:8050/mcp "HTTP/1.1 202 Accepted"
INFO:watchfiles.main:1 change detected
INFO:httpx:HTTP Request: POST http://localhost:8050/mcp "HTTP/1.1 200 OK"
INFO:mcp.client.streamable_http:Received session ID: c80b9d686b704356a6ee2726a50ea2d3
INFO:mcp.client.streamable_http:Negotiated protocol version: 2025-06-18
INFO:httpx:HTTP Request: POST http://localhost:8050/mcp "HTTP/1.1 200 OK"
INFO:mcp.client.streamable_http:Received session ID: 71429a10803341c481713aa8933960d6
INFO:httpx:HTTP Request: POST http://localhost:8050/mcp "HTTP/1.1 200 OK"
INFO:mcp.client.streamable_http:Negotiated protocol version: 2025-06-18
INFO:httpx:HTTP Request: POST http://localhost:8050/mcp "HTTP/1.1 200 OK"
INFO:mcp.client.streamable_http:Received session ID: 49babac397e44d78ac94f455b704927d
INFO:mcp.client.streamable_http:Negotiated protocol version: 2025-06-18
INFO:httpx:HTTP Request: POST http://localhost:8050/mcp "HTTP/1.1 202 Accepted"
INFO:httpx:HTTP Request: GET http://localhost:8050/mcp "HTTP/1.1 200 OK"
INFO:httpx:HTTP Request: POST http://localhost:8050/mcp "HTTP/1.1 200 OK"
INFO:mcp.client.streamable_http:Received session ID: 925695af6de541a7a78c8a5af0f7b6e2
INFO:mcp.client.streamable_http:Negotiated protocol version: 2025-06-18
INFO:httpx:HTTP Request: POST http://localhost:8050/mcp "HTTP/1.1 200 OK"
INFO:httpx:HTTP Request: POST http://localhost:8050/mcp "HTTP/1.1 202 Accepted"
INFO:httpx:HTTP Request: GET http://localhost:8050/mcp "HTTP/1.1 200 OK"
INFO:httpx:HTTP Request: GET http://localhost:8050/mcp "HTTP/1.1 200 OK"
INFO:httpx:HTTP Request: POST http://localhost:8050/mcp "HTTP/1.1 202 Accepted"
INFO:httpx:HTTP Request: GET http://localhost:8050/mcp "HTTP/1.1 200 OK"
INFO:httpx:HTTP Request: POST http://localhost:8050/mcp "HTTP/1.1 202 Accepted"
INFO:watchfiles.main:1 change detected
INFO:httpx:HTTP Request: POST http://localhost:8050/mcp "HTTP/1.1 200 OK"
INFO:httpx:HTTP Request: GET http://localhost:8050/mcp "HTTP/1.1 200 OK"
INFO:httpx:HTTP Request: POST http://localhost:8050/mcp "HTTP/1.1 202 Accepted"
INFO:httpx:HTTP Request: POST http://localhost:8050/mcp "HTTP/1.1 200 OK"
INFO:httpx:HTTP Request: POST http://localhost:8050/mcp "HTTP/1.1 200 OK"
INFO:httpx:HTTP Request: POST http://localhost:8050/mcp "HTTP/1.1 200 OK"
INFO:watchfiles.main:1 change detected
INFO:httpx:HTTP Request: POST http://localhost:8050/mcp "HTTP/1.1 200 OK"
INFO:watchfiles.main:1 change detected
INFO:watchfiles.main:1 change detected
INFO:httpx:HTTP Request: DELETE http://localhost:8050/mcp "HTTP/1.1 200 OK"
INFO:watchfiles.main:1 change detected
INFO:watchfiles.main:1 change detected
INFO:watchfiles.main:1 change detected
INFO:watchfiles.main:1 change detected
INFO:watchfiles.main:1 change detected
INFO:watchfiles.main:1 change detected
INFO:watchfiles.main:1 change detected
INFO:watchfiles.main:1 change detected
INFO:watchfiles.main:1 change detected
INFO:watchfiles.main:1 change detected
INFO:watchfiles.main:1 change detected
INFO:watchfiles.main:1 change detected
INFO:watchfiles.main:1 change detected
INFO:watchfiles.main:1 change detected
INFO:httpx:HTTP Request: DELETE http://localhost:8050/mcp "HTTP/1.1 200 OK"
INFO:httpx:HTTP Request: DELETE http://localhost:8050/mcp "HTTP/1.1 200 OK"
INFO:watchfiles.main:1 change detected
INFO:watchfiles.main:1 change detected
INFO:httpx:HTTP Request: DELETE http://localhost:8050/mcp "HTTP/1.1 200 OK"
INFO:httpx:HTTP Request: POST http://localhost:8050/mcp "HTTP/1.1 200 OK"
INFO:mcp.client.streamable_http:Received session ID: ab9c289e5ded467ca3ec95b85df22a1f
INFO:mcp.client.streamable_http:Negotiated protocol version: 2025-06-18
INFO:httpx:HTTP Request: POST http://localhost:8050/mcp "HTTP/1.1 200 OK"
INFO:mcp.client.streamable_http:Received session ID: bdeadf70de8546ceb7ba4c8a19a4cf49
INFO:mcp.client.streamable_http:Negotiated protocol version: 2025-06-18
INFO:httpx:HTTP Request: POST http://localhost:8050/mcp "HTTP/1.1 200 OK"
INFO:mcp.client.streamable_http:Received session ID: c39d3d792ea4483c94a541fd2113447d
INFO:mcp.client.streamable_http:Negotiated protocol version: 2025-06-18
INFO:httpx:HTTP Request: POST http://localhost:8050/mcp "HTTP/1.1 200 OK"
INFO:mcp.client.streamable_http:Received session ID: c6a0b373e64d46e9882911d1f1b8754e
INFO:mcp.client.streamable_http:Negotiated protocol version: 2025-06-18
INFO:httpx:HTTP Request: POST http://localhost:8050/mcp "HTTP/1.1 200 OK"
INFO:mcp.client.streamable_http:Received session ID: 782dec68077045eb914cce7fa47ec458
INFO:mcp.client.streamable_http:Negotiated protocol version: 2025-06-18
INFO:httpx:HTTP Request: POST http://localhost:8050/mcp "HTTP/1.1 200 OK"
INFO:mcp.client.streamable_http:Received session ID: 714d71f385544c9c8d82bbf34212b4ce
INFO:mcp.client.streamable_http:Negotiated protocol version: 2025-06-18
INFO:watchfiles.main:5 changes detected
INFO:watchfiles.main:1 change detected
INFO:watchfiles.main:1 change detected
ERROR:mcp.client.streamable_http:Error parsing SSE message
Traceback (most recent call last):
  File "C:\Users\Mbensale\GIT\-Dashboard-AI_beta\.venv\Lib\site-packages\mcp\client\streamable_http.py", line 176, in _handle_sse_event
    await read_stream_writer.send(session_message)
  File "C:\Users\Mbensale\GIT\-Dashboard-AI_beta\.venv\Lib\site-packages\anyio\streams\memory.py", line 243, in send
    self.send_nowait(item)
  File "C:\Users\Mbensale\GIT\-Dashboard-AI_beta\.venv\Lib\site-packages\anyio\streams\memory.py", line 212, in send_nowait
    raise ClosedResourceError
anyio.ClosedResourceError
ERROR:mcp.client.streamable_http:Error parsing SSE message
Traceback (most recent call last):
  File "C:\Users\Mbensale\GIT\-Dashboard-AI_beta\.venv\Lib\site-packages\mcp\client\streamable_http.py", line 176, in _handle_sse_event
    await read_stream_writer.send(session_message)
  File "C:\Users\Mbensale\GIT\-Dashboard-AI_beta\.venv\Lib\site-packages\anyio\streams\memory.py", line 243, in send
    self.send_nowait(item)
  File "C:\Users\Mbensale\GIT\-Dashboard-AI_beta\.venv\Lib\site-packages\anyio\streams\memory.py", line 212, in send_nowait
    raise ClosedResourceError
anyio.ClosedResourceError
ERROR:mcp.client.streamable_http:Error parsing SSE message
Traceback (most recent call last):
  File "C:\Users\Mbensale\GIT\-Dashboard-AI_beta\.venv\Lib\site-packages\mcp\client\streamable_http.py", line 176, in _handle_sse_event
    await read_stream_writer.send(session_message)
  File "C:\Users\Mbensale\GIT\-Dashboard-AI_beta\.venv\Lib\site-packages\anyio\streams\memory.py", line 243, in send
    self.send_nowait(item)
  File "C:\Users\Mbensale\GIT\-Dashboard-AI_beta\.venv\Lib\site-packages\anyio\streams\memory.py", line 212, in send_nowait
    raise ClosedResourceError
anyio.ClosedResourceError
ERROR:mcp.client.streamable_http:Error reading SSE stream:
Traceback (most recent call last):
  File "C:\Users\Mbensale\GIT\-Dashboard-AI_beta\.venv\Lib\site-packages\mcp\client\streamable_http.py", line 176, in _handle_sse_event
    await read_stream_writer.send(session_message)
  File "C:\Users\Mbensale\GIT\-Dashboard-AI_beta\.venv\Lib\site-packages\anyio\streams\memory.py", line 243, in send
    self.send_nowait(item)
  File "C:\Users\Mbensale\GIT\-Dashboard-AI_beta\.venv\Lib\site-packages\anyio\streams\memory.py", line 212, in send_nowait
    raise ClosedResourceError
anyio.ClosedResourceError

During handling of the above exception, another exception occurred:

Traceback (most recent call last):
  File "C:\Users\Mbensale\GIT\-Dashboard-AI_beta\.venv\Lib\site-packages\mcp\client\streamable_http.py", line 329, in _handle_sse_response
    is_complete = await self._handle_sse_event(
                  ^^^^^^^^^^^^^^^^^^^^^^^^^^^^^
  File "C:\Users\Mbensale\GIT\-Dashboard-AI_beta\.venv\Lib\site-packages\mcp\client\streamable_http.py", line 188, in _handle_sse_event
    await read_stream_writer.send(exc)
  File "C:\Users\Mbensale\GIT\-Dashboard-AI_beta\.venv\Lib\site-packages\anyio\streams\memory.py", line 243, in send
    self.send_nowait(item)
  File "C:\Users\Mbensale\GIT\-Dashboard-AI_beta\.venv\Lib\site-packages\anyio\streams\memory.py", line 212, in send_nowait
    raise ClosedResourceError
anyio.ClosedResourceError
ERROR:mcp.client.streamable_http:Error reading SSE stream:
Traceback (most recent call last):
  File "C:\Users\Mbensale\GIT\-Dashboard-AI_beta\.venv\Lib\site-packages\mcp\client\streamable_http.py", line 176, in _handle_sse_event
    await read_stream_writer.send(session_message)
  File "C:\Users\Mbensale\GIT\-Dashboard-AI_beta\.venv\Lib\site-packages\anyio\streams\memory.py", line 243, in send
    self.send_nowait(item)
  File "C:\Users\Mbensale\GIT\-Dashboard-AI_beta\.venv\Lib\site-packages\anyio\streams\memory.py", line 212, in send_nowait
    raise ClosedResourceError
anyio.ClosedResourceError

During handling of the above exception, another exception occurred:

Traceback (most recent call last):
  File "C:\Users\Mbensale\GIT\-Dashboard-AI_beta\.venv\Lib\site-packages\mcp\client\streamable_http.py", line 329, in _handle_sse_response
    is_complete = await self._handle_sse_event(
                  ^^^^^^^^^^^^^^^^^^^^^^^^^^^^^
  File "C:\Users\Mbensale\GIT\-Dashboard-AI_beta\.venv\Lib\site-packages\mcp\client\streamable_http.py", line 188, in _handle_sse_event
    await read_stream_writer.send(exc)
  File "C:\Users\Mbensale\GIT\-Dashboard-AI_beta\.venv\Lib\site-packages\anyio\streams\memory.py", line 243, in send
    self.send_nowait(item)
  File "C:\Users\Mbensale\GIT\-Dashboard-AI_beta\.venv\Lib\site-packages\anyio\streams\memory.py", line 212, in send_nowait
    raise ClosedResourceError
anyio.ClosedResourceError
ERROR:mcp.client.streamable_http:Error reading SSE stream:
Traceback (most recent call last):
  File "C:\Users\Mbensale\GIT\-Dashboard-AI_beta\.venv\Lib\site-packages\mcp\client\streamable_http.py", line 176, in _handle_sse_event
    await read_stream_writer.send(session_message)
  File "C:\Users\Mbensale\GIT\-Dashboard-AI_beta\.venv\Lib\site-packages\anyio\streams\memory.py", line 243, in send
    self.send_nowait(item)
  File "C:\Users\Mbensale\GIT\-Dashboard-AI_beta\.venv\Lib\site-packages\anyio\streams\memory.py", line 212, in send_nowait
    raise ClosedResourceError
anyio.ClosedResourceError

During handling of the above exception, another exception occurred:

Traceback (most recent call last):
  File "C:\Users\Mbensale\GIT\-Dashboard-AI_beta\.venv\Lib\site-packages\mcp\client\streamable_http.py", line 329, in _handle_sse_response
    is_complete = await self._handle_sse_event(
                  ^^^^^^^^^^^^^^^^^^^^^^^^^^^^^
  File "C:\Users\Mbensale\GIT\-Dashboard-AI_beta\.venv\Lib\site-packages\mcp\client\streamable_http.py", line 188, in _handle_sse_event
    await read_stream_writer.send(exc)
  File "C:\Users\Mbensale\GIT\-Dashboard-AI_beta\.venv\Lib\site-packages\anyio\streams\memory.py", line 243, in send
    self.send_nowait(item)
  File "C:\Users\Mbensale\GIT\-Dashboard-AI_beta\.venv\Lib\site-packages\anyio\streams\memory.py", line 212, in send_nowait
    raise ClosedResourceError
anyio.ClosedResourceError
INFO:watchfiles.main:1 change detected
INFO:watchfiles.main:1 change detected
ERROR:mcp.client.streamable_http:Error parsing SSE message
Traceback (most recent call last):
  File "C:\Users\Mbensale\GIT\-Dashboard-AI_beta\.venv\Lib\site-packages\mcp\client\streamable_http.py", line 176, in _handle_sse_event
    await read_stream_writer.send(session_message)
  File "C:\Users\Mbensale\GIT\-Dashboard-AI_beta\.venv\Lib\site-packages\anyio\streams\memory.py", line 243, in send
    self.send_nowait(item)
  File "C:\Users\Mbensale\GIT\-Dashboard-AI_beta\.venv\Lib\site-packages\anyio\streams\memory.py", line 212, in send_nowait
    raise ClosedResourceError
anyio.ClosedResourceError
ERROR:mcp.client.streamable_http:Error reading SSE stream:
Traceback (most recent call last):
  File "C:\Users\Mbensale\GIT\-Dashboard-AI_beta\.venv\Lib\site-packages\mcp\client\streamable_http.py", line 176, in _handle_sse_event
    await read_stream_writer.send(session_message)
  File "C:\Users\Mbensale\GIT\-Dashboard-AI_beta\.venv\Lib\site-packages\anyio\streams\memory.py", line 243, in send
    self.send_nowait(item)
  File "C:\Users\Mbensale\GIT\-Dashboard-AI_beta\.venv\Lib\site-packages\anyio\streams\memory.py", line 212, in send_nowait
    raise ClosedResourceError
anyio.ClosedResourceError

During handling of the above exception, another exception occurred:

Traceback (most recent call last):
  File "C:\Users\Mbensale\GIT\-Dashboard-AI_beta\.venv\Lib\site-packages\mcp\client\streamable_http.py", line 329, in _handle_sse_response
    is_complete = await self._handle_sse_event(
                  ^^^^^^^^^^^^^^^^^^^^^^^^^^^^^
  File "C:\Users\Mbensale\GIT\-Dashboard-AI_beta\.venv\Lib\site-packages\mcp\client\streamable_http.py", line 188, in _handle_sse_event
    await read_stream_writer.send(exc)
  File "C:\Users\Mbensale\GIT\-Dashboard-AI_beta\.venv\Lib\site-packages\anyio\streams\memory.py", line 243, in send
    self.send_nowait(item)
  File "C:\Users\Mbensale\GIT\-Dashboard-AI_beta\.venv\Lib\site-packages\anyio\streams\memory.py", line 212, in send_nowait
    raise ClosedResourceError
anyio.ClosedResourceError
INFO:watchfiles.main:1 change detected
INFO:watchfiles.main:1 change detected
INFO:watchfiles.main:1 change detected
INFO:watchfiles.main:1 change detected
INFO:watchfiles.main:1 change detected
INFO:watchfiles.main:1 change detected
INFO:watchfiles.main:1 change detected
INFO:httpx:HTTP Request: POST http://localhost:8050/mcp "HTTP/1.1 200 OK"
INFO:mcp.client.streamable_http:Received session ID: 5e9daceb71a4451eb1a4ebe43795458d
INFO:mcp.client.streamable_http:Negotiated protocol version: 2025-06-18
INFO:watchfiles.main:1 change detected
INFO:watchfiles.main:1 change detected
INFO:httpx:HTTP Request: GET http://localhost:8050/mcp "HTTP/1.1 200 OK"
INFO:httpx:HTTP Request: GET http://localhost:8050/mcp "HTTP/1.1 200 OK"
INFO:httpx:HTTP Request: GET http://localhost:8050/mcp "HTTP/1.1 200 OK"
INFO:httpx:HTTP Request: GET http://localhost:8050/mcp "HTTP/1.1 200 OK"
INFO:httpx:HTTP Request: GET http://localhost:8050/mcp "HTTP/1.1 200 OK"
INFO:httpx:HTTP Request: POST http://localhost:8050/mcp "HTTP/1.1 202 Accepted"
INFO:httpx:HTTP Request: GET http://localhost:8050/mcp "HTTP/1.1 200 OK"
INFO:httpx:HTTP Request: POST http://localhost:8050/mcp "HTTP/1.1 202 Accepted"
INFO:httpx:HTTP Request: POST http://localhost:8050/mcp "HTTP/1.1 202 Accepted"
INFO:httpx:HTTP Request: POST http://localhost:8050/mcp "HTTP/1.1 202 Accepted"
INFO:httpx:HTTP Request: POST http://localhost:8050/mcp "HTTP/1.1 202 Accepted"
INFO:httpx:HTTP Request: POST http://localhost:8050/mcp "HTTP/1.1 202 Accepted"
INFO:httpx:HTTP Request: POST http://localhost:8050/mcp "HTTP/1.1 200 OK"
INFO:mcp.client.streamable_http:Received session ID: b153e7aee6a348ebad7d4daabdb2222e
INFO:mcp.client.streamable_http:Negotiated protocol version: 2025-06-18
INFO:httpx:HTTP Request: POST http://localhost:8050/mcp "HTTP/1.1 200 OK"
INFO:mcp.client.streamable_http:Received session ID: 84347b92c9414de2a9254f861dbde5f2
INFO:mcp.client.streamable_http:Negotiated protocol version: 2025-06-18
INFO:watchfiles.main:1 change detected
INFO:httpx:HTTP Request: GET http://localhost:8050/mcp "HTTP/1.1 200 OK"
INFO:httpx:HTTP Request: POST http://localhost:8050/mcp "HTTP/1.1 202 Accepted"
INFO:httpx:HTTP Request: GET http://localhost:8050/mcp "HTTP/1.1 200 OK"
INFO:httpx:HTTP Request: GET http://localhost:8050/mcp "HTTP/1.1 200 OK"
INFO:httpx:HTTP Request: POST http://localhost:8050/mcp "HTTP/1.1 202 Accepted"
INFO:httpx:HTTP Request: POST http://localhost:8050/mcp "HTTP/1.1 202 Accepted"
INFO:httpx:HTTP Request: POST http://localhost:8050/mcp "HTTP/1.1 200 OK"
INFO:httpx:HTTP Request: POST http://localhost:8050/mcp "HTTP/1.1 200 OK"
INFO:httpx:HTTP Request: POST http://localhost:8050/mcp "HTTP/1.1 200 OK"
INFO:httpx:HTTP Request: POST http://localhost:8050/mcp "HTTP/1.1 200 OK"
INFO:httpx:HTTP Request: POST http://localhost:8050/mcp "HTTP/1.1 200 OK"
INFO:httpx:HTTP Request: POST http://localhost:8050/mcp "HTTP/1.1 200 OK"
INFO:mcp.client.streamable_http:Received session ID: 81ea8bc1d6364b89b44080898c57486f
INFO:httpx:HTTP Request: POST http://localhost:8050/mcp "HTTP/1.1 200 OK"
INFO:mcp.client.streamable_http:Negotiated protocol version: 2025-06-18
INFO:httpx:HTTP Request: POST http://localhost:8050/mcp "HTTP/1.1 200 OK"
INFO:mcp.client.streamable_http:Received session ID: 6b3175405f6c45a993913c426b92ed6e
INFO:mcp.client.streamable_http:Negotiated protocol version: 2025-06-18
INFO:httpx:HTTP Request: POST http://localhost:8050/mcp "HTTP/1.1 200 OK"
INFO:mcp.client.streamable_http:Received session ID: 6d5547340a7d49e58bb32a852ccd1621
INFO:mcp.client.streamable_http:Negotiated protocol version: 2025-06-18
INFO:httpx:HTTP Request: POST http://localhost:8050/mcp "HTTP/1.1 200 OK"
INFO:mcp.client.streamable_http:Received session ID: 21e9cedb425b4a638db2bf917b03db10
INFO:mcp.client.streamable_http:Negotiated protocol version: 2025-06-18
INFO:httpx:HTTP Request: POST http://localhost:8050/mcp "HTTP/1.1 200 OK"
INFO:httpx:HTTP Request: POST http://localhost:8050/mcp "HTTP/1.1 200 OK"
INFO:httpx:HTTP Request: POST http://localhost:8050/mcp "HTTP/1.1 200 OK"
INFO:watchfiles.main:1 change detected
INFO:httpx:HTTP Request: GET http://localhost:8050/mcp "HTTP/1.1 200 OK"
INFO:httpx:HTTP Request: POST http://localhost:8050/mcp "HTTP/1.1 202 Accepted"
INFO:httpx:HTTP Request: POST http://localhost:8050/mcp "HTTP/1.1 202 Accepted"
INFO:httpx:HTTP Request: POST http://localhost:8050/mcp "HTTP/1.1 202 Accepted"
INFO:httpx:HTTP Request: GET http://localhost:8050/mcp "HTTP/1.1 200 OK"
INFO:httpx:HTTP Request: GET http://localhost:8050/mcp "HTTP/1.1 200 OK"
INFO:httpx:HTTP Request: POST http://localhost:8050/mcp "HTTP/1.1 202 Accepted"
INFO:httpx:HTTP Request: GET http://localhost:8050/mcp "HTTP/1.1 200 OK"
INFO:httpx:HTTP Request: POST http://localhost:8050/mcp "HTTP/1.1 200 OK"
INFO:httpx:HTTP Request: POST http://localhost:8050/mcp "HTTP/1.1 200 OK"
INFO:httpx:HTTP Request: POST http://localhost:8050/mcp "HTTP/1.1 200 OK"
INFO:httpx:HTTP Request: POST http://localhost:8050/mcp "HTTP/1.1 200 OK"
INFO:watchfiles.main:1 change detected
INFO:httpx:HTTP Request: POST http://localhost:8050/mcp "HTTP/1.1 200 OK"
INFO:httpx:HTTP Request: DELETE http://localhost:8050/mcp "HTTP/1.1 200 OK"
INFO:watchfiles.main:1 change detected
INFO:watchfiles.main:1 change detected
INFO:watchfiles.main:1 change detected
INFO:httpx:HTTP Request: POST http://localhost:8050/mcp "HTTP/1.1 200 OK"
INFO:mcp.client.streamable_http:Received session ID: d45e8f5aba4243e2964035c9fee59ce4
INFO:mcp.client.streamable_http:Negotiated protocol version: 2025-06-18
INFO:watchfiles.main:1 change detected
INFO:httpx:HTTP Request: GET http://localhost:8050/mcp "HTTP/1.1 200 OK"
INFO:httpx:HTTP Request: POST http://localhost:8050/mcp "HTTP/1.1 202 Accepted"
INFO:watchfiles.main:1 change detected
INFO:httpx:HTTP Request: POST http://localhost:8050/mcp "HTTP/1.1 200 OK"
INFO:watchfiles.main:1 change detected
INFO:httpx:HTTP Request: DELETE http://localhost:8050/mcp "HTTP/1.1 200 OK"
INFO:watchfiles.main:1 change detected
INFO:watchfiles.main:1 change detected
INFO:watchfiles.main:1 change detected
INFO:httpx:HTTP Request: DELETE http://localhost:8050/mcp "HTTP/1.1 200 OK"
INFO:httpx:HTTP Request: DELETE http://localhost:8050/mcp "HTTP/1.1 200 OK"
INFO:httpx:HTTP Request: DELETE http://localhost:8050/mcp "HTTP/1.1 200 OK"
INFO:httpx:HTTP Request: DELETE http://localhost:8050/mcp "HTTP/1.1 200 OK"
INFO:httpx:HTTP Request: DELETE http://localhost:8050/mcp "HTTP/1.1 200 OK"
INFO:watchfiles.main:1 change detected
INFO:watchfiles.main:1 change detected
INFO:watchfiles.main:1 change detected
INFO:watchfiles.main:1 change detected
INFO:watchfiles.main:1 change detected
INFO:watchfiles.main:1 change detected
INFO:watchfiles.main:1 change detected
INFO:watchfiles.main:1 change detected
INFO:watchfiles.main:1 change detected
INFO:watchfiles.main:1 change detected
INFO:httpx:HTTP Request: POST http://localhost:8050/mcp "HTTP/1.1 200 OK"
INFO:mcp.client.streamable_http:Received session ID: b5464366dd174a01ae88fcd72ae654f7
INFO:mcp.client.streamable_http:Negotiated protocol version: 2025-06-18
INFO:watchfiles.main:1 change detected
INFO:httpx:HTTP Request: POST http://localhost:8050/mcp "HTTP/1.1 200 OK"
INFO:httpx:HTTP Request: POST http://localhost:8050/mcp "HTTP/1.1 200 OK"
ERROR:mcp.client.streamable_http:Error parsing SSE message
Traceback (most recent call last):
  File "C:\Users\Mbensale\GIT\-Dashboard-AI_beta\.venv\Lib\site-packages\mcp\client\streamable_http.py", line 176, in _handle_sse_event
    await read_stream_writer.send(session_message)
  File "C:\Users\Mbensale\GIT\-Dashboard-AI_beta\.venv\Lib\site-packages\anyio\streams\memory.py", line 243, in send
    self.send_nowait(item)
  File "C:\Users\Mbensale\GIT\-Dashboard-AI_beta\.venv\Lib\site-packages\anyio\streams\memory.py", line 212, in send_nowait
    raise ClosedResourceError
anyio.ClosedResourceError
ERROR:mcp.client.streamable_http:Error reading SSE stream:
Traceback (most recent call last):
  File "C:\Users\Mbensale\GIT\-Dashboard-AI_beta\.venv\Lib\site-packages\mcp\client\streamable_http.py", line 176, in _handle_sse_event
    await read_stream_writer.send(session_message)
  File "C:\Users\Mbensale\GIT\-Dashboard-AI_beta\.venv\Lib\site-packages\anyio\streams\memory.py", line 243, in send
    self.send_nowait(item)
  File "C:\Users\Mbensale\GIT\-Dashboard-AI_beta\.venv\Lib\site-packages\anyio\streams\memory.py", line 212, in send_nowait
    raise ClosedResourceError
anyio.ClosedResourceError

During handling of the above exception, another exception occurred:

Traceback (most recent call last):
  File "C:\Users\Mbensale\GIT\-Dashboard-AI_beta\.venv\Lib\site-packages\mcp\client\streamable_http.py", line 329, in _handle_sse_response
    is_complete = await self._handle_sse_event(
                  ^^^^^^^^^^^^^^^^^^^^^^^^^^^^^
  File "C:\Users\Mbensale\GIT\-Dashboard-AI_beta\.venv\Lib\site-packages\mcp\client\streamable_http.py", line 188, in _handle_sse_event
    await read_stream_writer.send(exc)
  File "C:\Users\Mbensale\GIT\-Dashboard-AI_beta\.venv\Lib\site-packages\anyio\streams\memory.py", line 243, in send
    self.send_nowait(item)
  File "C:\Users\Mbensale\GIT\-Dashboard-AI_beta\.venv\Lib\site-packages\anyio\streams\memory.py", line 212, in send_nowait
    raise ClosedResourceError
anyio.ClosedResourceError
ERROR:mcp.client.streamable_http:Error parsing SSE message
Traceback (most recent call last):
  File "C:\Users\Mbensale\GIT\-Dashboard-AI_beta\.venv\Lib\site-packages\mcp\client\streamable_http.py", line 176, in _handle_sse_event
    await read_stream_writer.send(session_message)
  File "C:\Users\Mbensale\GIT\-Dashboard-AI_beta\.venv\Lib\site-packages\anyio\streams\memory.py", line 243, in send
    self.send_nowait(item)
  File "C:\Users\Mbensale\GIT\-Dashboard-AI_beta\.venv\Lib\site-packages\anyio\streams\memory.py", line 212, in send_nowait
    raise ClosedResourceError
anyio.ClosedResourceError
ERROR:mcp.client.streamable_http:Error reading SSE stream:
Traceback (most recent call last):
  File "C:\Users\Mbensale\GIT\-Dashboard-AI_beta\.venv\Lib\site-packages\mcp\client\streamable_http.py", line 176, in _handle_sse_event
    await read_stream_writer.send(session_message)
  File "C:\Users\Mbensale\GIT\-Dashboard-AI_beta\.venv\Lib\site-packages\anyio\streams\memory.py", line 243, in send
    self.send_nowait(item)
  File "C:\Users\Mbensale\GIT\-Dashboard-AI_beta\.venv\Lib\site-packages\anyio\streams\memory.py", line 212, in send_nowait
    raise ClosedResourceError
anyio.ClosedResourceError

During handling of the above exception, another exception occurred:

Traceback (most recent call last):
  File "C:\Users\Mbensale\GIT\-Dashboard-AI_beta\.venv\Lib\site-packages\mcp\client\streamable_http.py", line 329, in _handle_sse_response
    is_complete = await self._handle_sse_event(
                  ^^^^^^^^^^^^^^^^^^^^^^^^^^^^^
  File "C:\Users\Mbensale\GIT\-Dashboard-AI_beta\.venv\Lib\site-packages\mcp\client\streamable_http.py", line 188, in _handle_sse_event
    await read_stream_writer.send(exc)
  File "C:\Users\Mbensale\GIT\-Dashboard-AI_beta\.venv\Lib\site-packages\anyio\streams\memory.py", line 243, in send
    self.send_nowait(item)
  File "C:\Users\Mbensale\GIT\-Dashboard-AI_beta\.venv\Lib\site-packages\anyio\streams\memory.py", line 212, in send_nowait
    raise ClosedResourceError
anyio.ClosedResourceError
INFO:httpx:HTTP Request: POST http://localhost:8050/mcp "HTTP/1.1 200 OK"
INFO:mcp.client.streamable_http:Received session ID: e02709c4a37a42aa98b7965e088737ba
INFO:mcp.client.streamable_http:Negotiated protocol version: 2025-06-18
INFO:watchfiles.main:1 change detected
INFO:watchfiles.main:1 change detected
INFO:httpx:HTTP Request: DELETE http://localhost:8050/mcp "HTTP/1.1 200 OK"
INFO:watchfiles.main:1 change detected
INFO:watchfiles.main:1 change detected
INFO:watchfiles.main:1 change detected
INFO:httpx:HTTP Request: POST http://localhost:8050/mcp "HTTP/1.1 200 OK"
INFO:mcp.client.streamable_http:Received session ID: c0dcc32dc95b4b0b8b6f69151ed78652
INFO:mcp.client.streamable_http:Negotiated protocol version: 2025-06-18
INFO:httpx:HTTP Request: POST http://localhost:8050/mcp "HTTP/1.1 200 OK"
INFO:mcp.client.streamable_http:Received session ID: 0a050669447d42eda987ff0fe692b226
INFO:mcp.client.streamable_http:Negotiated protocol version: 2025-06-18
INFO:httpx:HTTP Request: POST http://localhost:8050/mcp "HTTP/1.1 200 OK"
INFO:mcp.client.streamable_http:Received session ID: a37cba65492a4322a5629b6a92df17a6
INFO:mcp.client.streamable_http:Negotiated protocol version: 2025-06-18
INFO:httpx:HTTP Request: POST http://localhost:8050/mcp "HTTP/1.1 200 OK"
INFO:mcp.client.streamable_http:Received session ID: acddcf38f1fb4344a418d3d0754a662c
INFO:mcp.client.streamable_http:Negotiated protocol version: 2025-06-18
INFO:httpx:HTTP Request: DELETE http://localhost:8050/mcp "HTTP/1.1 200 OK"
INFO:httpx:HTTP Request: DELETE http://localhost:8050/mcp "HTTP/1.1 200 OK"
INFO:httpx:HTTP Request: GET http://localhost:8050/mcp "HTTP/1.1 200 OK"
INFO:httpx:HTTP Request: DELETE http://localhost:8050/mcp "HTTP/1.1 200 OK"
INFO:httpx:HTTP Request: POST http://localhost:8050/mcp "HTTP/1.1 200 OK"
INFO:httpx:HTTP Request: POST http://localhost:8050/mcp "HTTP/1.1 202 Accepted"
INFO:watchfiles.main:1 change detected
INFO:watchfiles.main:1 change detected
INFO:watchfiles.main:1 change detected
INFO:watchfiles.main:1 change detected
INFO:watchfiles.main:1 change detected
INFO:watchfiles.main:1 change detected
INFO:watchfiles.main:1 change detected
INFO:watchfiles.main:1 change detected
INFO:httpx:HTTP Request: POST http://localhost:8050/mcp "HTTP/1.1 202 Accepted"
INFO:httpx:HTTP Request: POST http://localhost:8050/mcp "HTTP/1.1 202 Accepted"
INFO:httpx:HTTP Request: POST http://localhost:8050/mcp "HTTP/1.1 202 Accepted"
INFO:httpx:HTTP Request: GET http://localhost:8050/mcp "HTTP/1.1 200 OK"
INFO:httpx:HTTP Request: GET http://localhost:8050/mcp "HTTP/1.1 200 OK"
INFO:httpx:HTTP Request: GET http://localhost:8050/mcp "HTTP/1.1 200 OK"
INFO:httpx:HTTP Request: POST http://localhost:8050/mcp "HTTP/1.1 202 Accepted"
INFO:httpx:HTTP Request: POST http://localhost:8050/mcp "HTTP/1.1 202 Accepted"
INFO:watchfiles.main:1 change detected
INFO:httpx:HTTP Request: DELETE http://localhost:8050/mcp "HTTP/1.1 200 OK"
INFO:httpx:HTTP Request: POST http://localhost:8050/mcp "HTTP/1.1 200 OK"
INFO:mcp.client.streamable_http:Received session ID: bcbff9a61a134fedb9270035a6fff294
INFO:httpx:HTTP Request: GET http://localhost:8050/mcp "HTTP/1.1 200 OK"
INFO:httpx:HTTP Request: GET http://localhost:8050/mcp "HTTP/1.1 200 OK"
INFO:mcp.client.streamable_http:Negotiated protocol version: 2025-06-18
INFO:httpx:HTTP Request: POST http://localhost:8050/mcp "HTTP/1.1 200 OK"
INFO:mcp.client.streamable_http:Received session ID: ab4acf4ca59041aa9259f377999a626e
INFO:mcp.client.streamable_http:Negotiated protocol version: 2025-06-18
INFO:watchfiles.main:4 changes detected
INFO:watchfiles.main:1 change detected
INFO:httpx:HTTP Request: POST http://localhost:8050/mcp "HTTP/1.1 200 OK"
INFO:httpx:HTTP Request: POST http://localhost:8050/mcp "HTTP/1.1 200 OK"
INFO:mcp.client.streamable_http:Received session ID: 88f5fdbebda546c3bdb378a378d6fb5c
INFO:httpx:HTTP Request: POST http://localhost:8050/mcp "HTTP/1.1 200 OK"
INFO:httpx:HTTP Request: POST http://localhost:8050/mcp "HTTP/1.1 200 OK"
INFO:httpx:HTTP Request: POST http://localhost:8050/mcp "HTTP/1.1 200 OK"
INFO:httpx:HTTP Request: POST http://localhost:8050/mcp "HTTP/1.1 200 OK"
INFO:httpx:HTTP Request: POST http://localhost:8050/mcp "HTTP/1.1 200 OK"
INFO:mcp.client.streamable_http:Negotiated protocol version: 2025-06-18
INFO:httpx:HTTP Request: POST http://localhost:8050/mcp "HTTP/1.1 200 OK"
INFO:mcp.client.streamable_http:Received session ID: a021dbe5e3d74e0bb19effe5ee9fe446
INFO:mcp.client.streamable_http:Negotiated protocol version: 2025-06-18
INFO:httpx:HTTP Request: POST http://localhost:8050/mcp "HTTP/1.1 200 OK"
INFO:mcp.client.streamable_http:Received session ID: 74ffb3841afa4899b65075bafbc8cdcd
INFO:mcp.client.streamable_http:Negotiated protocol version: 2025-06-18
INFO:httpx:HTTP Request: POST http://localhost:8050/mcp "HTTP/1.1 200 OK"
INFO:mcp.client.streamable_http:Received session ID: e64dbb2e2b61438ab2050cfd6bdbc723
INFO:mcp.client.streamable_http:Negotiated protocol version: 2025-06-18
INFO:watchfiles.main:1 change detected
INFO:httpx:HTTP Request: POST http://localhost:8050/mcp "HTTP/1.1 202 Accepted"
INFO:httpx:HTTP Request: GET http://localhost:8050/mcp "HTTP/1.1 200 OK"
INFO:httpx:HTTP Request: POST http://localhost:8050/mcp "HTTP/1.1 202 Accepted"
INFO:httpx:HTTP Request: GET http://localhost:8050/mcp "HTTP/1.1 200 OK"
INFO:httpx:HTTP Request: POST http://localhost:8050/mcp "HTTP/1.1 200 OK"
INFO:mcp.client.streamable_http:Received session ID: f604fcfd6e6445bfb5c5a0f4de64dabd
INFO:mcp.client.streamable_http:Negotiated protocol version: 2025-06-18
INFO:httpx:HTTP Request: GET http://localhost:8050/mcp "HTTP/1.1 200 OK"
INFO:httpx:HTTP Request: POST http://localhost:8050/mcp "HTTP/1.1 202 Accepted"
INFO:httpx:HTTP Request: GET http://localhost:8050/mcp "HTTP/1.1 200 OK"
INFO:httpx:HTTP Request: POST http://localhost:8050/mcp "HTTP/1.1 202 Accepted"
INFO:httpx:HTTP Request: GET http://localhost:8050/mcp "HTTP/1.1 200 OK"
INFO:httpx:HTTP Request: POST http://localhost:8050/mcp "HTTP/1.1 202 Accepted"
INFO:httpx:HTTP Request: POST http://localhost:8050/mcp "HTTP/1.1 202 Accepted"
INFO:httpx:HTTP Request: GET http://localhost:8050/mcp "HTTP/1.1 200 OK"
INFO:watchfiles.main:1 change detected
INFO:httpx:HTTP Request: POST http://localhost:8050/mcp "HTTP/1.1 200 OK"
INFO:httpx:HTTP Request: POST http://localhost:8050/mcp "HTTP/1.1 200 OK"
INFO:httpx:HTTP Request: POST http://localhost:8050/mcp "HTTP/1.1 202 Accepted"
INFO:httpx:HTTP Request: GET http://localhost:8050/mcp "HTTP/1.1 200 OK"
INFO:httpx:HTTP Request: POST http://localhost:8050/mcp "HTTP/1.1 200 OK"
INFO:httpx:HTTP Request: POST http://localhost:8050/mcp "HTTP/1.1 200 OK"
INFO:httpx:HTTP Request: POST http://localhost:8050/mcp "HTTP/1.1 200 OK"
INFO:httpx:HTTP Request: POST http://localhost:8050/mcp "HTTP/1.1 200 OK"
INFO:httpx:HTTP Request: POST http://localhost:8050/mcp "HTTP/1.1 200 OK"
INFO:watchfiles.main:1 change detected
INFO:watchfiles.main:1 change detected
INFO:watchfiles.main:1 change detected
INFO:httpx:HTTP Request: DELETE http://localhost:8050/mcp "HTTP/1.1 200 OK"
INFO:httpx:HTTP Request: POST http://localhost:8050/mcp "HTTP/1.1 200 OK"
INFO:watchfiles.main:1 change detected
INFO:watchfiles.main:1 change detected
INFO:httpx:HTTP Request: DELETE http://localhost:8050/mcp "HTTP/1.1 200 OK"
INFO:watchfiles.main:1 change detected
INFO:watchfiles.main:1 change detected
INFO:httpx:HTTP Request: POST http://localhost:8050/mcp "HTTP/1.1 200 OK"
INFO:mcp.client.streamable_http:Received session ID: bde805b564524895be20129364ea59f4
INFO:mcp.client.streamable_http:Negotiated protocol version: 2025-06-18
INFO:watchfiles.main:1 change detected
ERROR:mcp.client.streamable_http:Error parsing SSE message
Traceback (most recent call last):
  File "C:\Users\Mbensale\GIT\-Dashboard-AI_beta\.venv\Lib\site-packages\mcp\client\streamable_http.py", line 176, in _handle_sse_event
    await read_stream_writer.send(session_message)
  File "C:\Users\Mbensale\GIT\-Dashboard-AI_beta\.venv\Lib\site-packages\anyio\streams\memory.py", line 243, in send
    self.send_nowait(item)
  File "C:\Users\Mbensale\GIT\-Dashboard-AI_beta\.venv\Lib\site-packages\anyio\streams\memory.py", line 212, in send_nowait
    raise ClosedResourceError
anyio.ClosedResourceError
ERROR:mcp.client.streamable_http:Error reading SSE stream:
Traceback (most recent call last):
  File "C:\Users\Mbensale\GIT\-Dashboard-AI_beta\.venv\Lib\site-packages\mcp\client\streamable_http.py", line 176, in _handle_sse_event
    await read_stream_writer.send(session_message)
  File "C:\Users\Mbensale\GIT\-Dashboard-AI_beta\.venv\Lib\site-packages\anyio\streams\memory.py", line 243, in send
    self.send_nowait(item)
  File "C:\Users\Mbensale\GIT\-Dashboard-AI_beta\.venv\Lib\site-packages\anyio\streams\memory.py", line 212, in send_nowait
    raise ClosedResourceError
anyio.ClosedResourceError

During handling of the above exception, another exception occurred:

Traceback (most recent call last):
  File "C:\Users\Mbensale\GIT\-Dashboard-AI_beta\.venv\Lib\site-packages\mcp\client\streamable_http.py", line 329, in _handle_sse_response
    is_complete = await self._handle_sse_event(
                  ^^^^^^^^^^^^^^^^^^^^^^^^^^^^^
  File "C:\Users\Mbensale\GIT\-Dashboard-AI_beta\.venv\Lib\site-packages\mcp\client\streamable_http.py", line 188, in _handle_sse_event
    await read_stream_writer.send(exc)
  File "C:\Users\Mbensale\GIT\-Dashboard-AI_beta\.venv\Lib\site-packages\anyio\streams\memory.py", line 243, in send
    self.send_nowait(item)
  File "C:\Users\Mbensale\GIT\-Dashboard-AI_beta\.venv\Lib\site-packages\anyio\streams\memory.py", line 212, in send_nowait
    raise ClosedResourceError
anyio.ClosedResourceError
INFO:watchfiles.main:1 change detected
INFO:watchfiles.main:1 change detected
ERROR:mcp.client.streamable_http:Error parsing SSE message
Traceback (most recent call last):
  File "C:\Users\Mbensale\GIT\-Dashboard-AI_beta\.venv\Lib\site-packages\mcp\client\streamable_http.py", line 176, in _handle_sse_event
    await read_stream_writer.send(session_message)
  File "C:\Users\Mbensale\GIT\-Dashboard-AI_beta\.venv\Lib\site-packages\anyio\streams\memory.py", line 243, in send
    self.send_nowait(item)
  File "C:\Users\Mbensale\GIT\-Dashboard-AI_beta\.venv\Lib\site-packages\anyio\streams\memory.py", line 212, in send_nowait
    raise ClosedResourceError
anyio.ClosedResourceError
ERROR:mcp.client.streamable_http:Error parsing SSE message
Traceback (most recent call last):
  File "C:\Users\Mbensale\GIT\-Dashboard-AI_beta\.venv\Lib\site-packages\mcp\client\streamable_http.py", line 176, in _handle_sse_event
    await read_stream_writer.send(session_message)
  File "C:\Users\Mbensale\GIT\-Dashboard-AI_beta\.venv\Lib\site-packages\anyio\streams\memory.py", line 243, in send
    self.send_nowait(item)
  File "C:\Users\Mbensale\GIT\-Dashboard-AI_beta\.venv\Lib\site-packages\anyio\streams\memory.py", line 212, in send_nowait
    raise ClosedResourceError
anyio.ClosedResourceError
ERROR:mcp.client.streamable_http:Error parsing SSE message
Traceback (most recent call last):
  File "C:\Users\Mbensale\GIT\-Dashboard-AI_beta\.venv\Lib\site-packages\mcp\client\streamable_http.py", line 176, in _handle_sse_event
    await read_stream_writer.send(session_message)
  File "C:\Users\Mbensale\GIT\-Dashboard-AI_beta\.venv\Lib\site-packages\anyio\streams\memory.py", line 243, in send
    self.send_nowait(item)
  File "C:\Users\Mbensale\GIT\-Dashboard-AI_beta\.venv\Lib\site-packages\anyio\streams\memory.py", line 212, in send_nowait
    raise ClosedResourceError
anyio.ClosedResourceError
ERROR:mcp.client.streamable_http:Error parsing SSE message
Traceback (most recent call last):
  File "C:\Users\Mbensale\GIT\-Dashboard-AI_beta\.venv\Lib\site-packages\mcp\client\streamable_http.py", line 176, in _handle_sse_event
    await read_stream_writer.send(session_message)
  File "C:\Users\Mbensale\GIT\-Dashboard-AI_beta\.venv\Lib\site-packages\anyio\streams\memory.py", line 243, in send
    self.send_nowait(item)
  File "C:\Users\Mbensale\GIT\-Dashboard-AI_beta\.venv\Lib\site-packages\anyio\streams\memory.py", line 212, in send_nowait
    raise ClosedResourceError
anyio.ClosedResourceError
ERROR:mcp.client.streamable_http:Error reading SSE stream:
Traceback (most recent call last):
  File "C:\Users\Mbensale\GIT\-Dashboard-AI_beta\.venv\Lib\site-packages\mcp\client\streamable_http.py", line 176, in _handle_sse_event
    await read_stream_writer.send(session_message)
  File "C:\Users\Mbensale\GIT\-Dashboard-AI_beta\.venv\Lib\site-packages\anyio\streams\memory.py", line 243, in send
    self.send_nowait(item)
  File "C:\Users\Mbensale\GIT\-Dashboard-AI_beta\.venv\Lib\site-packages\anyio\streams\memory.py", line 212, in send_nowait
    raise ClosedResourceError
anyio.ClosedResourceError

During handling of the above exception, another exception occurred:

Traceback (most recent call last):
  File "C:\Users\Mbensale\GIT\-Dashboard-AI_beta\.venv\Lib\site-packages\mcp\client\streamable_http.py", line 329, in _handle_sse_response
    is_complete = await self._handle_sse_event(
                  ^^^^^^^^^^^^^^^^^^^^^^^^^^^^^
  File "C:\Users\Mbensale\GIT\-Dashboard-AI_beta\.venv\Lib\site-packages\mcp\client\streamable_http.py", line 188, in _handle_sse_event
    await read_stream_writer.send(exc)
  File "C:\Users\Mbensale\GIT\-Dashboard-AI_beta\.venv\Lib\site-packages\anyio\streams\memory.py", line 243, in send
    self.send_nowait(item)
  File "C:\Users\Mbensale\GIT\-Dashboard-AI_beta\.venv\Lib\site-packages\anyio\streams\memory.py", line 212, in send_nowait
    raise ClosedResourceError
anyio.ClosedResourceError
ERROR:mcp.client.streamable_http:Error reading SSE stream:
Traceback (most recent call last):
  File "C:\Users\Mbensale\GIT\-Dashboard-AI_beta\.venv\Lib\site-packages\mcp\client\streamable_http.py", line 176, in _handle_sse_event
    await read_stream_writer.send(session_message)
  File "C:\Users\Mbensale\GIT\-Dashboard-AI_beta\.venv\Lib\site-packages\anyio\streams\memory.py", line 243, in send
    self.send_nowait(item)
  File "C:\Users\Mbensale\GIT\-Dashboard-AI_beta\.venv\Lib\site-packages\anyio\streams\memory.py", line 212, in send_nowait
    raise ClosedResourceError
anyio.ClosedResourceError

During handling of the above exception, another exception occurred:

Traceback (most recent call last):
  File "C:\Users\Mbensale\GIT\-Dashboard-AI_beta\.venv\Lib\site-packages\mcp\client\streamable_http.py", line 329, in _handle_sse_response
    is_complete = await self._handle_sse_event(
                  ^^^^^^^^^^^^^^^^^^^^^^^^^^^^^
  File "C:\Users\Mbensale\GIT\-Dashboard-AI_beta\.venv\Lib\site-packages\mcp\client\streamable_http.py", line 188, in _handle_sse_event
    await read_stream_writer.send(exc)
  File "C:\Users\Mbensale\GIT\-Dashboard-AI_beta\.venv\Lib\site-packages\anyio\streams\memory.py", line 243, in send
    self.send_nowait(item)
  File "C:\Users\Mbensale\GIT\-Dashboard-AI_beta\.venv\Lib\site-packages\anyio\streams\memory.py", line 212, in send_nowait
    raise ClosedResourceError
anyio.ClosedResourceError
ERROR:mcp.client.streamable_http:Error reading SSE stream:
Traceback (most recent call last):
  File "C:\Users\Mbensale\GIT\-Dashboard-AI_beta\.venv\Lib\site-packages\mcp\client\streamable_http.py", line 176, in _handle_sse_event
    await read_stream_writer.send(session_message)
  File "C:\Users\Mbensale\GIT\-Dashboard-AI_beta\.venv\Lib\site-packages\anyio\streams\memory.py", line 243, in send
    self.send_nowait(item)
  File "C:\Users\Mbensale\GIT\-Dashboard-AI_beta\.venv\Lib\site-packages\anyio\streams\memory.py", line 212, in send_nowait
    raise ClosedResourceError
anyio.ClosedResourceError

During handling of the above exception, another exception occurred:

Traceback (most recent call last):
  File "C:\Users\Mbensale\GIT\-Dashboard-AI_beta\.venv\Lib\site-packages\mcp\client\streamable_http.py", line 329, in _handle_sse_response
    is_complete = await self._handle_sse_event(
                  ^^^^^^^^^^^^^^^^^^^^^^^^^^^^^
  File "C:\Users\Mbensale\GIT\-Dashboard-AI_beta\.venv\Lib\site-packages\mcp\client\streamable_http.py", line 188, in _handle_sse_event
    await read_stream_writer.send(exc)
  File "C:\Users\Mbensale\GIT\-Dashboard-AI_beta\.venv\Lib\site-packages\anyio\streams\memory.py", line 243, in send
    self.send_nowait(item)
  File "C:\Users\Mbensale\GIT\-Dashboard-AI_beta\.venv\Lib\site-packages\anyio\streams\memory.py", line 212, in send_nowait
    raise ClosedResourceError
anyio.ClosedResourceError
ERROR:mcp.client.streamable_http:Error reading SSE stream:
Traceback (most recent call last):
  File "C:\Users\Mbensale\GIT\-Dashboard-AI_beta\.venv\Lib\site-packages\mcp\client\streamable_http.py", line 176, in _handle_sse_event
    await read_stream_writer.send(session_message)
  File "C:\Users\Mbensale\GIT\-Dashboard-AI_beta\.venv\Lib\site-packages\anyio\streams\memory.py", line 243, in send
    self.send_nowait(item)
  File "C:\Users\Mbensale\GIT\-Dashboard-AI_beta\.venv\Lib\site-packages\anyio\streams\memory.py", line 212, in send_nowait
    raise ClosedResourceError
anyio.ClosedResourceError

During handling of the above exception, another exception occurred:

Traceback (most recent call last):
  File "C:\Users\Mbensale\GIT\-Dashboard-AI_beta\.venv\Lib\site-packages\mcp\client\streamable_http.py", line 329, in _handle_sse_response
    is_complete = await self._handle_sse_event(
                  ^^^^^^^^^^^^^^^^^^^^^^^^^^^^^
  File "C:\Users\Mbensale\GIT\-Dashboard-AI_beta\.venv\Lib\site-packages\mcp\client\streamable_http.py", line 188, in _handle_sse_event
    await read_stream_writer.send(exc)
  File "C:\Users\Mbensale\GIT\-Dashboard-AI_beta\.venv\Lib\site-packages\anyio\streams\memory.py", line 243, in send
    self.send_nowait(item)
  File "C:\Users\Mbensale\GIT\-Dashboard-AI_beta\.venv\Lib\site-packages\anyio\streams\memory.py", line 212, in send_nowait
    raise ClosedResourceError
anyio.ClosedResourceError
INFO:watchfiles.main:1 change detected
INFO:watchfiles.main:1 change detected
INFO:watchfiles.main:1 change detected
INFO:watchfiles.main:1 change detected
INFO:watchfiles.main:1 change detected
INFO:watchfiles.main:1 change detected
INFO:watchfiles.main:1 change detected
INFO:httpx:HTTP Request: GET http://localhost:8050/mcp "HTTP/1.1 200 OK"
INFO:httpx:HTTP Request: POST http://localhost:8050/mcp "HTTP/1.1 202 Accepted"
INFO:httpx:HTTP Request: POST http://localhost:8050/mcp "HTTP/1.1 200 OK"
INFO:mcp.client.streamable_http:Received session ID: 86da0b6b6c8f4b61b8901742b9d3b43c
INFO:mcp.client.streamable_http:Negotiated protocol version: 2025-06-18
INFO:httpx:HTTP Request: POST http://localhost:8050/mcp "HTTP/1.1 200 OK"
INFO:mcp.client.streamable_http:Received session ID: 510421ca42dc476580d175c796710dc2
INFO:mcp.client.streamable_http:Negotiated protocol version: 2025-06-18
INFO:watchfiles.main:1 change detected
INFO:httpx:HTTP Request: GET http://localhost:8050/mcp "HTTP/1.1 200 OK"
INFO:httpx:HTTP Request: POST http://localhost:8050/mcp "HTTP/1.1 202 Accepted"
INFO:httpx:HTTP Request: POST http://localhost:8050/mcp "HTTP/1.1 202 Accepted"
INFO:httpx:HTTP Request: GET http://localhost:8050/mcp "HTTP/1.1 200 OK"
INFO:httpx:HTTP Request: POST http://localhost:8050/mcp "HTTP/1.1 200 OK"
INFO:httpx:HTTP Request: POST http://localhost:8050/mcp "HTTP/1.1 200 OK"
INFO:httpx:HTTP Request: POST http://localhost:8050/mcp "HTTP/1.1 200 OK"
INFO:httpx:HTTP Request: POST http://localhost:8050/mcp "HTTP/1.1 200 OK"
INFO:httpx:HTTP Request: POST http://localhost:8050/mcp "HTTP/1.1 200 OK"
INFO:httpx:HTTP Request: POST http://localhost:8050/mcp "HTTP/1.1 200 OK"
INFO:httpx:HTTP Request: POST http://localhost:8050/mcp "HTTP/1.1 200 OK"
INFO:httpx:HTTP Request: POST http://localhost:8050/mcp "HTTP/1.1 200 OK"
INFO:mcp.client.streamable_http:Received session ID: cfd20a6773294412b655b2afec0197cb
INFO:mcp.client.streamable_http:Negotiated protocol version: 2025-06-18
INFO:httpx:HTTP Request: POST http://localhost:8050/mcp "HTTP/1.1 200 OK"
INFO:mcp.client.streamable_http:Received session ID: 4d151be164474ab0b0871532210754fa
INFO:mcp.client.streamable_http:Negotiated protocol version: 2025-06-18
INFO:httpx:HTTP Request: POST http://localhost:8050/mcp "HTTP/1.1 200 OK"
INFO:mcp.client.streamable_http:Received session ID: 60393ac5621f48c7a119797705a9c667
INFO:mcp.client.streamable_http:Negotiated protocol version: 2025-06-18
INFO:httpx:HTTP Request: POST http://localhost:8050/mcp "HTTP/1.1 200 OK"
INFO:mcp.client.streamable_http:Received session ID: 48656e7c79e64062b47a8f52864a8bdc
INFO:mcp.client.streamable_http:Negotiated protocol version: 2025-06-18
INFO:httpx:HTTP Request: POST http://localhost:8050/mcp "HTTP/1.1 200 OK"
INFO:httpx:HTTP Request: POST http://localhost:8050/mcp "HTTP/1.1 200 OK"
INFO:watchfiles.main:1 change detected
INFO:httpx:HTTP Request: POST http://localhost:8050/mcp "HTTP/1.1 202 Accepted"
INFO:httpx:HTTP Request: GET http://localhost:8050/mcp "HTTP/1.1 200 OK"
INFO:httpx:HTTP Request: DELETE http://localhost:8050/mcp "HTTP/1.1 200 OK"
INFO:httpx:HTTP Request: DELETE http://localhost:8050/mcp "HTTP/1.1 200 OK"
INFO:httpx:HTTP Request: DELETE http://localhost:8050/mcp "HTTP/1.1 200 OK"
INFO:httpx:HTTP Request: POST http://localhost:8050/mcp "HTTP/1.1 202 Accepted"
INFO:httpx:HTTP Request: POST http://localhost:8050/mcp "HTTP/1.1 202 Accepted"
INFO:httpx:HTTP Request: DELETE http://localhost:8050/mcp "HTTP/1.1 200 OK"
INFO:httpx:HTTP Request: DELETE http://localhost:8050/mcp "HTTP/1.1 200 OK"
INFO:httpx:HTTP Request: POST http://localhost:8050/mcp "HTTP/1.1 202 Accepted"
INFO:watchfiles.main:1 change detected
INFO:httpx:HTTP Request: GET http://localhost:8050/mcp "HTTP/1.1 200 OK"
INFO:httpx:HTTP Request: DELETE http://localhost:8050/mcp "HTTP/1.1 200 OK"
INFO:httpx:HTTP Request: GET http://localhost:8050/mcp "HTTP/1.1 200 OK"
INFO:httpx:HTTP Request: GET http://localhost:8050/mcp "HTTP/1.1 200 OK"
INFO:watchfiles.main:1 change detected
INFO:httpx:HTTP Request: POST http://localhost:8050/mcp "HTTP/1.1 200 OK"
INFO:watchfiles.main:1 change detected
INFO:watchfiles.main:1 change detected
INFO:httpx:HTTP Request: POST http://localhost:8050/mcp "HTTP/1.1 200 OK"
INFO:mcp.client.streamable_http:Received session ID: 0ed529061e334e43a34e26d66e705e98
INFO:mcp.client.streamable_http:Negotiated protocol version: 2025-06-18
INFO:httpx:HTTP Request: POST http://localhost:8050/mcp "HTTP/1.1 200 OK"
INFO:httpx:HTTP Request: POST http://localhost:8050/mcp "HTTP/1.1 200 OK"
INFO:httpx:HTTP Request: POST http://localhost:8050/mcp "HTTP/1.1 200 OK"
INFO:httpx:HTTP Request: POST http://localhost:8050/mcp "HTTP/1.1 200 OK"
INFO:mcp.client.streamable_http:Received session ID: 3f8b18cf3339440888555396b7e150a0
INFO:mcp.client.streamable_http:Negotiated protocol version: 2025-06-18
INFO:httpx:HTTP Request: POST http://localhost:8050/mcp "HTTP/1.1 200 OK"
INFO:mcp.client.streamable_http:Received session ID: 658e0fab909d48e0afeae17300b56789
INFO:mcp.client.streamable_http:Negotiated protocol version: 2025-06-18
INFO:watchfiles.main:1 change detected
INFO:httpx:HTTP Request: POST http://localhost:8050/mcp "HTTP/1.1 200 OK"
INFO:httpx:HTTP Request: POST http://localhost:8050/mcp "HTTP/1.1 200 OK"
INFO:mcp.client.streamable_http:Received session ID: ec41b94de4f54fb8a8e83286da9d1787
INFO:httpx:HTTP Request: POST http://localhost:8050/mcp "HTTP/1.1 200 OK"
INFO:httpx:HTTP Request: POST http://localhost:8050/mcp "HTTP/1.1 200 OK"
INFO:httpx:HTTP Request: POST http://localhost:8050/mcp "HTTP/1.1 200 OK"
INFO:mcp.client.streamable_http:Negotiated protocol version: 2025-06-18
INFO:httpx:HTTP Request: GET http://localhost:8050/mcp "HTTP/1.1 200 OK"
INFO:httpx:HTTP Request: POST http://localhost:8050/mcp "HTTP/1.1 202 Accepted"
INFO:httpx:HTTP Request: POST http://localhost:8050/mcp "HTTP/1.1 202 Accepted"
INFO:httpx:HTTP Request: POST http://localhost:8050/mcp "HTTP/1.1 202 Accepted"
INFO:httpx:HTTP Request: GET http://localhost:8050/mcp "HTTP/1.1 200 OK"
INFO:httpx:HTTP Request: GET http://localhost:8050/mcp "HTTP/1.1 200 OK"
INFO:httpx:HTTP Request: POST http://localhost:8050/mcp "HTTP/1.1 200 OK"
INFO:mcp.client.streamable_http:Received session ID: 7e778a4bca9e440c84d4901017d0a177
INFO:mcp.client.streamable_http:Negotiated protocol version: 2025-06-18
INFO:httpx:HTTP Request: POST http://localhost:8050/mcp "HTTP/1.1 200 OK"
INFO:mcp.client.streamable_http:Received session ID: 1cb6d7e8b385402db3688397bc7b27af
INFO:mcp.client.streamable_http:Negotiated protocol version: 2025-06-18
INFO:httpx:HTTP Request: GET http://localhost:8050/mcp "HTTP/1.1 200 OK"
INFO:httpx:HTTP Request: POST http://localhost:8050/mcp "HTTP/1.1 202 Accepted"
INFO:httpx:HTTP Request: POST http://localhost:8050/mcp "HTTP/1.1 200 OK"
INFO:httpx:HTTP Request: DELETE http://localhost:8050/mcp "HTTP/1.1 200 OK"
INFO:httpx:HTTP Request: DELETE http://localhost:8050/mcp "HTTP/1.1 200 OK"
INFO:httpx:HTTP Request: DELETE http://localhost:8050/mcp "HTTP/1.1 200 OK"
INFO:httpx:HTTP Request: DELETE http://localhost:8050/mcp "HTTP/1.1 200 OK"
INFO:httpx:HTTP Request: POST http://localhost:8050/mcp "HTTP/1.1 202 Accepted"
INFO:watchfiles.main:5 changes detected
INFO:httpx:HTTP Request: POST http://localhost:8050/mcp "HTTP/1.1 202 Accepted"
INFO:watchfiles.main:1 change detected
INFO:httpx:HTTP Request: GET http://localhost:8050/mcp "HTTP/1.1 200 OK"
INFO:httpx:HTTP Request: GET http://localhost:8050/mcp "HTTP/1.1 200 OK"
INFO:httpx:HTTP Request: POST http://localhost:8050/mcp "HTTP/1.1 200 OK"
INFO:httpx:HTTP Request: POST http://localhost:8050/mcp "HTTP/1.1 200 OK"
INFO:watchfiles.main:1 change detected
INFO:watchfiles.main:1 change detected
INFO:httpx:HTTP Request: POST http://localhost:8050/mcp "HTTP/1.1 200 OK"
INFO:httpx:HTTP Request: POST http://localhost:8050/mcp "HTTP/1.1 200 OK"
INFO:httpx:HTTP Request: POST http://localhost:8050/mcp "HTTP/1.1 200 OK"
INFO:httpx:HTTP Request: POST http://localhost:8050/mcp "HTTP/1.1 200 OK"
INFO:mcp.client.streamable_http:Received session ID: b84486f24d98421dbbb05c9eafee666f
INFO:mcp.client.streamable_http:Negotiated protocol version: 2025-06-18
INFO:httpx:HTTP Request: POST http://localhost:8050/mcp "HTTP/1.1 200 OK"
INFO:httpx:HTTP Request: POST http://localhost:8050/mcp "HTTP/1.1 200 OK"
INFO:httpx:HTTP Request: POST http://localhost:8050/mcp "HTTP/1.1 200 OK"
INFO:httpx:HTTP Request: POST http://localhost:8050/mcp "HTTP/1.1 200 OK"
INFO:httpx:HTTP Request: POST http://localhost:8050/mcp "HTTP/1.1 200 OK"
INFO:httpx:HTTP Request: POST http://localhost:8050/mcp "HTTP/1.1 200 OK"
INFO:httpx:HTTP Request: POST http://localhost:8050/mcp "HTTP/1.1 200 OK"
INFO:mcp.client.streamable_http:Received session ID: 7228177f56cb4fb08ad090e080b6e628
INFO:mcp.client.streamable_http:Negotiated protocol version: 2025-06-18
INFO:httpx:HTTP Request: POST http://localhost:8050/mcp "HTTP/1.1 200 OK"
INFO:mcp.client.streamable_http:Received session ID: a18ca3feb0ee4029b38c065d638c7d74
INFO:mcp.client.streamable_http:Negotiated protocol version: 2025-06-18
INFO:httpx:HTTP Request: POST http://localhost:8050/mcp "HTTP/1.1 200 OK"
INFO:mcp.client.streamable_http:Received session ID: 9dc3d14f001c4b3c9a983e81539e2477
INFO:mcp.client.streamable_http:Negotiated protocol version: 2025-06-18
INFO:watchfiles.main:1 change detected
INFO:httpx:HTTP Request: GET http://localhost:8050/mcp "HTTP/1.1 200 OK"
INFO:httpx:HTTP Request: POST http://localhost:8050/mcp "HTTP/1.1 202 Accepted"
INFO:httpx:HTTP Request: DELETE http://localhost:8050/mcp "HTTP/1.1 200 OK"
INFO:httpx:HTTP Request: POST http://localhost:8050/mcp "HTTP/1.1 202 Accepted"
INFO:watchfiles.main:1 change detected
INFO:watchfiles.main:1 change detected
INFO:watchfiles.main:1 change detected
INFO:httpx:HTTP Request: DELETE http://localhost:8050/mcp "HTTP/1.1 200 OK"
INFO:httpx:HTTP Request: DELETE http://localhost:8050/mcp "HTTP/1.1 200 OK"
INFO:httpx:HTTP Request: DELETE http://localhost:8050/mcp "HTTP/1.1 200 OK"
INFO:httpx:HTTP Request: DELETE http://localhost:8050/mcp "HTTP/1.1 200 OK"
INFO:httpx:HTTP Request: POST http://localhost:8050/mcp "HTTP/1.1 202 Accepted"
INFO:httpx:HTTP Request: GET http://localhost:8050/mcp "HTTP/1.1 200 OK"
INFO:httpx:HTTP Request: GET http://localhost:8050/mcp "HTTP/1.1 200 OK"
INFO:httpx:HTTP Request: GET http://localhost:8050/mcp "HTTP/1.1 200 OK"
INFO:httpx:HTTP Request: DELETE http://localhost:8050/mcp "HTTP/1.1 200 OK"
INFO:httpx:HTTP Request: POST http://localhost:8050/mcp "HTTP/1.1 202 Accepted"
INFO:watchfiles.main:1 change detected
INFO:watchfiles.main:1 change detected
INFO:watchfiles.main:1 change detected
INFO:watchfiles.main:1 change detected
INFO:watchfiles.main:1 change detected
INFO:httpx:HTTP Request: POST http://localhost:8050/mcp "HTTP/1.1 200 OK"
INFO:httpx:HTTP Request: POST http://localhost:8050/mcp "HTTP/1.1 200 OK"
INFO:httpx:HTTP Request: POST http://localhost:8050/mcp "HTTP/1.1 200 OK"
INFO:httpx:HTTP Request: POST http://localhost:8050/mcp "HTTP/1.1 200 OK"
INFO:httpx:HTTP Request: POST http://localhost:8050/mcp "HTTP/1.1 200 OK"
INFO:httpx:HTTP Request: POST http://localhost:8050/mcp "HTTP/1.1 200 OK"
INFO:mcp.client.streamable_http:Received session ID: 4d31d6d56b374fe587a178355294fa25
INFO:mcp.client.streamable_http:Negotiated protocol version: 2025-06-18
INFO:watchfiles.main:1 change detected
INFO:httpx:HTTP Request: POST http://localhost:8050/mcp "HTTP/1.1 200 OK"
INFO:httpx:HTTP Request: POST http://localhost:8050/mcp "HTTP/1.1 200 OK"
INFO:httpx:HTTP Request: POST http://localhost:8050/mcp "HTTP/1.1 200 OK"
INFO:mcp.client.streamable_http:Received session ID: 3dd1209d99f44c4e80022cd0b3a382d3
INFO:mcp.client.streamable_http:Negotiated protocol version: 2025-06-18
INFO:httpx:HTTP Request: POST http://localhost:8050/mcp "HTTP/1.1 200 OK"
INFO:mcp.client.streamable_http:Received session ID: 11c72583ec6542549dc1e74882d771b5
INFO:mcp.client.streamable_http:Negotiated protocol version: 2025-06-18
INFO:httpx:HTTP Request: POST http://localhost:8050/mcp "HTTP/1.1 200 OK"
INFO:mcp.client.streamable_http:Received session ID: b7ccb41f4146413092b00740e1f1180d
INFO:mcp.client.streamable_http:Negotiated protocol version: 2025-06-18
INFO:httpx:HTTP Request: GET http://localhost:8050/mcp "HTTP/1.1 200 OK"
INFO:httpx:HTTP Request: POST http://localhost:8050/mcp "HTTP/1.1 202 Accepted"
INFO:httpx:HTTP Request: DELETE http://localhost:8050/mcp "HTTP/1.1 200 OK"
INFO:httpx:HTTP Request: POST http://localhost:8050/mcp "HTTP/1.1 200 OK"
INFO:mcp.client.streamable_http:Received session ID: dc38fb42f00a47b58bebba90b266ef02
INFO:mcp.client.streamable_http:Negotiated protocol version: 2025-06-18
INFO:httpx:HTTP Request: POST http://localhost:8050/mcp "HTTP/1.1 200 OK"
INFO:mcp.client.streamable_http:Received session ID: 9d9f8d1e7088409fb67c723a2fb78158
INFO:mcp.client.streamable_http:Negotiated protocol version: 2025-06-18
INFO:httpx:HTTP Request: POST http://localhost:8050/mcp "HTTP/1.1 200 OK"
INFO:watchfiles.main:1 change detected
INFO:watchfiles.main:1 change detected
INFO:watchfiles.main:1 change detected
INFO:httpx:HTTP Request: DELETE http://localhost:8050/mcp "HTTP/1.1 200 OK"
INFO:httpx:HTTP Request: GET http://localhost:8050/mcp "HTTP/1.1 200 OK"
INFO:httpx:HTTP Request: GET http://localhost:8050/mcp "HTTP/1.1 200 OK"
INFO:httpx:HTTP Request: GET http://localhost:8050/mcp "HTTP/1.1 200 OK"
INFO:httpx:HTTP Request: POST http://localhost:8050/mcp "HTTP/1.1 202 Accepted"
INFO:httpx:HTTP Request: POST http://localhost:8050/mcp "HTTP/1.1 202 Accepted"
INFO:httpx:HTTP Request: DELETE http://localhost:8050/mcp "HTTP/1.1 200 OK"
INFO:httpx:HTTP Request: POST http://localhost:8050/mcp "HTTP/1.1 200 OK"
INFO:httpx:HTTP Request: POST http://localhost:8050/mcp "HTTP/1.1 202 Accepted"
INFO:watchfiles.main:1 change detected
INFO:watchfiles.main:1 change detected
INFO:watchfiles.main:1 change detected
INFO:watchfiles.main:1 change detected
INFO:httpx:HTTP Request: GET http://localhost:8050/mcp "HTTP/1.1 200 OK"
INFO:httpx:HTTP Request: POST http://localhost:8050/mcp "HTTP/1.1 202 Accepted"
INFO:httpx:HTTP Request: POST http://localhost:8050/mcp "HTTP/1.1 202 Accepted"
INFO:httpx:HTTP Request: DELETE http://localhost:8050/mcp "HTTP/1.1 200 OK"
INFO:httpx:HTTP Request: POST http://localhost:8050/mcp "HTTP/1.1 200 OK"
INFO:httpx:HTTP Request: GET http://localhost:8050/mcp "HTTP/1.1 200 OK"
INFO:httpx:HTTP Request: POST http://localhost:8050/mcp "HTTP/1.1 200 OK"
INFO:mcp.client.streamable_http:Received session ID: 975c20ab2b474474998fe10fe5ebdd5c
INFO:httpx:HTTP Request: POST http://localhost:8050/mcp "HTTP/1.1 200 OK"
INFO:httpx:HTTP Request: POST http://localhost:8050/mcp "HTTP/1.1 200 OK"
INFO:httpx:HTTP Request: POST http://localhost:8050/mcp "HTTP/1.1 200 OK"
INFO:watchfiles.main:1 change detected
INFO:watchfiles.main:1 change detected
INFO:mcp.client.streamable_http:Negotiated protocol version: 2025-06-18
INFO:httpx:HTTP Request: POST http://localhost:8050/mcp "HTTP/1.1 200 OK"
INFO:httpx:HTTP Request: POST http://localhost:8050/mcp "HTTP/1.1 200 OK"
INFO:mcp.client.streamable_http:Received session ID: 6a46c61f74384d5b9f8ca828bf63fedf
INFO:httpx:HTTP Request: POST http://localhost:8050/mcp "HTTP/1.1 200 OK"
INFO:httpx:HTTP Request: POST http://localhost:8050/mcp "HTTP/1.1 200 OK"
INFO:httpx:HTTP Request: POST http://localhost:8050/mcp "HTTP/1.1 200 OK"
INFO:httpx:HTTP Request: POST http://localhost:8050/mcp "HTTP/1.1 200 OK"
INFO:mcp.client.streamable_http:Negotiated protocol version: 2025-06-18
INFO:httpx:HTTP Request: POST http://localhost:8050/mcp "HTTP/1.1 200 OK"
INFO:mcp.client.streamable_http:Received session ID: 977762388e9d41ee9129209d755f88cb
INFO:mcp.client.streamable_http:Negotiated protocol version: 2025-06-18
INFO:watchfiles.main:1 change detected
INFO:httpx:HTTP Request: POST http://localhost:8050/mcp "HTTP/1.1 202 Accepted"
INFO:httpx:HTTP Request: POST http://localhost:8050/mcp "HTTP/1.1 200 OK"
INFO:mcp.client.streamable_http:Received session ID: 17923f8726ca42958531ffdc53a8b52a
INFO:httpx:HTTP Request: GET http://localhost:8050/mcp "HTTP/1.1 200 OK"
INFO:mcp.client.streamable_http:Negotiated protocol version: 2025-06-18
INFO:httpx:HTTP Request: DELETE http://localhost:8050/mcp "HTTP/1.1 200 OK"
INFO:httpx:HTTP Request: DELETE http://localhost:8050/mcp "HTTP/1.1 200 OK"
INFO:httpx:HTTP Request: DELETE http://localhost:8050/mcp "HTTP/1.1 200 OK"
INFO:httpx:HTTP Request: POST http://localhost:8050/mcp "HTTP/1.1 200 OK"
INFO:watchfiles.main:1 change detected
INFO:watchfiles.main:1 change detected
INFO:watchfiles.main:1 change detected
INFO:watchfiles.main:1 change detected
INFO:watchfiles.main:1 change detected
INFO:watchfiles.main:1 change detected
INFO:watchfiles.main:1 change detected
INFO:httpx:HTTP Request: GET http://localhost:8050/mcp "HTTP/1.1 200 OK"
INFO:httpx:HTTP Request: POST http://localhost:8050/mcp "HTTP/1.1 202 Accepted"
INFO:httpx:HTTP Request: GET http://localhost:8050/mcp "HTTP/1.1 200 OK"
INFO:httpx:HTTP Request: POST http://localhost:8050/mcp "HTTP/1.1 202 Accepted"
INFO:httpx:HTTP Request: GET http://localhost:8050/mcp "HTTP/1.1 200 OK"
INFO:httpx:HTTP Request: DELETE http://localhost:8050/mcp "HTTP/1.1 200 OK"
INFO:httpx:HTTP Request: POST http://localhost:8050/mcp "HTTP/1.1 202 Accepted"
INFO:httpx:HTTP Request: POST http://localhost:8050/mcp "HTTP/1.1 200 OK"
INFO:watchfiles.main:1 change detected
INFO:watchfiles.main:1 change detected
INFO:httpx:HTTP Request: DELETE http://localhost:8050/mcp "HTTP/1.1 200 OK"
INFO:watchfiles.main:1 change detected
INFO:watchfiles.main:1 change detected
INFO:watchfiles.main:1 change detected
INFO:httpx:HTTP Request: POST http://localhost:8050/mcp "HTTP/1.1 200 OK"
INFO:httpx:HTTP Request: POST http://localhost:8050/mcp "HTTP/1.1 200 OK"
INFO:httpx:HTTP Request: POST http://localhost:8050/mcp "HTTP/1.1 200 OK"
INFO:mcp.client.streamable_http:Received session ID: b514a9b1b6704cb580d4e31a9b50a659
INFO:mcp.client.streamable_http:Negotiated protocol version: 2025-06-18
INFO:httpx:HTTP Request: POST http://localhost:8050/mcp "HTTP/1.1 200 OK"
INFO:mcp.client.streamable_http:Received session ID: 9ddf3209468f40958f9b65746801cb4b
INFO:mcp.client.streamable_http:Negotiated protocol version: 2025-06-18
INFO:httpx:HTTP Request: POST http://localhost:8050/mcp "HTTP/1.1 200 OK"
INFO:httpx:HTTP Request: POST http://localhost:8050/mcp "HTTP/1.1 200 OK"
INFO:httpx:HTTP Request: POST http://localhost:8050/mcp "HTTP/1.1 200 OK"
INFO:httpx:HTTP Request: POST http://localhost:8050/mcp "HTTP/1.1 200 OK"
INFO:mcp.client.streamable_http:Received session ID: 5c086f827d854e049c39e17d45df38bd
INFO:mcp.client.streamable_http:Negotiated protocol version: 2025-06-18
INFO:httpx:HTTP Request: POST http://localhost:8050/mcp "HTTP/1.1 200 OK"
INFO:httpx:HTTP Request: POST http://localhost:8050/mcp "HTTP/1.1 200 OK"
INFO:mcp.client.streamable_http:Received session ID: cacc2aba513444fea1fa4b43173aa336
INFO:httpx:HTTP Request: POST http://localhost:8050/mcp "HTTP/1.1 200 OK"
INFO:httpx:HTTP Request: POST http://localhost:8050/mcp "HTTP/1.1 200 OK"
INFO:mcp.client.streamable_http:Negotiated protocol version: 2025-06-18
INFO:httpx:HTTP Request: POST http://localhost:8050/mcp "HTTP/1.1 200 OK"
INFO:mcp.client.streamable_http:Received session ID: 5d320ec0b587423d87014bf4d53e2fba
INFO:mcp.client.streamable_http:Negotiated protocol version: 2025-06-18
INFO:watchfiles.main:1 change detected
INFO:httpx:HTTP Request: DELETE http://localhost:8050/mcp "HTTP/1.1 200 OK"
INFO:httpx:HTTP Request: DELETE http://localhost:8050/mcp "HTTP/1.1 200 OK"
INFO:watchfiles.main:1 change detected
INFO:watchfiles.main:1 change detected
INFO:watchfiles.main:1 change detected
INFO:watchfiles.main:1 change detected
INFO:httpx:HTTP Request: GET http://localhost:8050/mcp "HTTP/1.1 200 OK"
INFO:httpx:HTTP Request: POST http://localhost:8050/mcp "HTTP/1.1 200 OK"
INFO:httpx:HTTP Request: GET http://localhost:8050/mcp "HTTP/1.1 200 OK"
INFO:httpx:HTTP Request: POST http://localhost:8050/mcp "HTTP/1.1 202 Accepted"
INFO:httpx:HTTP Request: POST http://localhost:8050/mcp "HTTP/1.1 200 OK"
INFO:httpx:HTTP Request: DELETE http://localhost:8050/mcp "HTTP/1.1 200 OK"
INFO:httpx:HTTP Request: POST http://localhost:8050/mcp "HTTP/1.1 202 Accepted"
INFO:httpx:HTTP Request: POST http://localhost:8050/mcp "HTTP/1.1 202 Accepted"
INFO:httpx:HTTP Request: DELETE http://localhost:8050/mcp "HTTP/1.1 200 OK"
INFO:httpx:HTTP Request: GET http://localhost:8050/mcp "HTTP/1.1 200 OK"
INFO:httpx:HTTP Request: GET http://localhost:8050/mcp "HTTP/1.1 200 OK"
INFO:httpx:HTTP Request: DELETE http://localhost:8050/mcp "HTTP/1.1 200 OK"
INFO:httpx:HTTP Request: POST http://localhost:8050/mcp "HTTP/1.1 202 Accepted"
INFO:watchfiles.main:1 change detected
INFO:watchfiles.main:1 change detected
INFO:watchfiles.main:1 change detected
INFO:watchfiles.main:1 change detected
INFO:httpx:HTTP Request: GET http://localhost:8050/mcp "HTTP/1.1 200 OK"
INFO:watchfiles.main:1 change detected
INFO:watchfiles.main:1 change detected
INFO:httpx:HTTP Request: POST http://localhost:8050/mcp "HTTP/1.1 202 Accepted"
INFO:watchfiles.main:1 change detected
INFO:httpx:HTTP Request: POST http://localhost:8050/mcp "HTTP/1.1 200 OK"
INFO:httpx:HTTP Request: POST http://localhost:8050/mcp "HTTP/1.1 200 OK"
INFO:httpx:HTTP Request: POST http://localhost:8050/mcp "HTTP/1.1 200 OK"
INFO:httpx:HTTP Request: POST http://localhost:8050/mcp "HTTP/1.1 200 OK"
INFO:mcp.client.streamable_http:Received session ID: 0c739fc7039d4749a0bf943c1f1e392a
INFO:httpx:HTTP Request: DELETE http://localhost:8050/mcp "HTTP/1.1 200 OK"
INFO:watchfiles.main:4 changes detected
INFO:watchfiles.main:1 change detected
INFO:httpx:HTTP Request: POST http://localhost:8050/mcp "HTTP/1.1 200 OK"
INFO:httpx:HTTP Request: DELETE http://localhost:8050/mcp "HTTP/1.1 200 OK"
INFO:mcp.client.streamable_http:Negotiated protocol version: 2025-06-18
INFO:httpx:HTTP Request: POST http://localhost:8050/mcp "HTTP/1.1 200 OK"
INFO:mcp.client.streamable_http:Received session ID: 5dc1e42099204593b12c0c98939f91b4
INFO:mcp.client.streamable_http:Negotiated protocol version: 2025-06-18
INFO:httpx:HTTP Request: POST http://localhost:8050/mcp "HTTP/1.1 200 OK"
ERROR:mcp.client.streamable_http:Error parsing SSE message
Traceback (most recent call last):
  File "C:\Users\Mbensale\GIT\-Dashboard-AI_beta\.venv\Lib\site-packages\mcp\client\streamable_http.py", line 176, in _handle_sse_event
    await read_stream_writer.send(session_message)
  File "C:\Users\Mbensale\GIT\-Dashboard-AI_beta\.venv\Lib\site-packages\anyio\streams\memory.py", line 243, in send
    self.send_nowait(item)
  File "C:\Users\Mbensale\GIT\-Dashboard-AI_beta\.venv\Lib\site-packages\anyio\streams\memory.py", line 212, in send_nowait
    raise ClosedResourceError
anyio.ClosedResourceError
ERROR:mcp.client.streamable_http:Error reading SSE stream:
Traceback (most recent call last):
  File "C:\Users\Mbensale\GIT\-Dashboard-AI_beta\.venv\Lib\site-packages\mcp\client\streamable_http.py", line 176, in _handle_sse_event
    await read_stream_writer.send(session_message)
  File "C:\Users\Mbensale\GIT\-Dashboard-AI_beta\.venv\Lib\site-packages\anyio\streams\memory.py", line 243, in send
    self.send_nowait(item)
  File "C:\Users\Mbensale\GIT\-Dashboard-AI_beta\.venv\Lib\site-packages\anyio\streams\memory.py", line 212, in send_nowait
    raise ClosedResourceError
anyio.ClosedResourceError

During handling of the above exception, another exception occurred:

Traceback (most recent call last):
  File "C:\Users\Mbensale\GIT\-Dashboard-AI_beta\.venv\Lib\site-packages\mcp\client\streamable_http.py", line 329, in _handle_sse_response
    is_complete = await self._handle_sse_event(
                  ^^^^^^^^^^^^^^^^^^^^^^^^^^^^^
  File "C:\Users\Mbensale\GIT\-Dashboard-AI_beta\.venv\Lib\site-packages\mcp\client\streamable_http.py", line 188, in _handle_sse_event
    await read_stream_writer.send(exc)
  File "C:\Users\Mbensale\GIT\-Dashboard-AI_beta\.venv\Lib\site-packages\anyio\streams\memory.py", line 243, in send
    self.send_nowait(item)
  File "C:\Users\Mbensale\GIT\-Dashboard-AI_beta\.venv\Lib\site-packages\anyio\streams\memory.py", line 212, in send_nowait
    raise ClosedResourceError
anyio.ClosedResourceError
INFO:watchfiles.main:1 change detected
INFO:watchfiles.main:1 change detected
INFO:watchfiles.main:1 change detected
INFO:watchfiles.main:1 change detected
INFO:watchfiles.main:1 change detected
INFO:httpx:HTTP Request: POST http://localhost:8050/mcp "HTTP/1.1 200 OK"
INFO:httpx:HTTP Request: POST http://localhost:8050/mcp "HTTP/1.1 200 OK"
INFO:mcp.client.streamable_http:Received session ID: 1903a4d17fb84fccbaa8c4064e52675b
INFO:mcp.client.streamable_http:Negotiated protocol version: 2025-06-18
INFO:httpx:HTTP Request: POST http://localhost:8050/mcp "HTTP/1.1 200 OK"
INFO:mcp.client.streamable_http:Received session ID: cb35404e5e3f4cacb782d529f73dfe58
INFO:mcp.client.streamable_http:Negotiated protocol version: 2025-06-18
INFO:httpx:HTTP Request: POST http://localhost:8050/mcp "HTTP/1.1 200 OK"
INFO:mcp.client.streamable_http:Received session ID: a4003182c14741c8871e08a27a9d6d20
INFO:mcp.client.streamable_http:Negotiated protocol version: 2025-06-18
INFO:httpx:HTTP Request: POST http://localhost:8050/mcp "HTTP/1.1 200 OK"
INFO:mcp.client.streamable_http:Received session ID: 563d5bf078094b5e96538bedf147a1c5
INFO:mcp.client.streamable_http:Negotiated protocol version: 2025-06-18
INFO:httpx:HTTP Request: GET http://localhost:8050/mcp "HTTP/1.1 200 OK"
INFO:httpx:HTTP Request: POST http://localhost:8050/mcp "HTTP/1.1 202 Accepted"
INFO:httpx:HTTP Request: POST http://localhost:8050/mcp "HTTP/1.1 202 Accepted"
INFO:httpx:HTTP Request: GET http://localhost:8050/mcp "HTTP/1.1 200 OK"
INFO:httpx:HTTP Request: POST http://localhost:8050/mcp "HTTP/1.1 200 OK"
INFO:mcp.client.streamable_http:Received session ID: 4e9dc20fc0f04e12a7ddb20fa086c316
INFO:mcp.client.streamable_http:Negotiated protocol version: 2025-06-18
INFO:watchfiles.main:1 change detected
INFO:httpx:HTTP Request: POST http://localhost:8050/mcp "HTTP/1.1 200 OK"
INFO:httpx:HTTP Request: POST http://localhost:8050/mcp "HTTP/1.1 200 OK"
INFO:httpx:HTTP Request: POST http://localhost:8050/mcp "HTTP/1.1 200 OK"
INFO:mcp.client.streamable_http:Received session ID: 1bf3fe341493448c8ba5350f5195e909
INFO:httpx:HTTP Request: POST http://localhost:8050/mcp "HTTP/1.1 200 OK"
INFO:httpx:HTTP Request: POST http://localhost:8050/mcp "HTTP/1.1 200 OK"
INFO:mcp.client.streamable_http:Negotiated protocol version: 2025-06-18
INFO:httpx:HTTP Request: POST http://localhost:8050/mcp "HTTP/1.1 202 Accepted"
INFO:httpx:HTTP Request: POST http://localhost:8050/mcp "HTTP/1.1 202 Accepted"
INFO:httpx:HTTP Request: POST http://localhost:8050/mcp "HTTP/1.1 202 Accepted"
INFO:httpx:HTTP Request: GET http://localhost:8050/mcp "HTTP/1.1 200 OK"
INFO:httpx:HTTP Request: GET http://localhost:8050/mcp "HTTP/1.1 200 OK"
INFO:httpx:HTTP Request: GET http://localhost:8050/mcp "HTTP/1.1 200 OK"
INFO:httpx:HTTP Request: POST http://localhost:8050/mcp "HTTP/1.1 200 OK"
INFO:httpx:HTTP Request: GET http://localhost:8050/mcp "HTTP/1.1 200 OK"
INFO:httpx:HTTP Request: POST http://localhost:8050/mcp "HTTP/1.1 202 Accepted"
INFO:httpx:HTTP Request: GET http://localhost:8050/mcp "HTTP/1.1 200 OK"
INFO:httpx:HTTP Request: POST http://localhost:8050/mcp "HTTP/1.1 202 Accepted"
INFO:httpx:HTTP Request: POST http://localhost:8050/mcp "HTTP/1.1 200 OK"
INFO:httpx:HTTP Request: POST http://localhost:8050/mcp "HTTP/1.1 200 OK"
INFO:watchfiles.main:1 change detected
INFO:httpx:HTTP Request: GET http://localhost:8050/mcp "HTTP/1.1 200 OK"
INFO:httpx:HTTP Request: POST http://localhost:8050/mcp "HTTP/1.1 202 Accepted"
INFO:httpx:HTTP Request: POST http://localhost:8050/mcp "HTTP/1.1 200 OK"
INFO:httpx:HTTP Request: POST http://localhost:8050/mcp "HTTP/1.1 200 OK"
INFO:httpx:HTTP Request: POST http://localhost:8050/mcp "HTTP/1.1 200 OK"
INFO:httpx:HTTP Request: DELETE http://localhost:8050/mcp "HTTP/1.1 200 OK"
INFO:httpx:HTTP Request: DELETE http://localhost:8050/mcp "HTTP/1.1 200 OK"
INFO:httpx:HTTP Request: DELETE http://localhost:8050/mcp "HTTP/1.1 200 OK"
INFO:httpx:HTTP Request: DELETE http://localhost:8050/mcp "HTTP/1.1 200 OK"
INFO:httpx:HTTP Request: DELETE http://localhost:8050/mcp "HTTP/1.1 200 OK"
INFO:watchfiles.main:1 change detected
INFO:watchfiles.main:1 change detected
INFO:httpx:HTTP Request: POST http://localhost:8050/mcp "HTTP/1.1 200 OK"
INFO:httpx:HTTP Request: POST http://localhost:8050/mcp "HTTP/1.1 200 OK"
INFO:watchfiles.main:1 change detected
INFO:watchfiles.main:1 change detected
INFO:watchfiles.main:1 change detected
INFO:watchfiles.main:1 change detected
INFO:watchfiles.main:1 change detected
INFO:watchfiles.main:1 change detected
INFO:watchfiles.main:1 change detected
INFO:watchfiles.main:1 change detected
INFO:watchfiles.main:1 change detected
INFO:httpx:HTTP Request: POST http://localhost:8050/mcp "HTTP/1.1 200 OK"
INFO:httpx:HTTP Request: POST http://localhost:8050/mcp "HTTP/1.1 200 OK"
INFO:mcp.client.streamable_http:Received session ID: 9c06fa67ba764d2c9cf8461ea627c370
INFO:mcp.client.streamable_http:Negotiated protocol version: 2025-06-18
INFO:watchfiles.main:1 change detected
INFO:httpx:HTTP Request: POST http://localhost:8050/mcp "HTTP/1.1 200 OK"
INFO:mcp.client.streamable_http:Received session ID: a7c9e4949644436387ec77af7705674e
INFO:httpx:HTTP Request: POST http://localhost:8050/mcp "HTTP/1.1 200 OK"
INFO:httpx:HTTP Request: POST http://localhost:8050/mcp "HTTP/1.1 200 OK"
INFO:mcp.client.streamable_http:Negotiated protocol version: 2025-06-18
INFO:httpx:HTTP Request: POST http://localhost:8050/mcp "HTTP/1.1 200 OK"
INFO:mcp.client.streamable_http:Received session ID: e61ad036d64e4ff78282d2b98267817a
INFO:httpx:HTTP Request: POST http://localhost:8050/mcp "HTTP/1.1 200 OK"
INFO:httpx:HTTP Request: POST http://localhost:8050/mcp "HTTP/1.1 200 OK"
INFO:httpx:HTTP Request: POST http://localhost:8050/mcp "HTTP/1.1 200 OK"
INFO:httpx:HTTP Request: POST http://localhost:8050/mcp "HTTP/1.1 200 OK"
INFO:httpx:HTTP Request: POST http://localhost:8050/mcp "HTTP/1.1 200 OK"
INFO:httpx:HTTP Request: POST http://localhost:8050/mcp "HTTP/1.1 202 Accepted"
INFO:mcp.client.streamable_http:Negotiated protocol version: 2025-06-18
INFO:httpx:HTTP Request: GET http://localhost:8050/mcp "HTTP/1.1 200 OK"
INFO:httpx:HTTP Request: POST http://localhost:8050/mcp "HTTP/1.1 200 OK"
INFO:mcp.client.streamable_http:Received session ID: fbf91793c5824a788b4093dbbb89e30b
INFO:mcp.client.streamable_http:Negotiated protocol version: 2025-06-18
INFO:httpx:HTTP Request: POST http://localhost:8050/mcp "HTTP/1.1 200 OK"
INFO:mcp.client.streamable_http:Received session ID: 9e3ca3ea8fbf4e91b9a5c0ad94698754
INFO:mcp.client.streamable_http:Negotiated protocol version: 2025-06-18
INFO:httpx:HTTP Request: POST http://localhost:8050/mcp "HTTP/1.1 202 Accepted"
INFO:httpx:HTTP Request: GET http://localhost:8050/mcp "HTTP/1.1 200 OK"
INFO:httpx:HTTP Request: DELETE http://localhost:8050/mcp "HTTP/1.1 200 OK"
INFO:watchfiles.main:1 change detected
INFO:watchfiles.main:1 change detected
INFO:watchfiles.main:1 change detected
INFO:httpx:HTTP Request: DELETE http://localhost:8050/mcp "HTTP/1.1 200 OK"
INFO:httpx:HTTP Request: POST http://localhost:8050/mcp "HTTP/1.1 200 OK"
INFO:httpx:HTTP Request: DELETE http://localhost:8050/mcp "HTTP/1.1 200 OK"
INFO:httpx:HTTP Request: DELETE http://localhost:8050/mcp "HTTP/1.1 200 OK"
INFO:httpx:HTTP Request: DELETE http://localhost:8050/mcp "HTTP/1.1 200 OK"
INFO:httpx:HTTP Request: DELETE http://localhost:8050/mcp "HTTP/1.1 200 OK"
INFO:httpx:HTTP Request: GET http://localhost:8050/mcp "HTTP/1.1 200 OK"
INFO:httpx:HTTP Request: GET http://localhost:8050/mcp "HTTP/1.1 200 OK"
INFO:httpx:HTTP Request: POST http://localhost:8050/mcp "HTTP/1.1 202 Accepted"
INFO:watchfiles.main:1 change detected
INFO:watchfiles.main:1 change detected
INFO:httpx:HTTP Request: DELETE http://localhost:8050/mcp "HTTP/1.1 200 OK"
INFO:watchfiles.main:1 change detected
INFO:watchfiles.main:1 change detected
INFO:httpx:HTTP Request: GET http://localhost:8050/mcp "HTTP/1.1 200 OK"
INFO:httpx:HTTP Request: POST http://localhost:8050/mcp "HTTP/1.1 202 Accepted"
INFO:httpx:HTTP Request: POST http://localhost:8050/mcp "HTTP/1.1 200 OK"
INFO:httpx:HTTP Request: POST http://localhost:8050/mcp "HTTP/1.1 200 OK"
INFO:httpx:HTTP Request: POST http://localhost:8050/mcp "HTTP/1.1 202 Accepted"
INFO:watchfiles.main:1 change detected
INFO:watchfiles.main:1 change detected
INFO:httpx:HTTP Request: POST http://localhost:8050/mcp "HTTP/1.1 200 OK"
INFO:mcp.client.streamable_http:Received session ID: 53e40793ed0a4554aba97e92c7b46964
INFO:mcp.client.streamable_http:Negotiated protocol version: 2025-06-18
INFO:watchfiles.main:1 change detected
INFO:httpx:HTTP Request: POST http://localhost:8050/mcp "HTTP/1.1 200 OK"
INFO:httpx:HTTP Request: DELETE http://localhost:8050/mcp "HTTP/1.1 200 OK"
INFO:httpx:HTTP Request: POST http://localhost:8050/mcp "HTTP/1.1 200 OK"
INFO:mcp.client.streamable_http:Received session ID: 918d0b41eae34fb4b1b3af24e7e7f9ae
INFO:httpx:HTTP Request: POST http://localhost:8050/mcp "HTTP/1.1 200 OK"
INFO:httpx:HTTP Request: POST http://localhost:8050/mcp "HTTP/1.1 200 OK"
INFO:httpx:HTTP Request: POST http://localhost:8050/mcp "HTTP/1.1 200 OK"
INFO:httpx:HTTP Request: POST http://localhost:8050/mcp "HTTP/1.1 202 Accepted"
INFO:mcp.client.streamable_http:Negotiated protocol version: 2025-06-18
INFO:httpx:HTTP Request: POST http://localhost:8050/mcp "HTTP/1.1 200 OK"
INFO:httpx:HTTP Request: GET http://localhost:8050/mcp "HTTP/1.1 200 OK"
INFO:httpx:HTTP Request: POST http://localhost:8050/mcp "HTTP/1.1 200 OK"
INFO:mcp.client.streamable_http:Received session ID: a4060db75f344df98031e8b3d1680cea
INFO:mcp.client.streamable_http:Negotiated protocol version: 2025-06-18
INFO:httpx:HTTP Request: POST http://localhost:8050/mcp "HTTP/1.1 200 OK"
INFO:mcp.client.streamable_http:Received session ID: 3a283189a78e4402aea03aa68f0cdc73
INFO:mcp.client.streamable_http:Negotiated protocol version: 2025-06-18
INFO:watchfiles.main:1 change detected
INFO:httpx:HTTP Request: POST http://localhost:8050/mcp "HTTP/1.1 202 Accepted"
INFO:httpx:HTTP Request: GET http://localhost:8050/mcp "HTTP/1.1 200 OK"
INFO:httpx:HTTP Request: POST http://localhost:8050/mcp "HTTP/1.1 200 OK"
INFO:httpx:HTTP Request: DELETE http://localhost:8050/mcp "HTTP/1.1 200 OK"
INFO:httpx:HTTP Request: POST http://localhost:8050/mcp "HTTP/1.1 202 Accepted"
INFO:httpx:HTTP Request: DELETE http://localhost:8050/mcp "HTTP/1.1 200 OK"
INFO:httpx:HTTP Request: POST http://localhost:8050/mcp "HTTP/1.1 202 Accepted"
INFO:httpx:HTTP Request: GET http://localhost:8050/mcp "HTTP/1.1 200 OK"
INFO:httpx:HTTP Request: GET http://localhost:8050/mcp "HTTP/1.1 200 OK"
INFO:watchfiles.main:1 change detected
INFO:watchfiles.main:1 change detected
INFO:watchfiles.main:1 change detected
INFO:httpx:HTTP Request: POST http://localhost:8050/mcp "HTTP/1.1 200 OK"
INFO:httpx:HTTP Request: POST http://localhost:8050/mcp "HTTP/1.1 200 OK"
INFO:watchfiles.main:1 change detected
INFO:httpx:HTTP Request: POST http://localhost:8050/mcp "HTTP/1.1 200 OK"
INFO:httpx:HTTP Request: POST http://localhost:8050/mcp "HTTP/1.1 200 OK"
INFO:mcp.client.streamable_http:Received session ID: 5e6eb1373c954e0f8255a09d0bb7d2ef
INFO:mcp.client.streamable_http:Negotiated protocol version: 2025-06-18
INFO:httpx:HTTP Request: POST http://localhost:8050/mcp "HTTP/1.1 200 OK"
INFO:httpx:HTTP Request: POST http://localhost:8050/mcp "HTTP/1.1 200 OK"
INFO:httpx:HTTP Request: POST http://localhost:8050/mcp "HTTP/1.1 200 OK"
INFO:httpx:HTTP Request: POST http://localhost:8050/mcp "HTTP/1.1 200 OK"
INFO:httpx:HTTP Request: GET http://localhost:8050/mcp "HTTP/1.1 200 OK"
INFO:httpx:HTTP Request: POST http://localhost:8050/mcp "HTTP/1.1 202 Accepted"
INFO:httpx:HTTP Request: DELETE http://localhost:8050/mcp "HTTP/1.1 200 OK"
INFO:httpx:HTTP Request: DELETE http://localhost:8050/mcp "HTTP/1.1 200 OK"
INFO:watchfiles.main:5 changes detected
INFO:watchfiles.main:1 change detected
INFO:httpx:HTTP Request: DELETE http://localhost:8050/mcp "HTTP/1.1 200 OK"
INFO:httpx:HTTP Request: DELETE http://localhost:8050/mcp "HTTP/1.1 200 OK"
INFO:watchfiles.main:1 change detected
INFO:watchfiles.main:1 change detected
INFO:watchfiles.main:1 change detected
INFO:watchfiles.main:1 change detected
INFO:watchfiles.main:1 change detected
INFO:watchfiles.main:1 change detected
INFO:httpx:HTTP Request: POST http://localhost:8050/mcp "HTTP/1.1 200 OK"
INFO:httpx:HTTP Request: POST http://localhost:8050/mcp "HTTP/1.1 200 OK"
INFO:mcp.client.streamable_http:Received session ID: 4755148fb0074a69a1f07cc0bf5731f6
INFO:mcp.client.streamable_http:Negotiated protocol version: 2025-06-18
INFO:httpx:HTTP Request: POST http://localhost:8050/mcp "HTTP/1.1 200 OK"
INFO:httpx:HTTP Request: POST http://localhost:8050/mcp "HTTP/1.1 200 OK"
INFO:mcp.client.streamable_http:Received session ID: 9427932efc5f497495e6f7ccde16a48b
INFO:httpx:HTTP Request: POST http://localhost:8050/mcp "HTTP/1.1 200 OK"
INFO:httpx:HTTP Request: POST http://localhost:8050/mcp "HTTP/1.1 200 OK"
INFO:httpx:HTTP Request: POST http://localhost:8050/mcp "HTTP/1.1 202 Accepted"
INFO:httpx:HTTP Request: GET http://localhost:8050/mcp "HTTP/1.1 200 OK"
INFO:mcp.client.streamable_http:Negotiated protocol version: 2025-06-18
INFO:watchfiles.main:1 change detected
INFO:httpx:HTTP Request: POST http://localhost:8050/mcp "HTTP/1.1 200 OK"
INFO:mcp.client.streamable_http:Received session ID: c6e426bfe4d34989a9e99ede41f0e2f1
INFO:mcp.client.streamable_http:Negotiated protocol version: 2025-06-18
INFO:httpx:HTTP Request: POST http://localhost:8050/mcp "HTTP/1.1 200 OK"
INFO:httpx:HTTP Request: GET http://localhost:8050/mcp "HTTP/1.1 200 OK"
INFO:httpx:HTTP Request: POST http://localhost:8050/mcp "HTTP/1.1 202 Accepted"
INFO:httpx:HTTP Request: DELETE http://localhost:8050/mcp "HTTP/1.1 200 OK"
INFO:httpx:HTTP Request: POST http://localhost:8050/mcp "HTTP/1.1 202 Accepted"
INFO:httpx:HTTP Request: DELETE http://localhost:8050/mcp "HTTP/1.1 200 OK"
INFO:watchfiles.main:1 change detected
INFO:watchfiles.main:1 change detected
INFO:httpx:HTTP Request: DELETE http://localhost:8050/mcp "HTTP/1.1 200 OK"
INFO:watchfiles.main:1 change detected
INFO:httpx:HTTP Request: GET http://localhost:8050/mcp "HTTP/1.1 200 OK"
INFO:watchfiles.main:1 change detected
INFO:watchfiles.main:1 change detected
INFO:watchfiles.main:1 change detected
INFO:watchfiles.main:1 change detected
INFO:httpx:HTTP Request: POST http://localhost:8050/mcp "HTTP/1.1 200 OK"
INFO:httpx:HTTP Request: POST http://localhost:8050/mcp "HTTP/1.1 200 OK"
INFO:httpx:HTTP Request: POST http://localhost:8050/mcp "HTTP/1.1 200 OK"
INFO:httpx:HTTP Request: POST http://localhost:8050/mcp "HTTP/1.1 200 OK"
INFO:httpx:HTTP Request: POST http://localhost:8050/mcp "HTTP/1.1 200 OK"
INFO:mcp.client.streamable_http:Received session ID: e83b89a0dd1946e89fa3cbcd8fadbafa
INFO:mcp.client.streamable_http:Negotiated protocol version: 2025-06-18
INFO:watchfiles.main:1 change detected
INFO:httpx:HTTP Request: POST http://localhost:8050/mcp "HTTP/1.1 200 OK"
INFO:mcp.client.streamable_http:Received session ID: 52f2a09f038947b796228abad76404b4
INFO:mcp.client.streamable_http:Negotiated protocol version: 2025-06-18
INFO:httpx:HTTP Request: POST http://localhost:8050/mcp "HTTP/1.1 200 OK"
INFO:mcp.client.streamable_http:Received session ID: 901d58ae95e74b2ab8ea632cf663c173
INFO:mcp.client.streamable_http:Negotiated protocol version: 2025-06-18
INFO:httpx:HTTP Request: DELETE http://localhost:8050/mcp "HTTP/1.1 200 OK"
INFO:httpx:HTTP Request: DELETE http://localhost:8050/mcp "HTTP/1.1 200 OK"
INFO:httpx:HTTP Request: POST http://localhost:8050/mcp "HTTP/1.1 202 Accepted"
INFO:watchfiles.main:1 change detected
INFO:watchfiles.main:1 change detected
INFO:httpx:HTTP Request: GET http://localhost:8050/mcp "HTTP/1.1 200 OK"
INFO:watchfiles.main:1 change detected
INFO:watchfiles.main:1 change detected
INFO:httpx:HTTP Request: GET http://localhost:8050/mcp "HTTP/1.1 200 OK"
INFO:httpx:HTTP Request: POST http://localhost:8050/mcp "HTTP/1.1 202 Accepted"
INFO:httpx:HTTP Request: POST http://localhost:8050/mcp "HTTP/1.1 202 Accepted"
INFO:httpx:HTTP Request: GET http://localhost:8050/mcp "HTTP/1.1 200 OK"
INFO:watchfiles.main:1 change detected
INFO:httpx:HTTP Request: POST http://localhost:8050/mcp "HTTP/1.1 200 OK"
INFO:httpx:HTTP Request: POST http://localhost:8050/mcp "HTTP/1.1 200 OK"
INFO:mcp.client.streamable_http:Received session ID: 2ea9287651a54e68ae2fcac6328dedd7
INFO:httpx:HTTP Request: POST http://localhost:8050/mcp "HTTP/1.1 200 OK"
INFO:httpx:HTTP Request: POST http://localhost:8050/mcp "HTTP/1.1 200 OK"
INFO:httpx:HTTP Request: POST http://localhost:8050/mcp "HTTP/1.1 200 OK"
INFO:httpx:HTTP Request: POST http://localhost:8050/mcp "HTTP/1.1 200 OK"
INFO:mcp.client.streamable_http:Negotiated protocol version: 2025-06-18
INFO:httpx:HTTP Request: POST http://localhost:8050/mcp "HTTP/1.1 200 OK"
INFO:mcp.client.streamable_http:Received session ID: 13929ccbd75d4eee879f2b10c3a4f14e
INFO:mcp.client.streamable_http:Negotiated protocol version: 2025-06-18
INFO:httpx:HTTP Request: GET http://localhost:8050/mcp "HTTP/1.1 200 OK"
INFO:httpx:HTTP Request: POST http://localhost:8050/mcp "HTTP/1.1 202 Accepted"
INFO:watchfiles.main:1 change detected
INFO:httpx:HTTP Request: DELETE http://localhost:8050/mcp "HTTP/1.1 200 OK"
INFO:httpx:HTTP Request: DELETE http://localhost:8050/mcp "HTTP/1.1 200 OK"
INFO:watchfiles.main:1 change detected
INFO:watchfiles.main:1 change detected
INFO:httpx:HTTP Request: POST http://localhost:8050/mcp "HTTP/1.1 202 Accepted"
INFO:httpx:HTTP Request: GET http://localhost:8050/mcp "HTTP/1.1 200 OK"
INFO:watchfiles.main:1 change detected
INFO:watchfiles.main:1 change detected
INFO:httpx:HTTP Request: POST http://localhost:8050/mcp "HTTP/1.1 200 OK"
INFO:httpx:HTTP Request: POST http://localhost:8050/mcp "HTTP/1.1 200 OK"
INFO:mcp.client.streamable_http:Received session ID: 2ce43f550c5f4ca39207b430290e6175
INFO:mcp.client.streamable_http:Negotiated protocol version: 2025-06-18
INFO:watchfiles.main:1 change detected
INFO:httpx:HTTP Request: POST http://localhost:8050/mcp "HTTP/1.1 200 OK"
INFO:httpx:HTTP Request: POST http://localhost:8050/mcp "HTTP/1.1 200 OK"
INFO:mcp.client.streamable_http:Received session ID: 0ba86d748cf7419b931ad0b97339e710
INFO:httpx:HTTP Request: POST http://localhost:8050/mcp "HTTP/1.1 200 OK"
INFO:httpx:HTTP Request: POST http://localhost:8050/mcp "HTTP/1.1 200 OK"
INFO:httpx:HTTP Request: POST http://localhost:8050/mcp "HTTP/1.1 200 OK"
INFO:mcp.client.streamable_http:Negotiated protocol version: 2025-06-18
INFO:httpx:HTTP Request: POST http://localhost:8050/mcp "HTTP/1.1 202 Accepted"
INFO:httpx:HTTP Request: GET http://localhost:8050/mcp "HTTP/1.1 200 OK"
INFO:watchfiles.main:1 change detected
INFO:httpx:HTTP Request: GET http://localhost:8050/mcp "HTTP/1.1 200 OK"
INFO:httpx:HTTP Request: POST http://localhost:8050/mcp "HTTP/1.1 202 Accepted"
INFO:httpx:HTTP Request: POST http://localhost:8050/mcp "HTTP/1.1 200 OK"
INFO:watchfiles.main:1 change detected
INFO:httpx:HTTP Request: DELETE http://localhost:8050/mcp "HTTP/1.1 200 OK"
INFO:httpx:HTTP Request: DELETE http://localhost:8050/mcp "HTTP/1.1 200 OK"
INFO:watchfiles.main:1 change detected
INFO:watchfiles.main:1 change detected
INFO:httpx:HTTP Request: DELETE http://localhost:8050/mcp "HTTP/1.1 200 OK"
INFO:httpx:HTTP Request: POST http://localhost:8050/mcp "HTTP/1.1 200 OK"
INFO:httpx:HTTP Request: POST http://localhost:8050/mcp "HTTP/1.1 200 OK"
INFO:httpx:HTTP Request: POST http://localhost:8050/mcp "HTTP/1.1 200 OK"
INFO:watchfiles.main:1 change detected
INFO:watchfiles.main:1 change detected
INFO:watchfiles.main:1 change detected
INFO:watchfiles.main:1 change detected
INFO:httpx:HTTP Request: POST http://localhost:8050/mcp "HTTP/1.1 200 OK"
INFO:mcp.client.streamable_http:Received session ID: b8b42b60ad4d414daebf2917af8ecd4e
INFO:mcp.client.streamable_http:Negotiated protocol version: 2025-06-18
INFO:watchfiles.main:1 change detected
INFO:httpx:HTTP Request: DELETE http://localhost:8050/mcp "HTTP/1.1 200 OK"
INFO:watchfiles.main:5 changes detected
INFO:watchfiles.main:1 change detected
INFO:httpx:HTTP Request: DELETE http://localhost:8050/mcp "HTTP/1.1 200 OK"
INFO:httpx:HTTP Request: POST http://localhost:8050/mcp "HTTP/1.1 200 OK"
INFO:httpx:HTTP Request: POST http://localhost:8050/mcp "HTTP/1.1 200 OK"
INFO:httpx:HTTP Request: POST http://localhost:8050/mcp "HTTP/1.1 200 OK"
INFO:mcp.client.streamable_http:Received session ID: c853dea2c137493a906759c5fd80f408
INFO:mcp.client.streamable_http:Negotiated protocol version: 2025-06-18
INFO:httpx:HTTP Request: POST http://localhost:8050/mcp "HTTP/1.1 200 OK"
INFO:mcp.client.streamable_http:Received session ID: ebcbdb5b88184a6aaac1211b890ca7c8
INFO:mcp.client.streamable_http:Negotiated protocol version: 2025-06-18
INFO:httpx:HTTP Request: GET http://localhost:8050/mcp "HTTP/1.1 200 OK"
INFO:httpx:HTTP Request: POST http://localhost:8050/mcp "HTTP/1.1 202 Accepted"
INFO:watchfiles.main:1 change detected
INFO:watchfiles.main:1 change detected
INFO:httpx:HTTP Request: POST http://localhost:8050/mcp "HTTP/1.1 200 OK"
INFO:mcp.client.streamable_http:Received session ID: d29357b39d3f4f9787ef2b65b633a907
INFO:mcp.client.streamable_http:Negotiated protocol version: 2025-06-18
INFO:watchfiles.main:1 change detected
INFO:httpx:HTTP Request: POST http://localhost:8050/mcp "HTTP/1.1 202 Accepted"
INFO:httpx:HTTP Request: DELETE http://localhost:8050/mcp "HTTP/1.1 200 OK"
INFO:httpx:HTTP Request: DELETE http://localhost:8050/mcp "HTTP/1.1 200 OK"
INFO:httpx:HTTP Request: POST http://localhost:8050/mcp "HTTP/1.1 202 Accepted"
INFO:httpx:HTTP Request: GET http://localhost:8050/mcp "HTTP/1.1 200 OK"
INFO:watchfiles.main:1 change detected
INFO:watchfiles.main:1 change detected
INFO:watchfiles.main:1 change detected
INFO:httpx:HTTP Request: GET http://localhost:8050/mcp "HTTP/1.1 200 OK"
INFO:httpx:HTTP Request: POST http://localhost:8050/mcp "HTTP/1.1 200 OK"
INFO:mcp.client.streamable_http:Received session ID: eca105c19e5649abb25d736f3d4d803a
INFO:mcp.client.streamable_http:Negotiated protocol version: 2025-06-18
INFO:httpx:HTTP Request: GET http://localhost:8050/mcp "HTTP/1.1 200 OK"
INFO:httpx:HTTP Request: POST http://localhost:8050/mcp "HTTP/1.1 202 Accepted"
INFO:httpx:HTTP Request: POST http://localhost:8050/mcp "HTTP/1.1 200 OK"
INFO:httpx:HTTP Request: POST http://localhost:8050/mcp "HTTP/1.1 200 OK"
INFO:httpx:HTTP Request: POST http://localhost:8050/mcp "HTTP/1.1 200 OK"
INFO:httpx:HTTP Request: POST http://localhost:8050/mcp "HTTP/1.1 200 OK"
INFO:mcp.client.streamable_http:Received session ID: f0ef32df07d445bc8b6e8a0056f9b330
INFO:mcp.client.streamable_http:Negotiated protocol version: 2025-06-18
INFO:httpx:HTTP Request: GET http://localhost:8050/mcp "HTTP/1.1 200 OK"
INFO:httpx:HTTP Request: POST http://localhost:8050/mcp "HTTP/1.1 202 Accepted"
INFO:httpx:HTTP Request: POST http://localhost:8050/mcp "HTTP/1.1 200 OK"
INFO:httpx:HTTP Request: POST http://localhost:8050/mcp "HTTP/1.1 200 OK"
INFO:watchfiles.main:1 change detected
INFO:httpx:HTTP Request: GET http://localhost:8050/mcp "HTTP/1.1 200 OK"
INFO:httpx:HTTP Request: POST http://localhost:8050/mcp "HTTP/1.1 202 Accepted"
INFO:httpx:HTTP Request: POST http://localhost:8050/mcp "HTTP/1.1 200 OK"
INFO:httpx:HTTP Request: DELETE http://localhost:8050/mcp "HTTP/1.1 200 OK"
INFO:watchfiles.main:1 change detected
INFO:httpx:HTTP Request: POST http://localhost:8050/mcp "HTTP/1.1 200 OK"
INFO:httpx:HTTP Request: POST http://localhost:8050/mcp "HTTP/1.1 200 OK"
INFO:httpx:HTTP Request: DELETE http://localhost:8050/mcp "HTTP/1.1 200 OK"
INFO:httpx:HTTP Request: POST http://localhost:8050/mcp "HTTP/1.1 200 OK"
INFO:watchfiles.main:1 change detected
INFO:watchfiles.main:1 change detected
INFO:watchfiles.main:1 change detected
INFO:httpx:HTTP Request: DELETE http://localhost:8050/mcp "HTTP/1.1 200 OK"
INFO:httpx:HTTP Request: POST http://localhost:8050/mcp "HTTP/1.1 200 OK"
INFO:httpx:HTTP Request: POST http://localhost:8050/mcp "HTTP/1.1 200 OK"
INFO:httpx:HTTP Request: POST http://localhost:8050/mcp "HTTP/1.1 200 OK"
INFO:httpx:HTTP Request: POST http://localhost:8050/mcp "HTTP/1.1 200 OK"
INFO:mcp.client.streamable_http:Received session ID: 99382c99784d44f68855023ff8f8cb68
INFO:mcp.client.streamable_http:Negotiated protocol version: 2025-06-18
INFO:watchfiles.main:1 change detected
INFO:httpx:HTTP Request: GET http://localhost:8050/mcp "HTTP/1.1 200 OK"
INFO:httpx:HTTP Request: POST http://localhost:8050/mcp "HTTP/1.1 202 Accepted"
INFO:httpx:HTTP Request: DELETE http://localhost:8050/mcp "HTTP/1.1 200 OK"
INFO:httpx:HTTP Request: DELETE http://localhost:8050/mcp "HTTP/1.1 200 OK"
INFO:httpx:HTTP Request: DELETE http://localhost:8050/mcp "HTTP/1.1 200 OK"
INFO:watchfiles.main:1 change detected
INFO:httpx:HTTP Request: POST http://localhost:8050/mcp "HTTP/1.1 200 OK"
INFO:watchfiles.main:1 change detected
INFO:httpx:HTTP Request: POST http://localhost:8050/mcp "HTTP/1.1 200 OK"
INFO:watchfiles.main:1 change detected
INFO:httpx:HTTP Request: DELETE http://localhost:8050/mcp "HTTP/1.1 200 OK"
INFO:watchfiles.main:5 changes detected
INFO:watchfiles.main:1 change detected
INFO:watchfiles.main:1 change detected
INFO:httpx:HTTP Request: POST http://localhost:8050/mcp "HTTP/1.1 200 OK"
INFO:mcp.client.streamable_http:Received session ID: cd8b52909e494fbeb288ede7762d8433
INFO:mcp.client.streamable_http:Negotiated protocol version: 2025-06-18
INFO:watchfiles.main:1 change detected
INFO:httpx:HTTP Request: GET http://localhost:8050/mcp "HTTP/1.1 200 OK"
INFO:httpx:HTTP Request: POST http://localhost:8050/mcp "HTTP/1.1 202 Accepted"
INFO:watchfiles.main:1 change detected
INFO:httpx:HTTP Request: POST http://localhost:8050/mcp "HTTP/1.1 200 OK"
INFO:watchfiles.main:1 change detected
INFO:httpx:HTTP Request: POST http://localhost:8050/mcp "HTTP/1.1 200 OK"
INFO:watchfiles.main:1 change detected
INFO:httpx:HTTP Request: DELETE http://localhost:8050/mcp "HTTP/1.1 200 OK"
INFO:watchfiles.main:1 change detected
INFO:watchfiles.main:1 change detected
INFO:watchfiles.main:1 change detected
INFO:httpx:HTTP Request: POST http://localhost:8050/mcp "HTTP/1.1 200 OK"
INFO:mcp.client.streamable_http:Received session ID: abd45bcad0f74fbda934293a779e2ee7
INFO:mcp.client.streamable_http:Negotiated protocol version: 2025-06-18
INFO:httpx:HTTP Request: GET http://localhost:8050/mcp "HTTP/1.1 200 OK"
INFO:httpx:HTTP Request: POST http://localhost:8050/mcp "HTTP/1.1 202 Accepted"
INFO:watchfiles.main:1 change detected
INFO:httpx:HTTP Request: POST http://localhost:8050/mcp "HTTP/1.1 200 OK"
INFO:watchfiles.main:1 change detected
INFO:watchfiles.main:1 change detected
INFO:watchfiles.main:1 change detected
INFO:watchfiles.main:1 change detected
INFO:watchfiles.main:1 change detected
INFO:watchfiles.main:1 change detected
INFO:httpx:HTTP Request: POST http://localhost:8050/mcp "HTTP/1.1 200 OK"
INFO:watchfiles.main:1 change detected
INFO:httpx:HTTP Request: DELETE http://localhost:8050/mcp "HTTP/1.1 200 OK"
INFO:watchfiles.main:4 changes detected
INFO:watchfiles.main:1 change detected
INFO:watchfiles.main:1 change detected
INFO:httpx:HTTP Request: POST http://localhost:8050/mcp "HTTP/1.1 200 OK"
INFO:mcp.client.streamable_http:Received session ID: 4ebe475844a3494fbfcfccfffeaae5a2
INFO:mcp.client.streamable_http:Negotiated protocol version: 2025-06-18
INFO:watchfiles.main:1 change detected
INFO:httpx:HTTP Request: GET http://localhost:8050/mcp "HTTP/1.1 200 OK"
INFO:httpx:HTTP Request: POST http://localhost:8050/mcp "HTTP/1.1 202 Accepted"
INFO:watchfiles.main:1 change detected
INFO:httpx:HTTP Request: POST http://localhost:8050/mcp "HTTP/1.1 200 OK"
INFO:httpx:HTTP Request: POST http://localhost:8050/mcp "HTTP/1.1 200 OK"
INFO:watchfiles.main:1 change detected
INFO:httpx:HTTP Request: DELETE http://localhost:8050/mcp "HTTP/1.1 200 OK"
INFO:watchfiles.main:1 change detected
INFO:watchfiles.main:1 change detected
INFO:watchfiles.main:1 change detected
INFO:httpx:HTTP Request: POST http://localhost:8050/mcp "HTTP/1.1 200 OK"
INFO:mcp.client.streamable_http:Received session ID: 17433b2485144d9d82338234edbade7c
INFO:mcp.client.streamable_http:Negotiated protocol version: 2025-06-18
INFO:watchfiles.main:1 change detected
INFO:httpx:HTTP Request: GET http://localhost:8050/mcp "HTTP/1.1 200 OK"
INFO:httpx:HTTP Request: POST http://localhost:8050/mcp "HTTP/1.1 202 Accepted"
INFO:httpx:HTTP Request: POST http://localhost:8050/mcp "HTTP/1.1 200 OK"
INFO:watchfiles.main:1 change detected
INFO:watchfiles.main:1 change detected
INFO:httpx:HTTP Request: POST http://localhost:8050/mcp "HTTP/1.1 200 OK"
INFO:watchfiles.main:1 change detected
INFO:httpx:HTTP Request: DELETE http://localhost:8050/mcp "HTTP/1.1 200 OK"
INFO:watchfiles.main:4 changes detected
INFO:watchfiles.main:1 change detected
INFO:watchfiles.main:1 change detected
INFO:httpx:HTTP Request: POST http://localhost:8050/mcp "HTTP/1.1 200 OK"
INFO:mcp.client.streamable_http:Received session ID: b9828fa99b00419f82cd8773fe550327
INFO:mcp.client.streamable_http:Negotiated protocol version: 2025-06-18
INFO:watchfiles.main:1 change detected
INFO:httpx:HTTP Request: GET http://localhost:8050/mcp "HTTP/1.1 200 OK"
INFO:httpx:HTTP Request: POST http://localhost:8050/mcp "HTTP/1.1 202 Accepted"
INFO:watchfiles.main:1 change detected
INFO:httpx:HTTP Request: POST http://localhost:8050/mcp "HTTP/1.1 200 OK"
INFO:httpx:HTTP Request: POST http://localhost:8050/mcp "HTTP/1.1 200 OK"
INFO:watchfiles.main:1 change detected
INFO:httpx:HTTP Request: DELETE http://localhost:8050/mcp "HTTP/1.1 200 OK"
INFO:watchfiles.main:1 change detected
INFO:watchfiles.main:1 change detected
INFO:watchfiles.main:1 change detected
INFO:httpx:HTTP Request: POST http://localhost:8050/mcp "HTTP/1.1 200 OK"
INFO:mcp.client.streamable_http:Received session ID: d5fd746344e24148b9f01ed103755167
INFO:mcp.client.streamable_http:Negotiated protocol version: 2025-06-18
INFO:watchfiles.main:1 change detected
INFO:httpx:HTTP Request: GET http://localhost:8050/mcp "HTTP/1.1 200 OK"
INFO:httpx:HTTP Request: POST http://localhost:8050/mcp "HTTP/1.1 202 Accepted"
INFO:httpx:HTTP Request: POST http://localhost:8050/mcp "HTTP/1.1 200 OK"
INFO:watchfiles.main:1 change detected
INFO:watchfiles.main:1 change detected
INFO:httpx:HTTP Request: POST http://localhost:8050/mcp "HTTP/1.1 200 OK"
INFO:watchfiles.main:1 change detected
INFO:httpx:HTTP Request: DELETE http://localhost:8050/mcp "HTTP/1.1 200 OK"
INFO:watchfiles.main:4 changes detected
INFO:watchfiles.main:1 change detected
INFO:watchfiles.main:1 change detected
INFO:httpx:HTTP Request: POST http://localhost:8050/mcp "HTTP/1.1 200 OK"
INFO:mcp.client.streamable_http:Received session ID: 8ac0712fe58842a088bc0db816d59a3f
INFO:mcp.client.streamable_http:Negotiated protocol version: 2025-06-18
INFO:watchfiles.main:1 change detected
INFO:httpx:HTTP Request: GET http://localhost:8050/mcp "HTTP/1.1 200 OK"
INFO:httpx:HTTP Request: POST http://localhost:8050/mcp "HTTP/1.1 202 Accepted"
INFO:httpx:HTTP Request: POST http://localhost:8050/mcp "HTTP/1.1 200 OK"
INFO:watchfiles.main:1 change detected
INFO:httpx:HTTP Request: POST http://localhost:8050/mcp "HTTP/1.1 200 OK"
INFO:watchfiles.main:1 change detected
INFO:httpx:HTTP Request: DELETE http://localhost:8050/mcp "HTTP/1.1 200 OK"
INFO:watchfiles.main:1 change detected
INFO:watchfiles.main:1 change detected
INFO:watchfiles.main:1 change detected
INFO:httpx:HTTP Request: POST http://localhost:8050/mcp "HTTP/1.1 200 OK"
INFO:mcp.client.streamable_http:Received session ID: 7f0b257df91d4b53819aecf7eceff390
INFO:mcp.client.streamable_http:Negotiated protocol version: 2025-06-18
INFO:httpx:HTTP Request: GET http://localhost:8050/mcp "HTTP/1.1 200 OK"
INFO:httpx:HTTP Request: POST http://localhost:8050/mcp "HTTP/1.1 202 Accepted"
INFO:watchfiles.main:1 change detected
INFO:httpx:HTTP Request: POST http://localhost:8050/mcp "HTTP/1.1 200 OK"
INFO:watchfiles.main:1 change detected
INFO:watchfiles.main:1 change detected
INFO:httpx:HTTP Request: POST http://localhost:8050/mcp "HTTP/1.1 200 OK"
INFO:httpx:HTTP Request: DELETE http://localhost:8050/mcp "HTTP/1.1 200 OK"
INFO:watchfiles.main:5 changes detected
INFO:watchfiles.main:1 change detected
INFO:watchfiles.main:1 change detected
INFO:httpx:HTTP Request: POST http://localhost:8050/mcp "HTTP/1.1 200 OK"
INFO:mcp.client.streamable_http:Received session ID: 1119512db0374eea9bc28e1fb3af38cc
INFO:mcp.client.streamable_http:Negotiated protocol version: 2025-06-18
INFO:watchfiles.main:1 change detected
INFO:httpx:HTTP Request: GET http://localhost:8050/mcp "HTTP/1.1 200 OK"
INFO:httpx:HTTP Request: POST http://localhost:8050/mcp "HTTP/1.1 202 Accepted"
INFO:httpx:HTTP Request: POST http://localhost:8050/mcp "HTTP/1.1 200 OK"
INFO:watchfiles.main:1 change detected
INFO:httpx:HTTP Request: POST http://localhost:8050/mcp "HTTP/1.1 200 OK"
INFO:watchfiles.main:1 change detected
INFO:httpx:HTTP Request: DELETE http://localhost:8050/mcp "HTTP/1.1 200 OK"
INFO:watchfiles.main:1 change detected
INFO:watchfiles.main:1 change detected
INFO:watchfiles.main:1 change detected
INFO:httpx:HTTP Request: POST http://localhost:8050/mcp "HTTP/1.1 200 OK"
INFO:mcp.client.streamable_http:Received session ID: 497a24c80cd34a7f9e2761b6146bc5f6
INFO:mcp.client.streamable_http:Negotiated protocol version: 2025-06-18
INFO:httpx:HTTP Request: POST http://localhost:8050/mcp "HTTP/1.1 202 Accepted"
INFO:httpx:HTTP Request: GET http://localhost:8050/mcp "HTTP/1.1 200 OK"
INFO:watchfiles.main:1 change detected
INFO:httpx:HTTP Request: POST http://localhost:8050/mcp "HTTP/1.1 200 OK"
INFO:watchfiles.main:1 change detected
INFO:watchfiles.main:1 change detected
INFO:httpx:HTTP Request: POST http://localhost:8050/mcp "HTTP/1.1 200 OK"
INFO:watchfiles.main:1 change detected
INFO:httpx:HTTP Request: DELETE http://localhost:8050/mcp "HTTP/1.1 200 OK"
INFO:watchfiles.main:4 changes detected
INFO:watchfiles.main:1 change detected
INFO:watchfiles.main:1 change detected
INFO:httpx:HTTP Request: POST http://localhost:8050/mcp "HTTP/1.1 200 OK"
INFO:mcp.client.streamable_http:Received session ID: 67a21e2948f14d019ddd9a44e480cceb
INFO:mcp.client.streamable_http:Negotiated protocol version: 2025-06-18
INFO:watchfiles.main:1 change detected
INFO:httpx:HTTP Request: GET http://localhost:8050/mcp "HTTP/1.1 200 OK"
INFO:httpx:HTTP Request: POST http://localhost:8050/mcp "HTTP/1.1 202 Accepted"
INFO:watchfiles.main:1 change detected
INFO:httpx:HTTP Request: POST http://localhost:8050/mcp "HTTP/1.1 200 OK"
INFO:httpx:HTTP Request: POST http://localhost:8050/mcp "HTTP/1.1 200 OK"
INFO:watchfiles.main:1 change detected
INFO:httpx:HTTP Request: DELETE http://localhost:8050/mcp "HTTP/1.1 200 OK"
INFO:watchfiles.main:1 change detected
INFO:watchfiles.main:1 change detected
INFO:watchfiles.main:1 change detected
INFO:httpx:HTTP Request: POST http://localhost:8050/mcp "HTTP/1.1 200 OK"
INFO:mcp.client.streamable_http:Received session ID: 05b6e22a80f141a88982b461a70240dd
INFO:mcp.client.streamable_http:Negotiated protocol version: 2025-06-18
INFO:watchfiles.main:1 change detected
INFO:httpx:HTTP Request: POST http://localhost:8050/mcp "HTTP/1.1 202 Accepted"
INFO:httpx:HTTP Request: GET http://localhost:8050/mcp "HTTP/1.1 200 OK"
INFO:httpx:HTTP Request: POST http://localhost:8050/mcp "HTTP/1.1 200 OK"
INFO:watchfiles.main:1 change detected
INFO:watchfiles.main:1 change detected
INFO:httpx:HTTP Request: POST http://localhost:8050/mcp "HTTP/1.1 200 OK"
INFO:watchfiles.main:1 change detected
INFO:httpx:HTTP Request: DELETE http://localhost:8050/mcp "HTTP/1.1 200 OK"
INFO:watchfiles.main:5 changes detected
INFO:watchfiles.main:1 change detected
INFO:watchfiles.main:1 change detected
INFO:httpx:HTTP Request: POST http://localhost:8050/mcp "HTTP/1.1 200 OK"
INFO:mcp.client.streamable_http:Received session ID: 892ee1ed38204c1381bff8e16a7fd5a4
INFO:mcp.client.streamable_http:Negotiated protocol version: 2025-06-18
INFO:watchfiles.main:1 change detected
INFO:httpx:HTTP Request: GET http://localhost:8050/mcp "HTTP/1.1 200 OK"
INFO:httpx:HTTP Request: POST http://localhost:8050/mcp "HTTP/1.1 202 Accepted"
INFO:httpx:HTTP Request: POST http://localhost:8050/mcp "HTTP/1.1 200 OK"
INFO:watchfiles.main:1 change detected
INFO:httpx:HTTP Request: POST http://localhost:8050/mcp "HTTP/1.1 200 OK"
INFO:watchfiles.main:1 change detected
INFO:httpx:HTTP Request: DELETE http://localhost:8050/mcp "HTTP/1.1 200 OK"
INFO:watchfiles.main:1 change detected
INFO:watchfiles.main:1 change detected
INFO:httpx:HTTP Request: POST http://localhost:8050/mcp "HTTP/1.1 200 OK"
INFO:mcp.client.streamable_http:Received session ID: 594a88f5cdec4bfd8c32106355bfa642
INFO:mcp.client.streamable_http:Negotiated protocol version: 2025-06-18
INFO:httpx:HTTP Request: GET http://localhost:8050/mcp "HTTP/1.1 200 OK"
INFO:httpx:HTTP Request: POST http://localhost:8050/mcp "HTTP/1.1 202 Accepted"
INFO:watchfiles.main:1 change detected
INFO:httpx:HTTP Request: POST http://localhost:8050/mcp "HTTP/1.1 200 OK"
INFO:watchfiles.main:1 change detected
INFO:watchfiles.main:1 change detected
INFO:httpx:HTTP Request: POST http://localhost:8050/mcp "HTTP/1.1 200 OK"
INFO:watchfiles.main:1 change detected
INFO:httpx:HTTP Request: DELETE http://localhost:8050/mcp "HTTP/1.1 200 OK"
INFO:watchfiles.main:5 changes detected
INFO:watchfiles.main:1 change detected
INFO:httpx:HTTP Request: POST http://localhost:8050/mcp "HTTP/1.1 200 OK"
INFO:mcp.client.streamable_http:Received session ID: 36c9ae3783ba43bb9725ad838e24311b
INFO:mcp.client.streamable_http:Negotiated protocol version: 2025-06-18
INFO:watchfiles.main:1 change detected
INFO:httpx:HTTP Request: GET http://localhost:8050/mcp "HTTP/1.1 200 OK"
INFO:httpx:HTTP Request: POST http://localhost:8050/mcp "HTTP/1.1 202 Accepted"
INFO:watchfiles.main:1 change detected
INFO:httpx:HTTP Request: POST http://localhost:8050/mcp "HTTP/1.1 200 OK"
INFO:httpx:HTTP Request: POST http://localhost:8050/mcp "HTTP/1.1 200 OK"
INFO:watchfiles.main:1 change detected
INFO:httpx:HTTP Request: DELETE http://localhost:8050/mcp "HTTP/1.1 200 OK"
INFO:watchfiles.main:1 change detected
INFO:watchfiles.main:1 change detected
INFO:httpx:HTTP Request: POST http://localhost:8050/mcp "HTTP/1.1 200 OK"
INFO:mcp.client.streamable_http:Received session ID: ed03b7910608446e8b6e11617e7d6ca6
INFO:mcp.client.streamable_http:Negotiated protocol version: 2025-06-18
INFO:watchfiles.main:1 change detected
INFO:httpx:HTTP Request: GET http://localhost:8050/mcp "HTTP/1.1 200 OK"
INFO:httpx:HTTP Request: POST http://localhost:8050/mcp "HTTP/1.1 202 Accepted"
INFO:httpx:HTTP Request: POST http://localhost:8050/mcp "HTTP/1.1 200 OK"
INFO:watchfiles.main:1 change detected
INFO:watchfiles.main:1 change detected
INFO:httpx:HTTP Request: POST http://localhost:8050/mcp "HTTP/1.1 200 OK"
INFO:httpx:HTTP Request: DELETE http://localhost:8050/mcp "HTTP/1.1 200 OK"
INFO:watchfiles.main:1 change detected
INFO:watchfiles.main:4 changes detected
INFO:httpx:HTTP Request: POST http://localhost:8050/mcp "HTTP/1.1 200 OK"
INFO:mcp.client.streamable_http:Received session ID: 3c954c208aa243d0afb822f170a3d9ec
INFO:mcp.client.streamable_http:Negotiated protocol version: 2025-06-18
INFO:watchfiles.main:1 change detected
INFO:httpx:HTTP Request: GET http://localhost:8050/mcp "HTTP/1.1 200 OK"
INFO:httpx:HTTP Request: POST http://localhost:8050/mcp "HTTP/1.1 202 Accepted"
INFO:watchfiles.main:1 change detected
INFO:httpx:HTTP Request: POST http://localhost:8050/mcp "HTTP/1.1 200 OK"
INFO:watchfiles.main:1 change detected
INFO:httpx:HTTP Request: POST http://localhost:8050/mcp "HTTP/1.1 200 OK"
INFO:httpx:HTTP Request: DELETE http://localhost:8050/mcp "HTTP/1.1 200 OK"
INFO:watchfiles.main:1 change detected
INFO:watchfiles.main:1 change detected
INFO:httpx:HTTP Request: POST http://localhost:8050/mcp "HTTP/1.1 200 OK"
INFO:mcp.client.streamable_http:Received session ID: c5d8c6a9815f49918af51416fe6213c7
INFO:mcp.client.streamable_http:Negotiated protocol version: 2025-06-18
INFO:watchfiles.main:1 change detected
INFO:httpx:HTTP Request: GET http://localhost:8050/mcp "HTTP/1.1 200 OK"
INFO:httpx:HTTP Request: POST http://localhost:8050/mcp "HTTP/1.1 202 Accepted"
INFO:watchfiles.main:1 change detected
INFO:httpx:HTTP Request: POST http://localhost:8050/mcp "HTTP/1.1 200 OK"
INFO:watchfiles.main:1 change detected
INFO:httpx:HTTP Request: POST http://localhost:8050/mcp "HTTP/1.1 200 OK"
INFO:watchfiles.main:1 change detected
INFO:httpx:HTTP Request: DELETE http://localhost:8050/mcp "HTTP/1.1 200 OK"
INFO:watchfiles.main:5 changes detected
INFO:watchfiles.main:1 change detected
INFO:httpx:HTTP Request: POST http://localhost:8050/mcp "HTTP/1.1 200 OK"
INFO:mcp.client.streamable_http:Received session ID: 8eb4c3364e6743fdb64105870c463df1
INFO:mcp.client.streamable_http:Negotiated protocol version: 2025-06-18
INFO:watchfiles.main:1 change detected
INFO:httpx:HTTP Request: GET http://localhost:8050/mcp "HTTP/1.1 200 OK"
INFO:httpx:HTTP Request: POST http://localhost:8050/mcp "HTTP/1.1 202 Accepted"
INFO:watchfiles.main:1 change detected
INFO:httpx:HTTP Request: POST http://localhost:8050/mcp "HTTP/1.1 200 OK"
INFO:watchfiles.main:1 change detected
INFO:httpx:HTTP Request: POST http://localhost:8050/mcp "HTTP/1.1 200 OK"
INFO:httpx:HTTP Request: DELETE http://localhost:8050/mcp "HTTP/1.1 200 OK"
INFO:watchfiles.main:1 change detected
INFO:watchfiles.main:1 change detected
INFO:httpx:HTTP Request: POST http://localhost:8050/mcp "HTTP/1.1 200 OK"
INFO:mcp.client.streamable_http:Received session ID: d5b6f65f29ff47fc9005f9fa0ef190d3
INFO:mcp.client.streamable_http:Negotiated protocol version: 2025-06-18
INFO:watchfiles.main:1 change detected
INFO:httpx:HTTP Request: POST http://localhost:8050/mcp "HTTP/1.1 202 Accepted"
INFO:httpx:HTTP Request: GET http://localhost:8050/mcp "HTTP/1.1 200 OK"
INFO:watchfiles.main:1 change detected
INFO:httpx:HTTP Request: POST http://localhost:8050/mcp "HTTP/1.1 200 OK"
INFO:watchfiles.main:1 change detected
INFO:httpx:HTTP Request: POST http://localhost:8050/mcp "HTTP/1.1 200 OK"
INFO:watchfiles.main:1 change detected
INFO:httpx:HTTP Request: DELETE http://localhost:8050/mcp "HTTP/1.1 200 OK"
INFO:watchfiles.main:5 changes detected
INFO:httpx:HTTP Request: POST http://localhost:8050/mcp "HTTP/1.1 200 OK"
INFO:mcp.client.streamable_http:Received session ID: 3fa5383492684fcab637fbff2fbc5a0a
INFO:mcp.client.streamable_http:Negotiated protocol version: 2025-06-18
INFO:watchfiles.main:1 change detected
INFO:httpx:HTTP Request: GET http://localhost:8050/mcp "HTTP/1.1 200 OK"
INFO:httpx:HTTP Request: POST http://localhost:8050/mcp "HTTP/1.1 202 Accepted"
INFO:watchfiles.main:1 change detected
INFO:httpx:HTTP Request: POST http://localhost:8050/mcp "HTTP/1.1 200 OK"
INFO:watchfiles.main:1 change detected
INFO:httpx:HTTP Request: POST http://localhost:8050/mcp "HTTP/1.1 200 OK"
INFO:httpx:HTTP Request: DELETE http://localhost:8050/mcp "HTTP/1.1 200 OK"
INFO:watchfiles.main:1 change detected
INFO:watchfiles.main:1 change detected
INFO:httpx:HTTP Request: POST http://localhost:8050/mcp "HTTP/1.1 200 OK"
INFO:mcp.client.streamable_http:Received session ID: 07baf53d54f14b73bf553919e224fa58
INFO:mcp.client.streamable_http:Negotiated protocol version: 2025-06-18
INFO:watchfiles.main:1 change detected
INFO:httpx:HTTP Request: POST http://localhost:8050/mcp "HTTP/1.1 202 Accepted"
INFO:httpx:HTTP Request: GET http://localhost:8050/mcp "HTTP/1.1 200 OK"
INFO:httpx:HTTP Request: POST http://localhost:8050/mcp "HTTP/1.1 200 OK"
INFO:watchfiles.main:1 change detected
INFO:watchfiles.main:1 change detected
INFO:httpx:HTTP Request: POST http://localhost:8050/mcp "HTTP/1.1 200 OK"
INFO:watchfiles.main:1 change detected
INFO:httpx:HTTP Request: DELETE http://localhost:8050/mcp "HTTP/1.1 200 OK"
INFO:watchfiles.main:4 changes detected
INFO:httpx:HTTP Request: POST http://localhost:8050/mcp "HTTP/1.1 200 OK"
INFO:mcp.client.streamable_http:Received session ID: 1f3e1efbc3f047b6801bac744d4ddb4e
INFO:mcp.client.streamable_http:Negotiated protocol version: 2025-06-18
INFO:watchfiles.main:1 change detected
INFO:httpx:HTTP Request: GET http://localhost:8050/mcp "HTTP/1.1 200 OK"
INFO:httpx:HTTP Request: POST http://localhost:8050/mcp "HTTP/1.1 202 Accepted"
INFO:watchfiles.main:1 change detected
INFO:httpx:HTTP Request: POST http://localhost:8050/mcp "HTTP/1.1 200 OK"
INFO:watchfiles.main:1 change detected
INFO:httpx:HTTP Request: POST http://localhost:8050/mcp "HTTP/1.1 200 OK"
INFO:httpx:HTTP Request: DELETE http://localhost:8050/mcp "HTTP/1.1 200 OK"
INFO:watchfiles.main:1 change detected
INFO:watchfiles.main:1 change detected
INFO:httpx:HTTP Request: POST http://localhost:8050/mcp "HTTP/1.1 200 OK"
INFO:mcp.client.streamable_http:Received session ID: bd50bd5268394c23be2eb22fc5dfd487
INFO:mcp.client.streamable_http:Negotiated protocol version: 2025-06-18
INFO:watchfiles.main:1 change detected
INFO:httpx:HTTP Request: GET http://localhost:8050/mcp "HTTP/1.1 200 OK"
INFO:httpx:HTTP Request: POST http://localhost:8050/mcp "HTTP/1.1 202 Accepted"
INFO:watchfiles.main:1 change detected
INFO:httpx:HTTP Request: POST http://localhost:8050/mcp "HTTP/1.1 200 OK"
INFO:watchfiles.main:1 change detected
INFO:httpx:HTTP Request: POST http://localhost:8050/mcp "HTTP/1.1 200 OK"
INFO:watchfiles.main:1 change detected
INFO:httpx:HTTP Request: DELETE http://localhost:8050/mcp "HTTP/1.1 200 OK"
INFO:watchfiles.main:5 changes detected
INFO:watchfiles.main:1 change detected
INFO:httpx:HTTP Request: POST http://localhost:8050/mcp "HTTP/1.1 200 OK"
INFO:mcp.client.streamable_http:Received session ID: 208fc835582e4f4ba90beb28ce99a06f
INFO:mcp.client.streamable_http:Negotiated protocol version: 2025-06-18
INFO:watchfiles.main:1 change detected
INFO:httpx:HTTP Request: GET http://localhost:8050/mcp "HTTP/1.1 200 OK"
INFO:httpx:HTTP Request: POST http://localhost:8050/mcp "HTTP/1.1 202 Accepted"
INFO:httpx:HTTP Request: POST http://localhost:8050/mcp "HTTP/1.1 200 OK"
INFO:watchfiles.main:1 change detected
INFO:httpx:HTTP Request: POST http://localhost:8050/mcp "HTTP/1.1 200 OK"
INFO:watchfiles.main:1 change detected
INFO:httpx:HTTP Request: DELETE http://localhost:8050/mcp "HTTP/1.1 200 OK"
INFO:watchfiles.main:1 change detected
INFO:watchfiles.main:1 change detected
INFO:httpx:HTTP Request: POST http://localhost:8050/mcp "HTTP/1.1 200 OK"
INFO:mcp.client.streamable_http:Received session ID: 9126b229289a491c8743c96294213d32
INFO:mcp.client.streamable_http:Negotiated protocol version: 2025-06-18
INFO:httpx:HTTP Request: GET http://localhost:8050/mcp "HTTP/1.1 200 OK"
INFO:httpx:HTTP Request: POST http://localhost:8050/mcp "HTTP/1.1 202 Accepted"
INFO:watchfiles.main:1 change detected
INFO:httpx:HTTP Request: POST http://localhost:8050/mcp "HTTP/1.1 200 OK"
INFO:watchfiles.main:1 change detected
INFO:watchfiles.main:1 change detected
INFO:httpx:HTTP Request: POST http://localhost:8050/mcp "HTTP/1.1 200 OK"
INFO:httpx:HTTP Request: DELETE http://localhost:8050/mcp "HTTP/1.1 200 OK"
INFO:watchfiles.main:5 changes detected
INFO:watchfiles.main:1 change detected
INFO:httpx:HTTP Request: POST http://localhost:8050/mcp "HTTP/1.1 200 OK"
INFO:mcp.client.streamable_http:Received session ID: d77fb3f601214a34b65734ba44d1573b
INFO:mcp.client.streamable_http:Negotiated protocol version: 2025-06-18
INFO:watchfiles.main:1 change detected
INFO:httpx:HTTP Request: GET http://localhost:8050/mcp "HTTP/1.1 200 OK"
INFO:httpx:HTTP Request: POST http://localhost:8050/mcp "HTTP/1.1 202 Accepted"
INFO:httpx:HTTP Request: POST http://localhost:8050/mcp "HTTP/1.1 200 OK"
INFO:watchfiles.main:1 change detected
INFO:httpx:HTTP Request: POST http://localhost:8050/mcp "HTTP/1.1 200 OK"
INFO:watchfiles.main:1 change detected
INFO:httpx:HTTP Request: DELETE http://localhost:8050/mcp "HTTP/1.1 200 OK"
INFO:watchfiles.main:1 change detected
INFO:watchfiles.main:1 change detected
INFO:httpx:HTTP Request: POST http://localhost:8050/mcp "HTTP/1.1 200 OK"
INFO:mcp.client.streamable_http:Received session ID: 68c52b8a93594e7c93cbb32878ca8fd8
INFO:mcp.client.streamable_http:Negotiated protocol version: 2025-06-18
INFO:httpx:HTTP Request: GET http://localhost:8050/mcp "HTTP/1.1 200 OK"
INFO:httpx:HTTP Request: POST http://localhost:8050/mcp "HTTP/1.1 202 Accepted"
INFO:watchfiles.main:1 change detected
INFO:httpx:HTTP Request: POST http://localhost:8050/mcp "HTTP/1.1 200 OK"
INFO:watchfiles.main:1 change detected
INFO:watchfiles.main:1 change detected
INFO:httpx:HTTP Request: POST http://localhost:8050/mcp "HTTP/1.1 200 OK"
INFO:httpx:HTTP Request: DELETE http://localhost:8050/mcp "HTTP/1.1 200 OK"
INFO:watchfiles.main:5 changes detected
INFO:watchfiles.main:1 change detected
INFO:httpx:HTTP Request: POST http://localhost:8050/mcp "HTTP/1.1 200 OK"
INFO:mcp.client.streamable_http:Received session ID: 2f3616b43cd2493c8ff45abf46748b4c
INFO:mcp.client.streamable_http:Negotiated protocol version: 2025-06-18
INFO:watchfiles.main:1 change detected
INFO:httpx:HTTP Request: GET http://localhost:8050/mcp "HTTP/1.1 200 OK"
INFO:httpx:HTTP Request: POST http://localhost:8050/mcp "HTTP/1.1 202 Accepted"
INFO:httpx:HTTP Request: POST http://localhost:8050/mcp "HTTP/1.1 200 OK"
INFO:watchfiles.main:1 change detected
INFO:httpx:HTTP Request: POST http://localhost:8050/mcp "HTTP/1.1 200 OK"
INFO:watchfiles.main:1 change detected
INFO:httpx:HTTP Request: DELETE http://localhost:8050/mcp "HTTP/1.1 200 OK"
INFO:watchfiles.main:1 change detected
INFO:httpx:HTTP Request: POST http://localhost:8050/mcp "HTTP/1.1 200 OK"
INFO:mcp.client.streamable_http:Received session ID: c98cfe1276184ff29be3b032b1af9acf
INFO:mcp.client.streamable_http:Negotiated protocol version: 2025-06-18
INFO:watchfiles.main:1 change detected
INFO:httpx:HTTP Request: GET http://localhost:8050/mcp "HTTP/1.1 200 OK"
INFO:httpx:HTTP Request: POST http://localhost:8050/mcp "HTTP/1.1 202 Accepted"
INFO:watchfiles.main:1 change detected
INFO:httpx:HTTP Request: POST http://localhost:8050/mcp "HTTP/1.1 200 OK"
INFO:watchfiles.main:1 change detected
INFO:watchfiles.main:1 change detected
INFO:httpx:HTTP Request: POST http://localhost:8050/mcp "HTTP/1.1 200 OK"
INFO:watchfiles.main:1 change detected
INFO:httpx:HTTP Request: DELETE http://localhost:8050/mcp "HTTP/1.1 200 OK"
INFO:watchfiles.main:5 changes detected
INFO:watchfiles.main:1 change detected
INFO:httpx:HTTP Request: POST http://localhost:8050/mcp "HTTP/1.1 200 OK"
INFO:mcp.client.streamable_http:Received session ID: 5b4d79e03d0346a8a8a391e70a0f8c5a
INFO:mcp.client.streamable_http:Negotiated protocol version: 2025-06-18
INFO:httpx:HTTP Request: POST http://localhost:8050/mcp "HTTP/1.1 202 Accepted"
INFO:httpx:HTTP Request: GET http://localhost:8050/mcp "HTTP/1.1 200 OK"
INFO:watchfiles.main:1 change detected
INFO:httpx:HTTP Request: POST http://localhost:8050/mcp "HTTP/1.1 200 OK"
INFO:watchfiles.main:1 change detected
INFO:httpx:HTTP Request: POST http://localhost:8050/mcp "HTTP/1.1 200 OK"
INFO:httpx:HTTP Request: DELETE http://localhost:8050/mcp "HTTP/1.1 200 OK"
INFO:watchfiles.main:1 change detected
INFO:watchfiles.main:1 change detected
INFO:httpx:HTTP Request: POST http://localhost:8050/mcp "HTTP/1.1 200 OK"
INFO:mcp.client.streamable_http:Received session ID: e5b2b302737444528baf54104decca32
INFO:mcp.client.streamable_http:Negotiated protocol version: 2025-06-18
INFO:watchfiles.main:1 change detected
INFO:httpx:HTTP Request: GET http://localhost:8050/mcp "HTTP/1.1 200 OK"
INFO:httpx:HTTP Request: POST http://localhost:8050/mcp "HTTP/1.1 202 Accepted"
INFO:httpx:HTTP Request: POST http://localhost:8050/mcp "HTTP/1.1 200 OK"
INFO:watchfiles.main:1 change detected
INFO:watchfiles.main:1 change detected
INFO:httpx:HTTP Request: POST http://localhost:8050/mcp "HTTP/1.1 200 OK"
INFO:watchfiles.main:1 change detected
INFO:httpx:HTTP Request: DELETE http://localhost:8050/mcp "HTTP/1.1 200 OK"
INFO:watchfiles.main:4 changes detected
INFO:watchfiles.main:1 change detected
INFO:httpx:HTTP Request: POST http://localhost:8050/mcp "HTTP/1.1 200 OK"
INFO:mcp.client.streamable_http:Received session ID: cc4db230eb85420fa01603cb3e56860c
INFO:mcp.client.streamable_http:Negotiated protocol version: 2025-06-18
INFO:httpx:HTTP Request: GET http://localhost:8050/mcp "HTTP/1.1 200 OK"
INFO:httpx:HTTP Request: POST http://localhost:8050/mcp "HTTP/1.1 202 Accepted"
INFO:watchfiles.main:1 change detected
INFO:httpx:HTTP Request: POST http://localhost:8050/mcp "HTTP/1.1 200 OK"
INFO:watchfiles.main:1 change detected
INFO:httpx:HTTP Request: POST http://localhost:8050/mcp "HTTP/1.1 200 OK"
INFO:watchfiles.main:1 change detected
INFO:httpx:HTTP Request: DELETE http://localhost:8050/mcp "HTTP/1.1 200 OK"
INFO:watchfiles.main:1 change detected
INFO:httpx:HTTP Request: POST http://localhost:8050/mcp "HTTP/1.1 200 OK"
INFO:mcp.client.streamable_http:Received session ID: 089c8f174d004c2d8e58297a7398e512
INFO:mcp.client.streamable_http:Negotiated protocol version: 2025-06-18
INFO:watchfiles.main:1 change detected
INFO:httpx:HTTP Request: GET http://localhost:8050/mcp "HTTP/1.1 200 OK"
INFO:httpx:HTTP Request: POST http://localhost:8050/mcp "HTTP/1.1 202 Accepted"
INFO:watchfiles.main:1 change detected
INFO:httpx:HTTP Request: POST http://localhost:8050/mcp "HTTP/1.1 200 OK"
INFO:watchfiles.main:1 change detected
INFO:httpx:HTTP Request: POST http://localhost:8050/mcp "HTTP/1.1 200 OK"
INFO:watchfiles.main:1 change detected
INFO:httpx:HTTP Request: DELETE http://localhost:8050/mcp "HTTP/1.1 200 OK"
INFO:watchfiles.main:4 changes detected
INFO:httpx:HTTP Request: POST http://localhost:8050/mcp "HTTP/1.1 200 OK"
INFO:mcp.client.streamable_http:Received session ID: b1840a8cdc1b4ac1aeecdad842b6f1df
INFO:mcp.client.streamable_http:Negotiated protocol version: 2025-06-18
INFO:watchfiles.main:1 change detected
INFO:httpx:HTTP Request: GET http://localhost:8050/mcp "HTTP/1.1 200 OK"
INFO:httpx:HTTP Request: POST http://localhost:8050/mcp "HTTP/1.1 202 Accepted"
INFO:watchfiles.main:1 change detected
INFO:httpx:HTTP Request: POST http://localhost:8050/mcp "HTTP/1.1 200 OK"
INFO:watchfiles.main:1 change detected
INFO:httpx:HTTP Request: POST http://localhost:8050/mcp "HTTP/1.1 200 OK"
INFO:watchfiles.main:1 change detected
INFO:httpx:HTTP Request: DELETE http://localhost:8050/mcp "HTTP/1.1 200 OK"
INFO:watchfiles.main:1 change detected
INFO:watchfiles.main:1 change detected
INFO:httpx:HTTP Request: POST http://localhost:8050/mcp "HTTP/1.1 200 OK"
INFO:mcp.client.streamable_http:Received session ID: c9edc7176ae145309728133bd22a19e2
INFO:mcp.client.streamable_http:Negotiated protocol version: 2025-06-18
INFO:httpx:HTTP Request: GET http://localhost:8050/mcp "HTTP/1.1 200 OK"
INFO:httpx:HTTP Request: POST http://localhost:8050/mcp "HTTP/1.1 202 Accepted"
INFO:watchfiles.main:1 change detected
INFO:httpx:HTTP Request: POST http://localhost:8050/mcp "HTTP/1.1 200 OK"
INFO:watchfiles.main:1 change detected
INFO:httpx:HTTP Request: POST http://localhost:8050/mcp "HTTP/1.1 200 OK"
INFO:watchfiles.main:1 change detected
INFO:httpx:HTTP Request: DELETE http://localhost:8050/mcp "HTTP/1.1 200 OK"
INFO:watchfiles.main:5 changes detected
INFO:watchfiles.main:1 change detected
INFO:httpx:HTTP Request: POST http://localhost:8050/mcp "HTTP/1.1 200 OK"
INFO:mcp.client.streamable_http:Received session ID: d70281e73d6d424983dab3994f90d84c
INFO:mcp.client.streamable_http:Negotiated protocol version: 2025-06-18
INFO:watchfiles.main:1 change detected
INFO:httpx:HTTP Request: GET http://localhost:8050/mcp "HTTP/1.1 200 OK"
INFO:httpx:HTTP Request: POST http://localhost:8050/mcp "HTTP/1.1 202 Accepted"
INFO:watchfiles.main:1 change detected
INFO:httpx:HTTP Request: POST http://localhost:8050/mcp "HTTP/1.1 200 OK"
INFO:httpx:HTTP Request: POST http://localhost:8050/mcp "HTTP/1.1 200 OK"
INFO:watchfiles.main:1 change detected
INFO:httpx:HTTP Request: DELETE http://localhost:8050/mcp "HTTP/1.1 200 OK"
INFO:watchfiles.main:1 change detected
INFO:watchfiles.main:1 change detected
INFO:httpx:HTTP Request: POST http://localhost:8050/mcp "HTTP/1.1 200 OK"
INFO:mcp.client.streamable_http:Received session ID: b46c6adca2b3403f94d55590b77bdc40
INFO:mcp.client.streamable_http:Negotiated protocol version: 2025-06-18
INFO:watchfiles.main:1 change detected
INFO:httpx:HTTP Request: GET http://localhost:8050/mcp "HTTP/1.1 200 OK"
INFO:httpx:HTTP Request: POST http://localhost:8050/mcp "HTTP/1.1 202 Accepted"
INFO:httpx:HTTP Request: POST http://localhost:8050/mcp "HTTP/1.1 200 OK"
INFO:watchfiles.main:1 change detected
INFO:watchfiles.main:1 change detected
INFO:httpx:HTTP Request: POST http://localhost:8050/mcp "HTTP/1.1 200 OK"
INFO:watchfiles.main:1 change detected
INFO:httpx:HTTP Request: DELETE http://localhost:8050/mcp "HTTP/1.1 200 OK"
INFO:watchfiles.main:4 changes detected
INFO:watchfiles.main:1 change detected
INFO:httpx:HTTP Request: POST http://localhost:8050/mcp "HTTP/1.1 200 OK"
INFO:mcp.client.streamable_http:Received session ID: afec75f3eb204409a075bf4f255c9db8
INFO:mcp.client.streamable_http:Negotiated protocol version: 2025-06-18
INFO:watchfiles.main:1 change detected
INFO:httpx:HTTP Request: GET http://localhost:8050/mcp "HTTP/1.1 200 OK"
INFO:httpx:HTTP Request: POST http://localhost:8050/mcp "HTTP/1.1 202 Accepted"
INFO:httpx:HTTP Request: POST http://localhost:8050/mcp "HTTP/1.1 200 OK"
INFO:watchfiles.main:1 change detected
INFO:httpx:HTTP Request: POST http://localhost:8050/mcp "HTTP/1.1 200 OK"
INFO:watchfiles.main:1 change detected
INFO:httpx:HTTP Request: DELETE http://localhost:8050/mcp "HTTP/1.1 200 OK"
INFO:watchfiles.main:1 change detected
INFO:watchfiles.main:1 change detected
INFO:httpx:HTTP Request: POST http://localhost:8050/mcp "HTTP/1.1 200 OK"
INFO:mcp.client.streamable_http:Received session ID: f102f86066194e02a7eaa60543a3b9f9
INFO:mcp.client.streamable_http:Negotiated protocol version: 2025-06-18
INFO:httpx:HTTP Request: GET http://localhost:8050/mcp "HTTP/1.1 200 OK"
INFO:httpx:HTTP Request: POST http://localhost:8050/mcp "HTTP/1.1 202 Accepted"
INFO:watchfiles.main:1 change detected
INFO:httpx:HTTP Request: POST http://localhost:8050/mcp "HTTP/1.1 200 OK"
INFO:watchfiles.main:1 change detected
INFO:watchfiles.main:1 change detected
INFO:httpx:HTTP Request: POST http://localhost:8050/mcp "HTTP/1.1 200 OK"
INFO:httpx:HTTP Request: DELETE http://localhost:8050/mcp "HTTP/1.1 200 OK"
INFO:watchfiles.main:5 changes detected
INFO:watchfiles.main:1 change detected
INFO:httpx:HTTP Request: POST http://localhost:8050/mcp "HTTP/1.1 200 OK"
INFO:mcp.client.streamable_http:Received session ID: f26c03d81b154fda9185598152776960
INFO:mcp.client.streamable_http:Negotiated protocol version: 2025-06-18
INFO:watchfiles.main:1 change detected
INFO:httpx:HTTP Request: GET http://localhost:8050/mcp "HTTP/1.1 200 OK"
INFO:httpx:HTTP Request: POST http://localhost:8050/mcp "HTTP/1.1 202 Accepted"
INFO:httpx:HTTP Request: POST http://localhost:8050/mcp "HTTP/1.1 200 OK"
INFO:watchfiles.main:1 change detected
INFO:httpx:HTTP Request: POST http://localhost:8050/mcp "HTTP/1.1 200 OK"
INFO:watchfiles.main:1 change detected
INFO:httpx:HTTP Request: DELETE http://localhost:8050/mcp "HTTP/1.1 200 OK"
INFO:watchfiles.main:1 change detected
INFO:httpx:HTTP Request: POST http://localhost:8050/mcp "HTTP/1.1 200 OK"
INFO:watchfiles.main:1 change detected
INFO:mcp.client.streamable_http:Received session ID: 77528ae3936b4a0eb7a9b019d05a0056
INFO:mcp.client.streamable_http:Negotiated protocol version: 2025-06-18
INFO:httpx:HTTP Request: GET http://localhost:8050/mcp "HTTP/1.1 200 OK"
INFO:httpx:HTTP Request: POST http://localhost:8050/mcp "HTTP/1.1 202 Accepted"
INFO:watchfiles.main:1 change detected
INFO:httpx:HTTP Request: POST http://localhost:8050/mcp "HTTP/1.1 200 OK"
INFO:watchfiles.main:1 change detected
INFO:httpx:HTTP Request: POST http://localhost:8050/mcp "HTTP/1.1 200 OK"
INFO:watchfiles.main:1 change detected
INFO:httpx:HTTP Request: DELETE http://localhost:8050/mcp "HTTP/1.1 200 OK"
INFO:watchfiles.main:5 changes detected
INFO:watchfiles.main:1 change detected
INFO:httpx:HTTP Request: POST http://localhost:8050/mcp "HTTP/1.1 200 OK"
INFO:mcp.client.streamable_http:Received session ID: 1e0d3f8fdbc04b94b63478bdb54edcc5
INFO:mcp.client.streamable_http:Negotiated protocol version: 2025-06-18
INFO:watchfiles.main:1 change detected
INFO:httpx:HTTP Request: GET http://localhost:8050/mcp "HTTP/1.1 200 OK"
INFO:httpx:HTTP Request: POST http://localhost:8050/mcp "HTTP/1.1 202 Accepted"
INFO:httpx:HTTP Request: POST http://localhost:8050/mcp "HTTP/1.1 200 OK"
INFO:watchfiles.main:1 change detected
INFO:httpx:HTTP Request: POST http://localhost:8050/mcp "HTTP/1.1 200 OK"
INFO:watchfiles.main:1 change detected
INFO:httpx:HTTP Request: DELETE http://localhost:8050/mcp "HTTP/1.1 200 OK"
INFO:watchfiles.main:1 change detected
INFO:watchfiles.main:1 change detected
INFO:httpx:HTTP Request: POST http://localhost:8050/mcp "HTTP/1.1 200 OK"
INFO:mcp.client.streamable_http:Received session ID: 2b854e6b21494abbbf8a7eb4840dfca0
INFO:mcp.client.streamable_http:Negotiated protocol version: 2025-06-18
INFO:watchfiles.main:1 change detected
INFO:httpx:HTTP Request: GET http://localhost:8050/mcp "HTTP/1.1 200 OK"
INFO:httpx:HTTP Request: POST http://localhost:8050/mcp "HTTP/1.1 202 Accepted"
INFO:httpx:HTTP Request: POST http://localhost:8050/mcp "HTTP/1.1 200 OK"
INFO:watchfiles.main:1 change detected
INFO:watchfiles.main:1 change detected
INFO:httpx:HTTP Request: POST http://localhost:8050/mcp "HTTP/1.1 200 OK"
INFO:watchfiles.main:1 change detected
INFO:httpx:HTTP Request: DELETE http://localhost:8050/mcp "HTTP/1.1 200 OK"
INFO:watchfiles.main:4 changes detected
INFO:watchfiles.main:1 change detected
INFO:httpx:HTTP Request: POST http://localhost:8050/mcp "HTTP/1.1 200 OK"
INFO:mcp.client.streamable_http:Received session ID: 338e8503e7e84e22979c8c330b6fe7ce
INFO:mcp.client.streamable_http:Negotiated protocol version: 2025-06-18
INFO:watchfiles.main:1 change detected
INFO:httpx:HTTP Request: GET http://localhost:8050/mcp "HTTP/1.1 200 OK"
INFO:httpx:HTTP Request: POST http://localhost:8050/mcp "HTTP/1.1 202 Accepted"
INFO:watchfiles.main:1 change detected
INFO:httpx:HTTP Request: POST http://localhost:8050/mcp "HTTP/1.1 200 OK"
INFO:httpx:HTTP Request: POST http://localhost:8050/mcp "HTTP/1.1 200 OK"
INFO:watchfiles.main:1 change detected
INFO:httpx:HTTP Request: DELETE http://localhost:8050/mcp "HTTP/1.1 200 OK"
INFO:watchfiles.main:1 change detected
INFO:watchfiles.main:1 change detected
INFO:httpx:HTTP Request: POST http://localhost:8050/mcp "HTTP/1.1 200 OK"
INFO:mcp.client.streamable_http:Received session ID: bc1c0dc6582a43b183f65970e1a69a0d
INFO:mcp.client.streamable_http:Negotiated protocol version: 2025-06-18
INFO:watchfiles.main:1 change detected
INFO:httpx:HTTP Request: GET http://localhost:8050/mcp "HTTP/1.1 200 OK"
INFO:httpx:HTTP Request: POST http://localhost:8050/mcp "HTTP/1.1 202 Accepted"
INFO:httpx:HTTP Request: POST http://localhost:8050/mcp "HTTP/1.1 200 OK"
INFO:watchfiles.main:1 change detected
INFO:watchfiles.main:1 change detected
INFO:httpx:HTTP Request: POST http://localhost:8050/mcp "HTTP/1.1 200 OK"
INFO:watchfiles.main:1 change detected
INFO:httpx:HTTP Request: DELETE http://localhost:8050/mcp "HTTP/1.1 200 OK"
INFO:watchfiles.main:4 changes detected
INFO:watchfiles.main:1 change detected
INFO:httpx:HTTP Request: POST http://localhost:8050/mcp "HTTP/1.1 200 OK"
INFO:mcp.client.streamable_http:Received session ID: 6900f1ead46848deb642e4678acf11e8
INFO:mcp.client.streamable_http:Negotiated protocol version: 2025-06-18
INFO:watchfiles.main:1 change detected
INFO:httpx:HTTP Request: GET http://localhost:8050/mcp "HTTP/1.1 200 OK"
INFO:httpx:HTTP Request: POST http://localhost:8050/mcp "HTTP/1.1 202 Accepted"
INFO:watchfiles.main:1 change detected
INFO:httpx:HTTP Request: POST http://localhost:8050/mcp "HTTP/1.1 200 OK"
INFO:watchfiles.main:1 change detected
INFO:httpx:HTTP Request: POST http://localhost:8050/mcp "HTTP/1.1 200 OK"
INFO:watchfiles.main:1 change detected
INFO:httpx:HTTP Request: DELETE http://localhost:8050/mcp "HTTP/1.1 200 OK"
INFO:watchfiles.main:1 change detected
INFO:watchfiles.main:1 change detected
INFO:httpx:HTTP Request: POST http://localhost:8050/mcp "HTTP/1.1 200 OK"
INFO:mcp.client.streamable_http:Received session ID: c6d97a4a33ba4d5f86cca33aceb4fa9d
INFO:mcp.client.streamable_http:Negotiated protocol version: 2025-06-18
INFO:httpx:HTTP Request: GET http://localhost:8050/mcp "HTTP/1.1 200 OK"
INFO:httpx:HTTP Request: POST http://localhost:8050/mcp "HTTP/1.1 202 Accepted"
INFO:watchfiles.main:1 change detected
INFO:httpx:HTTP Request: POST http://localhost:8050/mcp "HTTP/1.1 200 OK"
INFO:watchfiles.main:1 change detected
INFO:watchfiles.main:1 change detected
INFO:httpx:HTTP Request: POST http://localhost:8050/mcp "HTTP/1.1 200 OK"
INFO:httpx:HTTP Request: DELETE http://localhost:8050/mcp "HTTP/1.1 200 OK"
INFO:watchfiles.main:9 changes detected
INFO:httpx:HTTP Request: POST http://localhost:8050/mcp "HTTP/1.1 200 OK"
INFO:mcp.client.streamable_http:Received session ID: d7841acccc1346eda8e75ba58ce42159
INFO:mcp.client.streamable_http:Negotiated protocol version: 2025-06-18
INFO:watchfiles.main:339 changes detected
INFO:httpx:HTTP Request: GET http://localhost:8050/mcp "HTTP/1.1 200 OK"
INFO:httpx:HTTP Request: POST http://localhost:8050/mcp "HTTP/1.1 202 Accepted"
INFO:watchfiles.main:244 changes detected
INFO:httpx:HTTP Request: POST http://localhost:8050/mcp "HTTP/1.1 200 OK"
INFO:httpx:HTTP Request: POST http://localhost:8050/mcp "HTTP/1.1 200 OK"
INFO:watchfiles.main:317 changes detected
INFO:httpx:HTTP Request: DELETE http://localhost:8050/mcp "HTTP/1.1 200 OK"
INFO:watchfiles.main:175 changes detected
INFO:httpx:HTTP Request: POST http://localhost:8050/mcp "HTTP/1.1 200 OK"
INFO:mcp.client.streamable_http:Received session ID: eac8830f08e14a5aa8b14482a6670501
INFO:mcp.client.streamable_http:Negotiated protocol version: 2025-06-18
INFO:watchfiles.main:141 changes detected
INFO:httpx:HTTP Request: GET http://localhost:8050/mcp "HTTP/1.1 200 OK"
INFO:httpx:HTTP Request: POST http://localhost:8050/mcp "HTTP/1.1 202 Accepted"
INFO:httpx:HTTP Request: POST http://localhost:8050/mcp "HTTP/1.1 200 OK"
INFO:watchfiles.main:1 change detected
INFO:watchfiles.main:1 change detected
INFO:watchfiles.main:1 change detected
INFO:httpx:HTTP Request: POST http://localhost:8050/mcp "HTTP/1.1 200 OK"
INFO:httpx:HTTP Request: DELETE http://localhost:8050/mcp "HTTP/1.1 200 OK"
INFO:watchfiles.main:5 changes detected
INFO:watchfiles.main:1 change detected
INFO:httpx:HTTP Request: POST http://localhost:8050/mcp "HTTP/1.1 200 OK"
INFO:mcp.client.streamable_http:Received session ID: 64dad8d3a9c44d2eb0389e594785f6e7
INFO:mcp.client.streamable_http:Negotiated protocol version: 2025-06-18
INFO:watchfiles.main:1 change detected
INFO:httpx:HTTP Request: POST http://localhost:8050/mcp "HTTP/1.1 202 Accepted"
INFO:httpx:HTTP Request: GET http://localhost:8050/mcp "HTTP/1.1 200 OK"
INFO:httpx:HTTP Request: POST http://localhost:8050/mcp "HTTP/1.1 200 OK"
INFO:watchfiles.main:1 change detected
INFO:httpx:HTTP Request: POST http://localhost:8050/mcp "HTTP/1.1 200 OK"
INFO:watchfiles.main:1 change detected
INFO:httpx:HTTP Request: DELETE http://localhost:8050/mcp "HTTP/1.1 200 OK"
INFO:watchfiles.main:1 change detected
INFO:httpx:HTTP Request: POST http://localhost:8050/mcp "HTTP/1.1 200 OK"
INFO:mcp.client.streamable_http:Received session ID: 1e42a0629b444b34b060c25bdbd81474
INFO:mcp.client.streamable_http:Negotiated protocol version: 2025-06-18
INFO:watchfiles.main:1 change detected
INFO:httpx:HTTP Request: GET http://localhost:8050/mcp "HTTP/1.1 200 OK"
INFO:httpx:HTTP Request: POST http://localhost:8050/mcp "HTTP/1.1 202 Accepted"
INFO:watchfiles.main:1 change detected
INFO:httpx:HTTP Request: POST http://localhost:8050/mcp "HTTP/1.1 200 OK"
INFO:watchfiles.main:1 change detected
INFO:httpx:HTTP Request: POST http://localhost:8050/mcp "HTTP/1.1 200 OK"
INFO:watchfiles.main:1 change detected
INFO:httpx:HTTP Request: DELETE http://localhost:8050/mcp "HTTP/1.1 200 OK"
INFO:watchfiles.main:5 changes detected
INFO:watchfiles.main:1 change detected
INFO:httpx:HTTP Request: POST http://localhost:8050/mcp "HTTP/1.1 200 OK"
INFO:mcp.client.streamable_http:Received session ID: 233ab22a013e4effbd5ca2a16be0568e
INFO:mcp.client.streamable_http:Negotiated protocol version: 2025-06-18
INFO:watchfiles.main:1 change detected
INFO:httpx:HTTP Request: GET http://localhost:8050/mcp "HTTP/1.1 200 OK"
INFO:httpx:HTTP Request: POST http://localhost:8050/mcp "HTTP/1.1 202 Accepted"
INFO:httpx:HTTP Request: POST http://localhost:8050/mcp "HTTP/1.1 200 OK"
INFO:watchfiles.main:1 change detected
INFO:httpx:HTTP Request: POST http://localhost:8050/mcp "HTTP/1.1 200 OK"
INFO:watchfiles.main:1 change detected
INFO:httpx:HTTP Request: DELETE http://localhost:8050/mcp "HTTP/1.1 200 OK"
INFO:watchfiles.main:1 change detected
INFO:watchfiles.main:1 change detected
INFO:watchfiles.main:1 change detected
INFO:httpx:HTTP Request: POST http://localhost:8050/mcp "HTTP/1.1 200 OK"
INFO:mcp.client.streamable_http:Received session ID: 942dd9758c1b4770a8adde4c87c6c84a
INFO:mcp.client.streamable_http:Negotiated protocol version: 2025-06-18
INFO:watchfiles.main:1 change detected
INFO:httpx:HTTP Request: GET http://localhost:8050/mcp "HTTP/1.1 200 OK"
INFO:httpx:HTTP Request: POST http://localhost:8050/mcp "HTTP/1.1 202 Accepted"
INFO:httpx:HTTP Request: POST http://localhost:8050/mcp "HTTP/1.1 200 OK"
INFO:watchfiles.main:1 change detected
INFO:watchfiles.main:1 change detected
INFO:httpx:HTTP Request: POST http://localhost:8050/mcp "HTTP/1.1 200 OK"
INFO:watchfiles.main:1 change detected
INFO:httpx:HTTP Request: DELETE http://localhost:8050/mcp "HTTP/1.1 200 OK"
INFO:watchfiles.main:4 changes detected
INFO:watchfiles.main:1 change detected
INFO:watchfiles.main:1 change detected
INFO:httpx:HTTP Request: POST http://localhost:8050/mcp "HTTP/1.1 200 OK"
INFO:mcp.client.streamable_http:Received session ID: ed874bb8f5074419b71edd17c4ad18da
INFO:mcp.client.streamable_http:Negotiated protocol version: 2025-06-18
INFO:watchfiles.main:1 change detected
INFO:httpx:HTTP Request: GET http://localhost:8050/mcp "HTTP/1.1 200 OK"
INFO:httpx:HTTP Request: POST http://localhost:8050/mcp "HTTP/1.1 202 Accepted"
INFO:httpx:HTTP Request: POST http://localhost:8050/mcp "HTTP/1.1 200 OK"
INFO:watchfiles.main:1 change detected
INFO:watchfiles.main:1 change detected
INFO:httpx:HTTP Request: POST http://localhost:8050/mcp "HTTP/1.1 200 OK"
INFO:watchfiles.main:1 change detected
INFO:httpx:HTTP Request: DELETE http://localhost:8050/mcp "HTTP/1.1 200 OK"
INFO:watchfiles.main:1 change detected
INFO:watchfiles.main:1 change detected
INFO:watchfiles.main:1 change detected
INFO:httpx:HTTP Request: POST http://localhost:8050/mcp "HTTP/1.1 200 OK"
INFO:mcp.client.streamable_http:Received session ID: 641d4955574a4f88ab810238063c0003
INFO:mcp.client.streamable_http:Negotiated protocol version: 2025-06-18
INFO:httpx:HTTP Request: GET http://localhost:8050/mcp "HTTP/1.1 200 OK"
INFO:httpx:HTTP Request: POST http://localhost:8050/mcp "HTTP/1.1 202 Accepted"
INFO:watchfiles.main:1 change detected
INFO:httpx:HTTP Request: POST http://localhost:8050/mcp "HTTP/1.1 200 OK"
INFO:watchfiles.main:1 change detected
INFO:watchfiles.main:1 change detected
INFO:httpx:HTTP Request: POST http://localhost:8050/mcp "HTTP/1.1 200 OK"
INFO:httpx:HTTP Request: DELETE http://localhost:8050/mcp "HTTP/1.1 200 OK"
INFO:watchfiles.main:5 changes detected
INFO:watchfiles.main:1 change detected
INFO:watchfiles.main:1 change detected
INFO:httpx:HTTP Request: POST http://localhost:8050/mcp "HTTP/1.1 200 OK"
INFO:mcp.client.streamable_http:Received session ID: a75a12f55a5d45faa5c0c0521bd2a44e
INFO:mcp.client.streamable_http:Negotiated protocol version: 2025-06-18
INFO:watchfiles.main:1 change detected
INFO:httpx:HTTP Request: GET http://localhost:8050/mcp "HTTP/1.1 200 OK"
INFO:httpx:HTTP Request: POST http://localhost:8050/mcp "HTTP/1.1 202 Accepted"
INFO:httpx:HTTP Request: POST http://localhost:8050/mcp "HTTP/1.1 200 OK"
INFO:watchfiles.main:1 change detected
INFO:httpx:HTTP Request: POST http://localhost:8050/mcp "HTTP/1.1 200 OK"
INFO:watchfiles.main:1 change detected
INFO:httpx:HTTP Request: DELETE http://localhost:8050/mcp "HTTP/1.1 200 OK"
INFO:watchfiles.main:1 change detected
INFO:watchfiles.main:1 change detected
INFO:watchfiles.main:1 change detected
INFO:httpx:HTTP Request: POST http://localhost:8050/mcp "HTTP/1.1 200 OK"
INFO:mcp.client.streamable_http:Received session ID: f590263d73c044ca8e9adb5f0eca7195
INFO:mcp.client.streamable_http:Negotiated protocol version: 2025-06-18
INFO:httpx:HTTP Request: GET http://localhost:8050/mcp "HTTP/1.1 200 OK"
INFO:httpx:HTTP Request: POST http://localhost:8050/mcp "HTTP/1.1 202 Accepted"
INFO:watchfiles.main:1 change detected
INFO:httpx:HTTP Request: POST http://localhost:8050/mcp "HTTP/1.1 200 OK"
INFO:watchfiles.main:1 change detected
INFO:watchfiles.main:1 change detected
INFO:httpx:HTTP Request: POST http://localhost:8050/mcp "HTTP/1.1 200 OK"
INFO:httpx:HTTP Request: DELETE http://localhost:8050/mcp "HTTP/1.1 200 OK"
INFO:watchfiles.main:1 change detected
INFO:watchfiles.main:5 changes detected
INFO:watchfiles.main:1 change detected
INFO:httpx:HTTP Request: POST http://localhost:8050/mcp "HTTP/1.1 200 OK"
INFO:mcp.client.streamable_http:Received session ID: c4797c3155584e099f012c1f5ce9aec4
INFO:mcp.client.streamable_http:Negotiated protocol version: 2025-06-18
INFO:watchfiles.main:1 change detected
INFO:httpx:HTTP Request: GET http://localhost:8050/mcp "HTTP/1.1 200 OK"
INFO:httpx:HTTP Request: POST http://localhost:8050/mcp "HTTP/1.1 202 Accepted"
INFO:watchfiles.main:1 change detected
INFO:httpx:HTTP Request: POST http://localhost:8050/mcp "HTTP/1.1 200 OK"
INFO:watchfiles.main:1 change detected
INFO:httpx:HTTP Request: POST http://localhost:8050/mcp "HTTP/1.1 200 OK"
INFO:httpx:HTTP Request: DELETE http://localhost:8050/mcp "HTTP/1.1 200 OK"
INFO:watchfiles.main:1 change detected
INFO:watchfiles.main:1 change detected
INFO:watchfiles.main:1 change detected
INFO:httpx:HTTP Request: POST http://localhost:8050/mcp "HTTP/1.1 200 OK"
INFO:mcp.client.streamable_http:Received session ID: ebb13ca2c8f2444aa991f965005cb8a9
INFO:mcp.client.streamable_http:Negotiated protocol version: 2025-06-18
INFO:watchfiles.main:1 change detected
INFO:httpx:HTTP Request: GET http://localhost:8050/mcp "HTTP/1.1 200 OK"
INFO:httpx:HTTP Request: POST http://localhost:8050/mcp "HTTP/1.1 202 Accepted"
INFO:httpx:HTTP Request: POST http://localhost:8050/mcp "HTTP/1.1 200 OK"
INFO:watchfiles.main:1 change detected
INFO:watchfiles.main:1 change detected
INFO:httpx:HTTP Request: POST http://localhost:8050/mcp "HTTP/1.1 200 OK"
INFO:watchfiles.main:1 change detected
INFO:httpx:HTTP Request: DELETE http://localhost:8050/mcp "HTTP/1.1 200 OK"
INFO:watchfiles.main:4 changes detected
INFO:watchfiles.main:1 change detected
INFO:watchfiles.main:1 change detected
INFO:httpx:HTTP Request: POST http://localhost:8050/mcp "HTTP/1.1 200 OK"
INFO:mcp.client.streamable_http:Received session ID: 476f770d54cb495f8a8ceab862c88fcd
INFO:mcp.client.streamable_http:Negotiated protocol version: 2025-06-18
INFO:watchfiles.main:1 change detected
INFO:httpx:HTTP Request: GET http://localhost:8050/mcp "HTTP/1.1 200 OK"
INFO:httpx:HTTP Request: POST http://localhost:8050/mcp "HTTP/1.1 202 Accepted"
INFO:httpx:HTTP Request: POST http://localhost:8050/mcp "HTTP/1.1 200 OK"
INFO:watchfiles.main:1 change detected
INFO:watchfiles.main:1 change detected
INFO:httpx:HTTP Request: POST http://localhost:8050/mcp "HTTP/1.1 200 OK"
INFO:httpx:HTTP Request: DELETE http://localhost:8050/mcp "HTTP/1.1 200 OK"
INFO:watchfiles.main:1 change detected
INFO:watchfiles.main:1 change detected
INFO:watchfiles.main:1 change detected
INFO:httpx:HTTP Request: POST http://localhost:8050/mcp "HTTP/1.1 200 OK"
INFO:mcp.client.streamable_http:Received session ID: 8cb68376e87d47cd9d72eb2a96e155b5
INFO:mcp.client.streamable_http:Negotiated protocol version: 2025-06-18
INFO:watchfiles.main:1 change detected
INFO:httpx:HTTP Request: POST http://localhost:8050/mcp "HTTP/1.1 202 Accepted"
INFO:httpx:HTTP Request: GET http://localhost:8050/mcp "HTTP/1.1 200 OK"
INFO:httpx:HTTP Request: POST http://localhost:8050/mcp "HTTP/1.1 200 OK"
INFO:watchfiles.main:1 change detected
INFO:watchfiles.main:1 change detected
INFO:httpx:HTTP Request: POST http://localhost:8050/mcp "HTTP/1.1 200 OK"
INFO:watchfiles.main:1 change detected
INFO:httpx:HTTP Request: DELETE http://localhost:8050/mcp "HTTP/1.1 200 OK"
INFO:watchfiles.main:4 changes detected
INFO:watchfiles.main:1 change detected
INFO:watchfiles.main:1 change detected
INFO:httpx:HTTP Request: POST http://localhost:8050/mcp "HTTP/1.1 200 OK"
INFO:mcp.client.streamable_http:Received session ID: 72ce260dc1ec4540a998f2b8af3e408e
INFO:mcp.client.streamable_http:Negotiated protocol version: 2025-06-18
INFO:watchfiles.main:1 change detected
INFO:httpx:HTTP Request: GET http://localhost:8050/mcp "HTTP/1.1 200 OK"
INFO:httpx:HTTP Request: POST http://localhost:8050/mcp "HTTP/1.1 202 Accepted"
INFO:httpx:HTTP Request: POST http://localhost:8050/mcp "HTTP/1.1 200 OK"
INFO:watchfiles.main:1 change detected
INFO:httpx:HTTP Request: POST http://localhost:8050/mcp "HTTP/1.1 200 OK"
INFO:watchfiles.main:1 change detected
INFO:httpx:HTTP Request: DELETE http://localhost:8050/mcp "HTTP/1.1 200 OK"
INFO:watchfiles.main:1 change detected
INFO:watchfiles.main:1 change detected
INFO:watchfiles.main:1 change detected
INFO:httpx:HTTP Request: POST http://localhost:8050/mcp "HTTP/1.1 200 OK"
INFO:mcp.client.streamable_http:Received session ID: 009a978f2cd445f3802114c163252a0a
INFO:mcp.client.streamable_http:Negotiated protocol version: 2025-06-18
INFO:watchfiles.main:1 change detected
INFO:httpx:HTTP Request: GET http://localhost:8050/mcp "HTTP/1.1 200 OK"
INFO:httpx:HTTP Request: POST http://localhost:8050/mcp "HTTP/1.1 202 Accepted"
INFO:httpx:HTTP Request: POST http://localhost:8050/mcp "HTTP/1.1 200 OK"
INFO:watchfiles.main:1 change detected
INFO:watchfiles.main:1 change detected
INFO:httpx:HTTP Request: POST http://localhost:8050/mcp "HTTP/1.1 200 OK"
INFO:watchfiles.main:1 change detected
INFO:httpx:HTTP Request: DELETE http://localhost:8050/mcp "HTTP/1.1 200 OK"
INFO:watchfiles.main:4 changes detected
INFO:watchfiles.main:1 change detected
INFO:watchfiles.main:1 change detected
INFO:httpx:HTTP Request: POST http://localhost:8050/mcp "HTTP/1.1 200 OK"
INFO:mcp.client.streamable_http:Received session ID: b5c6bc2a871f4613afc6db009f023962
INFO:mcp.client.streamable_http:Negotiated protocol version: 2025-06-18
INFO:watchfiles.main:1 change detected
INFO:httpx:HTTP Request: GET http://localhost:8050/mcp "HTTP/1.1 200 OK"
INFO:httpx:HTTP Request: POST http://localhost:8050/mcp "HTTP/1.1 202 Accepted"
INFO:watchfiles.main:1 change detected
INFO:httpx:HTTP Request: POST http://localhost:8050/mcp "HTTP/1.1 200 OK"
INFO:watchfiles.main:1 change detected
INFO:httpx:HTTP Request: POST http://localhost:8050/mcp "HTTP/1.1 200 OK"
INFO:httpx:HTTP Request: DELETE http://localhost:8050/mcp "HTTP/1.1 200 OK"
INFO:watchfiles.main:1 change detected
INFO:watchfiles.main:1 change detected
INFO:watchfiles.main:1 change detected
INFO:httpx:HTTP Request: POST http://localhost:8050/mcp "HTTP/1.1 200 OK"
INFO:mcp.client.streamable_http:Received session ID: 014412538f7545b5a35ac301e4f3ed07
INFO:mcp.client.streamable_http:Negotiated protocol version: 2025-06-18
INFO:watchfiles.main:1 change detected
INFO:httpx:HTTP Request: GET http://localhost:8050/mcp "HTTP/1.1 200 OK"
INFO:httpx:HTTP Request: POST http://localhost:8050/mcp "HTTP/1.1 202 Accepted"
INFO:watchfiles.main:1 change detected
INFO:httpx:HTTP Request: POST http://localhost:8050/mcp "HTTP/1.1 200 OK"
INFO:watchfiles.main:1 change detected
INFO:watchfiles.main:1 change detected
INFO:httpx:HTTP Request: POST http://localhost:8050/mcp "HTTP/1.1 200 OK"
INFO:watchfiles.main:1 change detected
INFO:httpx:HTTP Request: DELETE http://localhost:8050/mcp "HTTP/1.1 200 OK"
INFO:watchfiles.main:5 changes detected
INFO:watchfiles.main:1 change detected
INFO:watchfiles.main:1 change detected
INFO:httpx:HTTP Request: POST http://localhost:8050/mcp "HTTP/1.1 200 OK"
INFO:mcp.client.streamable_http:Received session ID: a8b19eccbfd845febb2beda11b8684f9
INFO:mcp.client.streamable_http:Negotiated protocol version: 2025-06-18
INFO:httpx:HTTP Request: GET http://localhost:8050/mcp "HTTP/1.1 200 OK"
INFO:httpx:HTTP Request: POST http://localhost:8050/mcp "HTTP/1.1 202 Accepted"
INFO:watchfiles.main:1 change detected
INFO:httpx:HTTP Request: POST http://localhost:8050/mcp "HTTP/1.1 200 OK"
INFO:watchfiles.main:1 change detected
INFO:httpx:HTTP Request: POST http://localhost:8050/mcp "HTTP/1.1 200 OK"
INFO:watchfiles.main:1 change detected
INFO:httpx:HTTP Request: DELETE http://localhost:8050/mcp "HTTP/1.1 200 OK"
INFO:watchfiles.main:1 change detected
INFO:watchfiles.main:1 change detected
INFO:watchfiles.main:1 change detected
INFO:httpx:HTTP Request: POST http://localhost:8050/mcp "HTTP/1.1 200 OK"
INFO:mcp.client.streamable_http:Received session ID: dfadaabdd1d642769975abf7b1eafddc
INFO:mcp.client.streamable_http:Negotiated protocol version: 2025-06-18
INFO:watchfiles.main:1 change detected
INFO:httpx:HTTP Request: GET http://localhost:8050/mcp "HTTP/1.1 200 OK"
INFO:httpx:HTTP Request: POST http://localhost:8050/mcp "HTTP/1.1 202 Accepted"
INFO:httpx:HTTP Request: POST http://localhost:8050/mcp "HTTP/1.1 200 OK"
INFO:watchfiles.main:1 change detected
INFO:watchfiles.main:1 change detected
INFO:httpx:HTTP Request: POST http://localhost:8050/mcp "HTTP/1.1 200 OK"
INFO:watchfiles.main:1 change detected
INFO:httpx:HTTP Request: DELETE http://localhost:8050/mcp "HTTP/1.1 200 OK"
INFO:watchfiles.main:5 changes detected
INFO:watchfiles.main:1 change detected
INFO:watchfiles.main:1 change detected
INFO:httpx:HTTP Request: POST http://localhost:8050/mcp "HTTP/1.1 200 OK"
INFO:mcp.client.streamable_http:Received session ID: fa4c951d113847ad99e0969bc0066437
INFO:mcp.client.streamable_http:Negotiated protocol version: 2025-06-18
INFO:watchfiles.main:1 change detected
INFO:httpx:HTTP Request: GET http://localhost:8050/mcp "HTTP/1.1 200 OK"
INFO:httpx:HTTP Request: POST http://localhost:8050/mcp "HTTP/1.1 202 Accepted"
INFO:httpx:HTTP Request: POST http://localhost:8050/mcp "HTTP/1.1 200 OK"
INFO:watchfiles.main:1 change detected
INFO:watchfiles.main:1 change detected
INFO:httpx:HTTP Request: POST http://localhost:8050/mcp "HTTP/1.1 200 OK"
INFO:httpx:HTTP Request: DELETE http://localhost:8050/mcp "HTTP/1.1 200 OK"
INFO:watchfiles.main:1 change detected
INFO:watchfiles.main:1 change detected
INFO:watchfiles.main:1 change detected
INFO:httpx:HTTP Request: POST http://localhost:8050/mcp "HTTP/1.1 200 OK"
INFO:mcp.client.streamable_http:Received session ID: 93d855a4d9d9432eaadbbcd626f589d9
INFO:mcp.client.streamable_http:Negotiated protocol version: 2025-06-18
INFO:watchfiles.main:1 change detected
INFO:httpx:HTTP Request: GET http://localhost:8050/mcp "HTTP/1.1 200 OK"
INFO:httpx:HTTP Request: POST http://localhost:8050/mcp "HTTP/1.1 202 Accepted"
INFO:httpx:HTTP Request: POST http://localhost:8050/mcp "HTTP/1.1 200 OK"
INFO:watchfiles.main:1 change detected
INFO:watchfiles.main:1 change detected
INFO:httpx:HTTP Request: POST http://localhost:8050/mcp "HTTP/1.1 200 OK"
INFO:watchfiles.main:1 change detected
INFO:httpx:HTTP Request: DELETE http://localhost:8050/mcp "HTTP/1.1 200 OK"
INFO:watchfiles.main:4 changes detected
INFO:watchfiles.main:1 change detected
INFO:watchfiles.main:1 change detected
INFO:httpx:HTTP Request: POST http://localhost:8050/mcp "HTTP/1.1 200 OK"
INFO:mcp.client.streamable_http:Received session ID: b54f423b81b641fda432a23554b20429
INFO:mcp.client.streamable_http:Negotiated protocol version: 2025-06-18
INFO:watchfiles.main:1 change detected
INFO:httpx:HTTP Request: GET http://localhost:8050/mcp "HTTP/1.1 200 OK"
INFO:httpx:HTTP Request: POST http://localhost:8050/mcp "HTTP/1.1 202 Accepted"
INFO:watchfiles.main:1 change detected
INFO:httpx:HTTP Request: POST http://localhost:8050/mcp "HTTP/1.1 200 OK"
INFO:httpx:HTTP Request: POST http://localhost:8050/mcp "HTTP/1.1 200 OK"
INFO:watchfiles.main:1 change detected
INFO:httpx:HTTP Request: DELETE http://localhost:8050/mcp "HTTP/1.1 200 OK"
INFO:watchfiles.main:1 change detected
INFO:watchfiles.main:1 change detected
INFO:watchfiles.main:1 change detected
INFO:httpx:HTTP Request: POST http://localhost:8050/mcp "HTTP/1.1 200 OK"
INFO:mcp.client.streamable_http:Received session ID: e04afdab728f4aa8b1c9a041c4df308b
INFO:mcp.client.streamable_http:Negotiated protocol version: 2025-06-18
INFO:watchfiles.main:1 change detected
INFO:httpx:HTTP Request: GET http://localhost:8050/mcp "HTTP/1.1 200 OK"
INFO:httpx:HTTP Request: POST http://localhost:8050/mcp "HTTP/1.1 202 Accepted"
INFO:watchfiles.main:1 change detected
INFO:httpx:HTTP Request: POST http://localhost:8050/mcp "HTTP/1.1 200 OK"
INFO:watchfiles.main:1 change detected
INFO:httpx:HTTP Request: POST http://localhost:8050/mcp "HTTP/1.1 200 OK"
INFO:watchfiles.main:1 change detected
INFO:httpx:HTTP Request: DELETE http://localhost:8050/mcp "HTTP/1.1 200 OK"
INFO:watchfiles.main:4 changes detected
INFO:watchfiles.main:1 change detected
INFO:watchfiles.main:1 change detected
INFO:httpx:HTTP Request: POST http://localhost:8050/mcp "HTTP/1.1 200 OK"
INFO:mcp.client.streamable_http:Received session ID: 74deddc2d5bc455f818aedf6b74a7113
INFO:mcp.client.streamable_http:Negotiated protocol version: 2025-06-18
INFO:watchfiles.main:1 change detected
INFO:httpx:HTTP Request: GET http://localhost:8050/mcp "HTTP/1.1 200 OK"
INFO:httpx:HTTP Request: POST http://localhost:8050/mcp "HTTP/1.1 202 Accepted"
INFO:watchfiles.main:1 change detected
INFO:httpx:HTTP Request: POST http://localhost:8050/mcp "HTTP/1.1 200 OK"
INFO:watchfiles.main:1 change detected
INFO:httpx:HTTP Request: POST http://localhost:8050/mcp "HTTP/1.1 200 OK"
INFO:watchfiles.main:1 change detected
INFO:httpx:HTTP Request: DELETE http://localhost:8050/mcp "HTTP/1.1 200 OK"
INFO:watchfiles.main:1 change detected
INFO:watchfiles.main:1 change detected
INFO:httpx:HTTP Request: POST http://localhost:8050/mcp "HTTP/1.1 200 OK"
INFO:mcp.client.streamable_http:Received session ID: 2d07fadadc3047308a9dc5548fde17de
INFO:mcp.client.streamable_http:Negotiated protocol version: 2025-06-18
INFO:watchfiles.main:1 change detected
INFO:httpx:HTTP Request: GET http://localhost:8050/mcp "HTTP/1.1 200 OK"
INFO:httpx:HTTP Request: POST http://localhost:8050/mcp "HTTP/1.1 202 Accepted"
INFO:watchfiles.main:1 change detected
INFO:httpx:HTTP Request: POST http://localhost:8050/mcp "HTTP/1.1 200 OK"
INFO:watchfiles.main:1 change detected
INFO:httpx:HTTP Request: POST http://localhost:8050/mcp "HTTP/1.1 200 OK"
INFO:watchfiles.main:1 change detected
INFO:httpx:HTTP Request: DELETE http://localhost:8050/mcp "HTTP/1.1 200 OK"
INFO:watchfiles.main:5 changes detected
INFO:watchfiles.main:1 change detected
INFO:watchfiles.main:1 change detected
INFO:httpx:HTTP Request: POST http://localhost:8050/mcp "HTTP/1.1 200 OK"
INFO:mcp.client.streamable_http:Received session ID: e68cf2f1818148ec83e072c1c19365c2
INFO:mcp.client.streamable_http:Negotiated protocol version: 2025-06-18
INFO:watchfiles.main:1 change detected
INFO:httpx:HTTP Request: GET http://localhost:8050/mcp "HTTP/1.1 200 OK"
INFO:httpx:HTTP Request: POST http://localhost:8050/mcp "HTTP/1.1 202 Accepted"
INFO:watchfiles.main:1 change detected
INFO:httpx:HTTP Request: POST http://localhost:8050/mcp "HTTP/1.1 200 OK"
INFO:watchfiles.main:1 change detected
INFO:httpx:HTTP Request: POST http://localhost:8050/mcp "HTTP/1.1 200 OK"
INFO:httpx:HTTP Request: DELETE http://localhost:8050/mcp "HTTP/1.1 200 OK"
INFO:watchfiles.main:1 change detected
INFO:watchfiles.main:1 change detected
INFO:watchfiles.main:1 change detected
INFO:httpx:HTTP Request: POST http://localhost:8050/mcp "HTTP/1.1 200 OK"
INFO:mcp.client.streamable_http:Received session ID: 0be55e25cde14bcdbde2fd6d88beb5e4
INFO:mcp.client.streamable_http:Negotiated protocol version: 2025-06-18
INFO:watchfiles.main:1 change detected
INFO:httpx:HTTP Request: GET http://localhost:8050/mcp "HTTP/1.1 200 OK"
INFO:httpx:HTTP Request: POST http://localhost:8050/mcp "HTTP/1.1 202 Accepted"
INFO:watchfiles.main:1 change detected
INFO:httpx:HTTP Request: POST http://localhost:8050/mcp "HTTP/1.1 200 OK"
INFO:watchfiles.main:1 change detected
INFO:watchfiles.main:1 change detected
INFO:httpx:HTTP Request: POST http://localhost:8050/mcp "HTTP/1.1 200 OK"
INFO:httpx:HTTP Request: DELETE http://localhost:8050/mcp "HTTP/1.1 200 OK"
INFO:watchfiles.main:5 changes detected
INFO:watchfiles.main:1 change detected
INFO:watchfiles.main:1 change detected
INFO:httpx:HTTP Request: POST http://localhost:8050/mcp "HTTP/1.1 200 OK"
INFO:mcp.client.streamable_http:Received session ID: 3568eed52c1a484bb76bf441e3c1e1f3
INFO:mcp.client.streamable_http:Negotiated protocol version: 2025-06-18
INFO:watchfiles.main:1 change detected
INFO:httpx:HTTP Request: GET http://localhost:8050/mcp "HTTP/1.1 200 OK"
INFO:httpx:HTTP Request: POST http://localhost:8050/mcp "HTTP/1.1 202 Accepted"
INFO:httpx:HTTP Request: POST http://localhost:8050/mcp "HTTP/1.1 200 OK"
INFO:watchfiles.main:1 change detected
INFO:httpx:HTTP Request: POST http://localhost:8050/mcp "HTTP/1.1 200 OK"
INFO:watchfiles.main:1 change detected
INFO:httpx:HTTP Request: DELETE http://localhost:8050/mcp "HTTP/1.1 200 OK"
INFO:watchfiles.main:1 change detected
INFO:watchfiles.main:1 change detected
INFO:watchfiles.main:1 change detected
INFO:httpx:HTTP Request: POST http://localhost:8050/mcp "HTTP/1.1 200 OK"
INFO:mcp.client.streamable_http:Received session ID: ca9422b4d072432ab6c431918212d33a
INFO:mcp.client.streamable_http:Negotiated protocol version: 2025-06-18
INFO:httpx:HTTP Request: GET http://localhost:8050/mcp "HTTP/1.1 200 OK"
INFO:httpx:HTTP Request: POST http://localhost:8050/mcp "HTTP/1.1 202 Accepted"
INFO:watchfiles.main:1 change detected
INFO:httpx:HTTP Request: POST http://localhost:8050/mcp "HTTP/1.1 200 OK"
INFO:watchfiles.main:1 change detected
INFO:watchfiles.main:1 change detected
INFO:httpx:HTTP Request: POST http://localhost:8050/mcp "HTTP/1.1 200 OK"
INFO:watchfiles.main:1 change detected
INFO:httpx:HTTP Request: DELETE http://localhost:8050/mcp "HTTP/1.1 200 OK"
INFO:watchfiles.main:4 changes detected
INFO:watchfiles.main:1 change detected
INFO:watchfiles.main:1 change detected
INFO:httpx:HTTP Request: POST http://localhost:8050/mcp "HTTP/1.1 200 OK"
INFO:mcp.client.streamable_http:Received session ID: 16ce6f96a637430e94f413f15cd6f890
INFO:mcp.client.streamable_http:Negotiated protocol version: 2025-06-18
INFO:httpx:HTTP Request: GET http://localhost:8050/mcp "HTTP/1.1 200 OK"
INFO:httpx:HTTP Request: POST http://localhost:8050/mcp "HTTP/1.1 202 Accepted"
INFO:watchfiles.main:1 change detected
INFO:httpx:HTTP Request: POST http://localhost:8050/mcp "HTTP/1.1 200 OK"
INFO:watchfiles.main:1 change detected
INFO:httpx:HTTP Request: POST http://localhost:8050/mcp "HTTP/1.1 200 OK"
INFO:watchfiles.main:1 change detected
INFO:httpx:HTTP Request: DELETE http://localhost:8050/mcp "HTTP/1.1 200 OK"
INFO:watchfiles.main:1 change detected
INFO:watchfiles.main:1 change detected
INFO:watchfiles.main:1 change detected
INFO:httpx:HTTP Request: POST http://localhost:8050/mcp "HTTP/1.1 200 OK"
INFO:mcp.client.streamable_http:Received session ID: 86d96d73eac644d8aec4ee874190179e
INFO:mcp.client.streamable_http:Negotiated protocol version: 2025-06-18
INFO:watchfiles.main:1 change detected
INFO:httpx:HTTP Request: GET http://localhost:8050/mcp "HTTP/1.1 200 OK"
INFO:httpx:HTTP Request: POST http://localhost:8050/mcp "HTTP/1.1 202 Accepted"
INFO:httpx:HTTP Request: POST http://localhost:8050/mcp "HTTP/1.1 200 OK"
INFO:watchfiles.main:1 change detected
INFO:watchfiles.main:1 change detected
INFO:httpx:HTTP Request: POST http://localhost:8050/mcp "HTTP/1.1 200 OK"
INFO:watchfiles.main:1 change detected
INFO:httpx:HTTP Request: DELETE http://localhost:8050/mcp "HTTP/1.1 200 OK"
INFO:watchfiles.main:4 changes detected
INFO:watchfiles.main:1 change detected
INFO:watchfiles.main:1 change detected
INFO:httpx:HTTP Request: POST http://localhost:8050/mcp "HTTP/1.1 200 OK"
INFO:mcp.client.streamable_http:Received session ID: e40ee4b87982497f8968aa4a79619576
INFO:mcp.client.streamable_http:Negotiated protocol version: 2025-06-18
INFO:watchfiles.main:1 change detected
INFO:httpx:HTTP Request: GET http://localhost:8050/mcp "HTTP/1.1 200 OK"
INFO:httpx:HTTP Request: POST http://localhost:8050/mcp "HTTP/1.1 202 Accepted"
INFO:watchfiles.main:1 change detected
INFO:httpx:HTTP Request: POST http://localhost:8050/mcp "HTTP/1.1 200 OK"
INFO:httpx:HTTP Request: POST http://localhost:8050/mcp "HTTP/1.1 200 OK"
INFO:watchfiles.main:1 change detected
INFO:httpx:HTTP Request: DELETE http://localhost:8050/mcp "HTTP/1.1 200 OK"
INFO:watchfiles.main:1 change detected
INFO:watchfiles.main:1 change detected
INFO:watchfiles.main:1 change detected
INFO:httpx:HTTP Request: POST http://localhost:8050/mcp "HTTP/1.1 200 OK"
INFO:mcp.client.streamable_http:Received session ID: 63631074782c47c48f53145a382c258f
INFO:mcp.client.streamable_http:Negotiated protocol version: 2025-06-18
INFO:watchfiles.main:1 change detected
INFO:httpx:HTTP Request: GET http://localhost:8050/mcp "HTTP/1.1 200 OK"
INFO:httpx:HTTP Request: POST http://localhost:8050/mcp "HTTP/1.1 202 Accepted"
INFO:httpx:HTTP Request: POST http://localhost:8050/mcp "HTTP/1.1 200 OK"
INFO:watchfiles.main:1 change detected
INFO:watchfiles.main:1 change detected
INFO:httpx:HTTP Request: POST http://localhost:8050/mcp "HTTP/1.1 200 OK"
INFO:watchfiles.main:1 change detected
INFO:httpx:HTTP Request: DELETE http://localhost:8050/mcp "HTTP/1.1 200 OK"
INFO:watchfiles.main:4 changes detected
INFO:watchfiles.main:1 change detected
INFO:watchfiles.main:1 change detected
INFO:httpx:HTTP Request: POST http://localhost:8050/mcp "HTTP/1.1 200 OK"
INFO:mcp.client.streamable_http:Received session ID: adb5405951b5430c97b727d41f458f4b
INFO:mcp.client.streamable_http:Negotiated protocol version: 2025-06-18
INFO:watchfiles.main:1 change detected
INFO:httpx:HTTP Request: GET http://localhost:8050/mcp "HTTP/1.1 200 OK"
INFO:httpx:HTTP Request: POST http://localhost:8050/mcp "HTTP/1.1 202 Accepted"
INFO:watchfiles.main:1 change detected
INFO:httpx:HTTP Request: POST http://localhost:8050/mcp "HTTP/1.1 200 OK"
INFO:watchfiles.main:1 change detected
INFO:httpx:HTTP Request: POST http://localhost:8050/mcp "HTTP/1.1 200 OK"
INFO:httpx:HTTP Request: DELETE http://localhost:8050/mcp "HTTP/1.1 200 OK"
INFO:watchfiles.main:1 change detected
INFO:watchfiles.main:1 change detected
INFO:watchfiles.main:1 change detected
INFO:httpx:HTTP Request: POST http://localhost:8050/mcp "HTTP/1.1 200 OK"
INFO:mcp.client.streamable_http:Received session ID: c3e16bb9bc6e4c389e3357e201735929
INFO:mcp.client.streamable_http:Negotiated protocol version: 2025-06-18
INFO:watchfiles.main:1 change detected
INFO:httpx:HTTP Request: GET http://localhost:8050/mcp "HTTP/1.1 200 OK"
INFO:httpx:HTTP Request: POST http://localhost:8050/mcp "HTTP/1.1 202 Accepted"
INFO:httpx:HTTP Request: POST http://localhost:8050/mcp "HTTP/1.1 200 OK"
INFO:watchfiles.main:1 change detected
INFO:watchfiles.main:1 change detected
INFO:httpx:HTTP Request: POST http://localhost:8050/mcp "HTTP/1.1 200 OK"
INFO:watchfiles.main:1 change detected
INFO:httpx:HTTP Request: DELETE http://localhost:8050/mcp "HTTP/1.1 200 OK"
INFO:watchfiles.main:4 changes detected
INFO:watchfiles.main:1 change detected
INFO:watchfiles.main:1 change detected
INFO:httpx:HTTP Request: POST http://localhost:8050/mcp "HTTP/1.1 200 OK"
INFO:mcp.client.streamable_http:Received session ID: 130b3552abcc43c9b783b8cb4607eaa8
INFO:mcp.client.streamable_http:Negotiated protocol version: 2025-06-18
INFO:watchfiles.main:1 change detected
INFO:httpx:HTTP Request: GET http://localhost:8050/mcp "HTTP/1.1 200 OK"
INFO:httpx:HTTP Request: POST http://localhost:8050/mcp "HTTP/1.1 202 Accepted"
INFO:watchfiles.main:1 change detected
INFO:httpx:HTTP Request: POST http://localhost:8050/mcp "HTTP/1.1 200 OK"
INFO:watchfiles.main:1 change detected
INFO:httpx:HTTP Request: POST http://localhost:8050/mcp "HTTP/1.1 200 OK"
INFO:watchfiles.main:1 change detected
INFO:httpx:HTTP Request: DELETE http://localhost:8050/mcp "HTTP/1.1 200 OK"
INFO:watchfiles.main:1 change detected
INFO:watchfiles.main:1 change detected
INFO:watchfiles.main:1 change detected
INFO:httpx:HTTP Request: POST http://localhost:8050/mcp "HTTP/1.1 200 OK"
INFO:mcp.client.streamable_http:Received session ID: 1b5e9991b5ad4ae4b609828378e884e0
INFO:mcp.client.streamable_http:Negotiated protocol version: 2025-06-18
INFO:httpx:HTTP Request: GET http://localhost:8050/mcp "HTTP/1.1 200 OK"
INFO:httpx:HTTP Request: POST http://localhost:8050/mcp "HTTP/1.1 202 Accepted"
INFO:watchfiles.main:1 change detected
INFO:httpx:HTTP Request: POST http://localhost:8050/mcp "HTTP/1.1 200 OK"
INFO:watchfiles.main:1 change detected
INFO:watchfiles.main:1 change detected
INFO:httpx:HTTP Request: POST http://localhost:8050/mcp "HTTP/1.1 200 OK"
INFO:httpx:HTTP Request: DELETE http://localhost:8050/mcp "HTTP/1.1 200 OK"
INFO:watchfiles.main:5 changes detected
INFO:watchfiles.main:1 change detected
INFO:watchfiles.main:1 change detected
INFO:httpx:HTTP Request: POST http://localhost:8050/mcp "HTTP/1.1 200 OK"
INFO:mcp.client.streamable_http:Received session ID: c251bfd10a904a29aa934b5406aa1353
INFO:mcp.client.streamable_http:Negotiated protocol version: 2025-06-18
INFO:watchfiles.main:1 change detected
INFO:httpx:HTTP Request: GET http://localhost:8050/mcp "HTTP/1.1 200 OK"
INFO:httpx:HTTP Request: POST http://localhost:8050/mcp "HTTP/1.1 202 Accepted"
INFO:watchfiles.main:1 change detected
INFO:httpx:HTTP Request: POST http://localhost:8050/mcp "HTTP/1.1 200 OK"
INFO:watchfiles.main:1 change detected
INFO:httpx:HTTP Request: POST http://localhost:8050/mcp "HTTP/1.1 200 OK"
INFO:httpx:HTTP Request: DELETE http://localhost:8050/mcp "HTTP/1.1 200 OK"
INFO:watchfiles.main:1 change detected
INFO:watchfiles.main:1 change detected
INFO:watchfiles.main:1 change detected
INFO:httpx:HTTP Request: POST http://localhost:8050/mcp "HTTP/1.1 200 OK"
INFO:mcp.client.streamable_http:Received session ID: 7ecd3dbfaea8465b8fb33cf11b7e5e2e
INFO:mcp.client.streamable_http:Negotiated protocol version: 2025-06-18
INFO:watchfiles.main:1 change detected
INFO:httpx:HTTP Request: GET http://localhost:8050/mcp "HTTP/1.1 200 OK"
INFO:httpx:HTTP Request: POST http://localhost:8050/mcp "HTTP/1.1 202 Accepted"
INFO:watchfiles.main:1 change detected
INFO:httpx:HTTP Request: POST http://localhost:8050/mcp "HTTP/1.1 200 OK"
INFO:watchfiles.main:1 change detected
INFO:watchfiles.main:1 change detected
INFO:httpx:HTTP Request: POST http://localhost:8050/mcp "HTTP/1.1 200 OK"
INFO:httpx:HTTP Request: DELETE http://localhost:8050/mcp "HTTP/1.1 200 OK"
INFO:watchfiles.main:5 changes detected
INFO:watchfiles.main:1 change detected
INFO:watchfiles.main:1 change detected
INFO:httpx:HTTP Request: POST http://localhost:8050/mcp "HTTP/1.1 200 OK"
INFO:mcp.client.streamable_http:Received session ID: 07b3402502604e28a619c3e6f157b4d3
INFO:mcp.client.streamable_http:Negotiated protocol version: 2025-06-18
INFO:watchfiles.main:1 change detected
INFO:httpx:HTTP Request: GET http://localhost:8050/mcp "HTTP/1.1 200 OK"
INFO:httpx:HTTP Request: POST http://localhost:8050/mcp "HTTP/1.1 202 Accepted"
INFO:httpx:HTTP Request: POST http://localhost:8050/mcp "HTTP/1.1 200 OK"
INFO:watchfiles.main:1 change detected
INFO:watchfiles.main:1 change detected
INFO:httpx:HTTP Request: POST http://localhost:8050/mcp "HTTP/1.1 200 OK"
INFO:httpx:HTTP Request: DELETE http://localhost:8050/mcp "HTTP/1.1 200 OK"
INFO:watchfiles.main:1 change detected
INFO:watchfiles.main:1 change detected
INFO:watchfiles.main:1 change detected
INFO:watchfiles.main:1 change detected
INFO:httpx:HTTP Request: POST http://localhost:8050/mcp "HTTP/1.1 200 OK"
INFO:mcp.client.streamable_http:Received session ID: ee6768c3a59d403fb51b9aa33cb208ea
INFO:mcp.client.streamable_http:Negotiated protocol version: 2025-06-18
INFO:httpx:HTTP Request: GET http://localhost:8050/mcp "HTTP/1.1 200 OK"
INFO:httpx:HTTP Request: POST http://localhost:8050/mcp "HTTP/1.1 202 Accepted"
INFO:watchfiles.main:1 change detected
INFO:httpx:HTTP Request: POST http://localhost:8050/mcp "HTTP/1.1 200 OK"
INFO:watchfiles.main:1 change detected
INFO:watchfiles.main:1 change detected
INFO:httpx:HTTP Request: POST http://localhost:8050/mcp "HTTP/1.1 200 OK"
INFO:watchfiles.main:1 change detected
INFO:httpx:HTTP Request: DELETE http://localhost:8050/mcp "HTTP/1.1 200 OK"
INFO:watchfiles.main:5 changes detected
INFO:watchfiles.main:1 change detected
INFO:watchfiles.main:1 change detected
INFO:httpx:HTTP Request: POST http://localhost:8050/mcp "HTTP/1.1 200 OK"
INFO:mcp.client.streamable_http:Received session ID: 43827993d8404601833526b447dfc109
INFO:mcp.client.streamable_http:Negotiated protocol version: 2025-06-18
INFO:watchfiles.main:1 change detected
INFO:httpx:HTTP Request: GET http://localhost:8050/mcp "HTTP/1.1 200 OK"
INFO:httpx:HTTP Request: POST http://localhost:8050/mcp "HTTP/1.1 202 Accepted"
INFO:watchfiles.main:1 change detected
INFO:httpx:HTTP Request: POST http://localhost:8050/mcp "HTTP/1.1 200 OK"
INFO:httpx:HTTP Request: POST http://localhost:8050/mcp "HTTP/1.1 200 OK"
INFO:watchfiles.main:1 change detected
INFO:httpx:HTTP Request: DELETE http://localhost:8050/mcp "HTTP/1.1 200 OK"
INFO:watchfiles.main:1 change detected
INFO:watchfiles.main:1 change detected
INFO:watchfiles.main:1 change detected
INFO:httpx:HTTP Request: POST http://localhost:8050/mcp "HTTP/1.1 200 OK"
INFO:mcp.client.streamable_http:Received session ID: 09f6131abe24482991a0ce149c2d5370
INFO:mcp.client.streamable_http:Negotiated protocol version: 2025-06-18
INFO:watchfiles.main:1 change detected
INFO:httpx:HTTP Request: GET http://localhost:8050/mcp "HTTP/1.1 200 OK"
INFO:httpx:HTTP Request: POST http://localhost:8050/mcp "HTTP/1.1 202 Accepted"
INFO:httpx:HTTP Request: POST http://localhost:8050/mcp "HTTP/1.1 200 OK"
INFO:watchfiles.main:1 change detected
INFO:watchfiles.main:1 change detected
INFO:httpx:HTTP Request: POST http://localhost:8050/mcp "HTTP/1.1 200 OK"
INFO:watchfiles.main:1 change detected
INFO:httpx:HTTP Request: DELETE http://localhost:8050/mcp "HTTP/1.1 200 OK"
INFO:watchfiles.main:5 changes detected
INFO:watchfiles.main:1 change detected
INFO:watchfiles.main:1 change detected
INFO:httpx:HTTP Request: POST http://localhost:8050/mcp "HTTP/1.1 200 OK"
INFO:mcp.client.streamable_http:Received session ID: f9269586bc614f6ca72212d64cf2c09c
INFO:mcp.client.streamable_http:Negotiated protocol version: 2025-06-18
INFO:watchfiles.main:1 change detected
INFO:httpx:HTTP Request: GET http://localhost:8050/mcp "HTTP/1.1 200 OK"
INFO:httpx:HTTP Request: POST http://localhost:8050/mcp "HTTP/1.1 202 Accepted"
INFO:httpx:HTTP Request: POST http://localhost:8050/mcp "HTTP/1.1 200 OK"
INFO:watchfiles.main:1 change detected
INFO:watchfiles.main:1 change detected
INFO:httpx:HTTP Request: POST http://localhost:8050/mcp "HTTP/1.1 200 OK"
INFO:httpx:HTTP Request: DELETE http://localhost:8050/mcp "HTTP/1.1 200 OK"
INFO:watchfiles.main:1 change detected
INFO:watchfiles.main:1 change detected
INFO:watchfiles.main:1 change detected
INFO:httpx:HTTP Request: POST http://localhost:8050/mcp "HTTP/1.1 200 OK"
INFO:mcp.client.streamable_http:Received session ID: 8e2515dba10e483194c10098567094bf
INFO:mcp.client.streamable_http:Negotiated protocol version: 2025-06-18
INFO:watchfiles.main:1 change detected
INFO:httpx:HTTP Request: GET http://localhost:8050/mcp "HTTP/1.1 200 OK"
INFO:httpx:HTTP Request: POST http://localhost:8050/mcp "HTTP/1.1 202 Accepted"
INFO:watchfiles.main:1 change detected
INFO:httpx:HTTP Request: POST http://localhost:8050/mcp "HTTP/1.1 200 OK"
INFO:watchfiles.main:1 change detected
INFO:httpx:HTTP Request: POST http://localhost:8050/mcp "HTTP/1.1 200 OK"
INFO:watchfiles.main:1 change detected
INFO:httpx:HTTP Request: DELETE http://localhost:8050/mcp "HTTP/1.1 200 OK"
INFO:watchfiles.main:5 changes detected
INFO:watchfiles.main:1 change detected
INFO:watchfiles.main:1 change detected
INFO:httpx:HTTP Request: POST http://localhost:8050/mcp "HTTP/1.1 200 OK"
INFO:mcp.client.streamable_http:Received session ID: 2778fec3b7414d64bf7796719b419df3
INFO:mcp.client.streamable_http:Negotiated protocol version: 2025-06-18
INFO:watchfiles.main:1 change detected
INFO:httpx:HTTP Request: POST http://localhost:8050/mcp "HTTP/1.1 202 Accepted"
INFO:httpx:HTTP Request: GET http://localhost:8050/mcp "HTTP/1.1 200 OK"
INFO:httpx:HTTP Request: POST http://localhost:8050/mcp "HTTP/1.1 200 OK"
INFO:watchfiles.main:1 change detected
INFO:httpx:HTTP Request: POST http://localhost:8050/mcp "HTTP/1.1 200 OK"
INFO:watchfiles.main:1 change detected
INFO:httpx:HTTP Request: DELETE http://localhost:8050/mcp "HTTP/1.1 200 OK"
INFO:watchfiles.main:1 change detected
INFO:watchfiles.main:1 change detected
INFO:watchfiles.main:1 change detected
INFO:httpx:HTTP Request: POST http://localhost:8050/mcp "HTTP/1.1 200 OK"
INFO:mcp.client.streamable_http:Received session ID: 279b90e6eebe410094ebf76984a292c5
INFO:mcp.client.streamable_http:Negotiated protocol version: 2025-06-18
INFO:httpx:HTTP Request: GET http://localhost:8050/mcp "HTTP/1.1 200 OK"
INFO:httpx:HTTP Request: POST http://localhost:8050/mcp "HTTP/1.1 202 Accepted"
INFO:watchfiles.main:1 change detected
INFO:httpx:HTTP Request: POST http://localhost:8050/mcp "HTTP/1.1 200 OK"
INFO:watchfiles.main:1 change detected
INFO:watchfiles.main:1 change detected
INFO:httpx:HTTP Request: POST http://localhost:8050/mcp "HTTP/1.1 200 OK"
INFO:watchfiles.main:1 change detected
INFO:httpx:HTTP Request: DELETE http://localhost:8050/mcp "HTTP/1.1 200 OK"
INFO:watchfiles.main:5 changes detected
INFO:watchfiles.main:1 change detected
INFO:watchfiles.main:1 change detected
INFO:watchfiles.main:1 change detected
INFO:httpx:HTTP Request: POST http://localhost:8050/mcp "HTTP/1.1 200 OK"
INFO:mcp.client.streamable_http:Received session ID: ce5fa2f3fb694987ab83d5a487d395ec
INFO:mcp.client.streamable_http:Negotiated protocol version: 2025-06-18
INFO:httpx:HTTP Request: GET http://localhost:8050/mcp "HTTP/1.1 200 OK"
INFO:httpx:HTTP Request: POST http://localhost:8050/mcp "HTTP/1.1 202 Accepted"
INFO:watchfiles.main:1 change detected
INFO:httpx:HTTP Request: POST http://localhost:8050/mcp "HTTP/1.1 200 OK"
INFO:watchfiles.main:1 change detected
INFO:httpx:HTTP Request: POST http://localhost:8050/mcp "HTTP/1.1 200 OK"
INFO:watchfiles.main:1 change detected
INFO:httpx:HTTP Request: DELETE http://localhost:8050/mcp "HTTP/1.1 200 OK"
INFO:watchfiles.main:1 change detected
INFO:watchfiles.main:1 change detected
INFO:watchfiles.main:1 change detected
INFO:httpx:HTTP Request: POST http://localhost:8050/mcp "HTTP/1.1 200 OK"
INFO:mcp.client.streamable_http:Received session ID: 53b7b2baeab74a95be392a5f0867b97c
INFO:mcp.client.streamable_http:Negotiated protocol version: 2025-06-18
INFO:httpx:HTTP Request: GET http://localhost:8050/mcp "HTTP/1.1 200 OK"
INFO:httpx:HTTP Request: POST http://localhost:8050/mcp "HTTP/1.1 202 Accepted"
INFO:watchfiles.main:1 change detected
INFO:httpx:HTTP Request: POST http://localhost:8050/mcp "HTTP/1.1 200 OK"
INFO:watchfiles.main:1 change detected
INFO:watchfiles.main:1 change detected
INFO:httpx:HTTP Request: POST http://localhost:8050/mcp "HTTP/1.1 200 OK"
INFO:httpx:HTTP Request: DELETE http://localhost:8050/mcp "HTTP/1.1 200 OK"
INFO:watchfiles.main:5 changes detected
INFO:watchfiles.main:1 change detected
INFO:watchfiles.main:1 change detected
INFO:httpx:HTTP Request: POST http://localhost:8050/mcp "HTTP/1.1 200 OK"
INFO:mcp.client.streamable_http:Received session ID: e9a40c3d83774188a612b5711ac93520
INFO:mcp.client.streamable_http:Negotiated protocol version: 2025-06-18
INFO:watchfiles.main:1 change detected
INFO:httpx:HTTP Request: GET http://localhost:8050/mcp "HTTP/1.1 200 OK"
INFO:httpx:HTTP Request: POST http://localhost:8050/mcp "HTTP/1.1 202 Accepted"
INFO:httpx:HTTP Request: POST http://localhost:8050/mcp "HTTP/1.1 200 OK"
INFO:watchfiles.main:1 change detected
INFO:httpx:HTTP Request: POST http://localhost:8050/mcp "HTTP/1.1 200 OK"
INFO:watchfiles.main:1 change detected
INFO:httpx:HTTP Request: DELETE http://localhost:8050/mcp "HTTP/1.1 200 OK"
INFO:watchfiles.main:1 change detected
INFO:watchfiles.main:1 change detected
INFO:watchfiles.main:1 change detected
INFO:httpx:HTTP Request: POST http://localhost:8050/mcp "HTTP/1.1 200 OK"
INFO:mcp.client.streamable_http:Received session ID: b97504fd48d34a12a8a30c23d192ddc2
INFO:mcp.client.streamable_http:Negotiated protocol version: 2025-06-18
INFO:httpx:HTTP Request: GET http://localhost:8050/mcp "HTTP/1.1 200 OK"
INFO:httpx:HTTP Request: POST http://localhost:8050/mcp "HTTP/1.1 202 Accepted"
INFO:watchfiles.main:1 change detected
INFO:httpx:HTTP Request: POST http://localhost:8050/mcp "HTTP/1.1 200 OK"
INFO:watchfiles.main:1 change detected
INFO:watchfiles.main:1 change detected
INFO:httpx:HTTP Request: POST http://localhost:8050/mcp "HTTP/1.1 200 OK"
INFO:httpx:HTTP Request: DELETE http://localhost:8050/mcp "HTTP/1.1 200 OK"
INFO:watchfiles.main:5 changes detected
INFO:watchfiles.main:1 change detected
INFO:watchfiles.main:1 change detected
INFO:httpx:HTTP Request: POST http://localhost:8050/mcp "HTTP/1.1 200 OK"
INFO:mcp.client.streamable_http:Received session ID: 1b44e42551e54879af7b5a18ee24640e
INFO:mcp.client.streamable_http:Negotiated protocol version: 2025-06-18
INFO:watchfiles.main:1 change detected
INFO:httpx:HTTP Request: GET http://localhost:8050/mcp "HTTP/1.1 200 OK"
INFO:httpx:HTTP Request: POST http://localhost:8050/mcp "HTTP/1.1 202 Accepted"
INFO:watchfiles.main:1 change detected
INFO:httpx:HTTP Request: POST http://localhost:8050/mcp "HTTP/1.1 200 OK"
INFO:httpx:HTTP Request: POST http://localhost:8050/mcp "HTTP/1.1 200 OK"
INFO:watchfiles.main:1 change detected
INFO:httpx:HTTP Request: DELETE http://localhost:8050/mcp "HTTP/1.1 200 OK"
INFO:watchfiles.main:1 change detected
INFO:watchfiles.main:1 change detected
INFO:watchfiles.main:1 change detected
INFO:httpx:HTTP Request: POST http://localhost:8050/mcp "HTTP/1.1 200 OK"
INFO:mcp.client.streamable_http:Received session ID: 37ec973384894d9cbc386d2b7ae951fc
INFO:mcp.client.streamable_http:Negotiated protocol version: 2025-06-18
INFO:watchfiles.main:1 change detected
INFO:httpx:HTTP Request: GET http://localhost:8050/mcp "HTTP/1.1 200 OK"
INFO:httpx:HTTP Request: POST http://localhost:8050/mcp "HTTP/1.1 202 Accepted"
INFO:httpx:HTTP Request: POST http://localhost:8050/mcp "HTTP/1.1 200 OK"
INFO:watchfiles.main:1 change detected
INFO:watchfiles.main:1 change detected
INFO:httpx:HTTP Request: POST http://localhost:8050/mcp "HTTP/1.1 200 OK"
INFO:watchfiles.main:1 change detected
INFO:httpx:HTTP Request: DELETE http://localhost:8050/mcp "HTTP/1.1 200 OK"
INFO:watchfiles.main:4 changes detected
INFO:watchfiles.main:1 change detected
INFO:watchfiles.main:1 change detected
INFO:httpx:HTTP Request: POST http://localhost:8050/mcp "HTTP/1.1 200 OK"
INFO:mcp.client.streamable_http:Received session ID: 22910ffad0274b6b877f3944ca2a67bc
INFO:mcp.client.streamable_http:Negotiated protocol version: 2025-06-18
INFO:watchfiles.main:1 change detected
INFO:httpx:HTTP Request: GET http://localhost:8050/mcp "HTTP/1.1 200 OK"
INFO:httpx:HTTP Request: POST http://localhost:8050/mcp "HTTP/1.1 202 Accepted"
INFO:httpx:HTTP Request: POST http://localhost:8050/mcp "HTTP/1.1 200 OK"
INFO:watchfiles.main:1 change detected
INFO:httpx:HTTP Request: POST http://localhost:8050/mcp "HTTP/1.1 200 OK"
INFO:watchfiles.main:1 change detected
INFO:httpx:HTTP Request: DELETE http://localhost:8050/mcp "HTTP/1.1 200 OK"
INFO:watchfiles.main:1 change detected
INFO:watchfiles.main:1 change detected
INFO:watchfiles.main:1 change detected
INFO:httpx:HTTP Request: POST http://localhost:8050/mcp "HTTP/1.1 200 OK"
INFO:mcp.client.streamable_http:Received session ID: fcb9c0c8452c474caebfe26718f62e6a
INFO:mcp.client.streamable_http:Negotiated protocol version: 2025-06-18
INFO:watchfiles.main:1 change detected
INFO:httpx:HTTP Request: POST http://localhost:8050/mcp "HTTP/1.1 202 Accepted"
INFO:httpx:HTTP Request: GET http://localhost:8050/mcp "HTTP/1.1 200 OK"
INFO:httpx:HTTP Request: POST http://localhost:8050/mcp "HTTP/1.1 200 OK"
INFO:watchfiles.main:1 change detected
INFO:watchfiles.main:1 change detected
INFO:httpx:HTTP Request: POST http://localhost:8050/mcp "HTTP/1.1 200 OK"
INFO:watchfiles.main:1 change detected
INFO:httpx:HTTP Request: DELETE http://localhost:8050/mcp "HTTP/1.1 200 OK"
INFO:watchfiles.main:4 changes detected
INFO:watchfiles.main:1 change detected
INFO:watchfiles.main:1 change detected
INFO:httpx:HTTP Request: POST http://localhost:8050/mcp "HTTP/1.1 200 OK"
INFO:mcp.client.streamable_http:Received session ID: 69ce961df4224b8aaf922001f16a1e57
INFO:mcp.client.streamable_http:Negotiated protocol version: 2025-06-18
INFO:watchfiles.main:1 change detected
INFO:httpx:HTTP Request: GET http://localhost:8050/mcp "HTTP/1.1 200 OK"
INFO:httpx:HTTP Request: POST http://localhost:8050/mcp "HTTP/1.1 202 Accepted"
INFO:watchfiles.main:1 change detected
INFO:httpx:HTTP Request: POST http://localhost:8050/mcp "HTTP/1.1 200 OK"
INFO:httpx:HTTP Request: POST http://localhost:8050/mcp "HTTP/1.1 200 OK"
INFO:watchfiles.main:1 change detected
INFO:httpx:HTTP Request: DELETE http://localhost:8050/mcp "HTTP/1.1 200 OK"
INFO:watchfiles.main:1 change detected
INFO:watchfiles.main:1 change detected
INFO:watchfiles.main:1 change detected
INFO:httpx:HTTP Request: POST http://localhost:8050/mcp "HTTP/1.1 200 OK"
INFO:mcp.client.streamable_http:Received session ID: f4a608cfd9a94304ba86742f53badf4d
INFO:mcp.client.streamable_http:Negotiated protocol version: 2025-06-18
INFO:watchfiles.main:1 change detected
INFO:httpx:HTTP Request: GET http://localhost:8050/mcp "HTTP/1.1 200 OK"
INFO:httpx:HTTP Request: POST http://localhost:8050/mcp "HTTP/1.1 202 Accepted"
INFO:httpx:HTTP Request: POST http://localhost:8050/mcp "HTTP/1.1 200 OK"
INFO:watchfiles.main:1 change detected
INFO:watchfiles.main:1 change detected
INFO:watchfiles.main:1 change detected
INFO:httpx:HTTP Request: POST http://localhost:8050/mcp "HTTP/1.1 200 OK"
INFO:httpx:HTTP Request: DELETE http://localhost:8050/mcp "HTTP/1.1 200 OK"
INFO:watchfiles.main:5 changes detected
INFO:watchfiles.main:1 change detected
INFO:watchfiles.main:1 change detected
INFO:httpx:HTTP Request: POST http://localhost:8050/mcp "HTTP/1.1 200 OK"
INFO:mcp.client.streamable_http:Received session ID: 2517c453822c4c8d906ea206060260d0
INFO:mcp.client.streamable_http:Negotiated protocol version: 2025-06-18
INFO:watchfiles.main:1 change detected
INFO:httpx:HTTP Request: GET http://localhost:8050/mcp "HTTP/1.1 200 OK"
INFO:httpx:HTTP Request: POST http://localhost:8050/mcp "HTTP/1.1 202 Accepted"
INFO:watchfiles.main:1 change detected
INFO:httpx:HTTP Request: POST http://localhost:8050/mcp "HTTP/1.1 200 OK"
INFO:watchfiles.main:1 change detected
INFO:httpx:HTTP Request: POST http://localhost:8050/mcp "HTTP/1.1 200 OK"
INFO:httpx:HTTP Request: DELETE http://localhost:8050/mcp "HTTP/1.1 200 OK"
INFO:watchfiles.main:1 change detected
INFO:watchfiles.main:1 change detected
INFO:watchfiles.main:1 change detected
INFO:httpx:HTTP Request: POST http://localhost:8050/mcp "HTTP/1.1 200 OK"
INFO:mcp.client.streamable_http:Received session ID: 4e6ee7591ea4457f84c5de3dfe81c4ab
INFO:mcp.client.streamable_http:Negotiated protocol version: 2025-06-18
INFO:watchfiles.main:1 change detected
INFO:httpx:HTTP Request: GET http://localhost:8050/mcp "HTTP/1.1 200 OK"
INFO:httpx:HTTP Request: POST http://localhost:8050/mcp "HTTP/1.1 202 Accepted"
INFO:watchfiles.main:1 change detected
INFO:httpx:HTTP Request: POST http://localhost:8050/mcp "HTTP/1.1 200 OK"
INFO:watchfiles.main:1 change detected
INFO:httpx:HTTP Request: POST http://localhost:8050/mcp "HTTP/1.1 200 OK"
INFO:watchfiles.main:1 change detected
INFO:httpx:HTTP Request: DELETE http://localhost:8050/mcp "HTTP/1.1 200 OK"
INFO:watchfiles.main:5 changes detected
INFO:watchfiles.main:1 change detected
INFO:watchfiles.main:1 change detected
INFO:httpx:HTTP Request: POST http://localhost:8050/mcp "HTTP/1.1 200 OK"
INFO:mcp.client.streamable_http:Received session ID: fe06368569584a8898a017a16a6cbdd9
INFO:mcp.client.streamable_http:Negotiated protocol version: 2025-06-18
INFO:watchfiles.main:1 change detected
INFO:httpx:HTTP Request: GET http://localhost:8050/mcp "HTTP/1.1 200 OK"
INFO:httpx:HTTP Request: POST http://localhost:8050/mcp "HTTP/1.1 202 Accepted"
INFO:httpx:HTTP Request: POST http://localhost:8050/mcp "HTTP/1.1 200 OK"
INFO:watchfiles.main:1 change detected
INFO:httpx:HTTP Request: POST http://localhost:8050/mcp "HTTP/1.1 200 OK"
INFO:watchfiles.main:1 change detected
INFO:httpx:HTTP Request: DELETE http://localhost:8050/mcp "HTTP/1.1 200 OK"
INFO:watchfiles.main:1 change detected
INFO:watchfiles.main:1 change detected
INFO:watchfiles.main:1 change detected
INFO:httpx:HTTP Request: POST http://localhost:8050/mcp "HTTP/1.1 200 OK"
INFO:mcp.client.streamable_http:Received session ID: 33a7032c32654fcc9ca89c1ddab4b0e8
INFO:mcp.client.streamable_http:Negotiated protocol version: 2025-06-18
INFO:httpx:HTTP Request: GET http://localhost:8050/mcp "HTTP/1.1 200 OK"
INFO:httpx:HTTP Request: POST http://localhost:8050/mcp "HTTP/1.1 202 Accepted"
INFO:watchfiles.main:1 change detected
INFO:httpx:HTTP Request: POST http://localhost:8050/mcp "HTTP/1.1 200 OK"
INFO:watchfiles.main:1 change detected
INFO:watchfiles.main:1 change detected
INFO:httpx:HTTP Request: POST http://localhost:8050/mcp "HTTP/1.1 200 OK"
INFO:httpx:HTTP Request: DELETE http://localhost:8050/mcp "HTTP/1.1 200 OK"
INFO:watchfiles.main:5 changes detected
INFO:watchfiles.main:1 change detected
INFO:watchfiles.main:1 change detected
INFO:httpx:HTTP Request: POST http://localhost:8050/mcp "HTTP/1.1 200 OK"
INFO:mcp.client.streamable_http:Received session ID: c4d12ed9660d49fb8d6e863cb5aa37aa
INFO:mcp.client.streamable_http:Negotiated protocol version: 2025-06-18
INFO:watchfiles.main:1 change detected
INFO:httpx:HTTP Request: GET http://localhost:8050/mcp "HTTP/1.1 200 OK"
INFO:httpx:HTTP Request: POST http://localhost:8050/mcp "HTTP/1.1 202 Accepted"
INFO:httpx:HTTP Request: POST http://localhost:8050/mcp "HTTP/1.1 200 OK"
INFO:watchfiles.main:1 change detected
INFO:watchfiles.main:1 change detected
INFO:httpx:HTTP Request: POST http://localhost:8050/mcp "HTTP/1.1 200 OK"
INFO:httpx:HTTP Request: DELETE http://localhost:8050/mcp "HTTP/1.1 200 OK"
INFO:watchfiles.main:1 change detected
INFO:watchfiles.main:1 change detected
INFO:watchfiles.main:1 change detected
INFO:httpx:HTTP Request: POST http://localhost:8050/mcp "HTTP/1.1 200 OK"
INFO:mcp.client.streamable_http:Received session ID: 55e58991113f4e5c8e690a62ced178e9
INFO:mcp.client.streamable_http:Negotiated protocol version: 2025-06-18
INFO:watchfiles.main:1 change detected
INFO:httpx:HTTP Request: POST http://localhost:8050/mcp "HTTP/1.1 202 Accepted"
INFO:httpx:HTTP Request: GET http://localhost:8050/mcp "HTTP/1.1 200 OK"
INFO:httpx:HTTP Request: POST http://localhost:8050/mcp "HTTP/1.1 200 OK"
INFO:watchfiles.main:1 change detected
INFO:watchfiles.main:1 change detected
INFO:httpx:HTTP Request: POST http://localhost:8050/mcp "HTTP/1.1 200 OK"
INFO:watchfiles.main:1 change detected
INFO:httpx:HTTP Request: DELETE http://localhost:8050/mcp "HTTP/1.1 200 OK"
INFO:watchfiles.main:4 changes detected
INFO:watchfiles.main:1 change detected
INFO:watchfiles.main:1 change detected
INFO:httpx:HTTP Request: POST http://localhost:8050/mcp "HTTP/1.1 200 OK"
INFO:mcp.client.streamable_http:Received session ID: c62acfc710004dcda9c9239a0947edb5
INFO:mcp.client.streamable_http:Negotiated protocol version: 2025-06-18
INFO:watchfiles.main:1 change detected
INFO:httpx:HTTP Request: GET http://localhost:8050/mcp "HTTP/1.1 200 OK"
INFO:httpx:HTTP Request: POST http://localhost:8050/mcp "HTTP/1.1 202 Accepted"
INFO:watchfiles.main:1 change detected
INFO:httpx:HTTP Request: POST http://localhost:8050/mcp "HTTP/1.1 200 OK"
INFO:watchfiles.main:1 change detected
INFO:httpx:HTTP Request: POST http://localhost:8050/mcp "HTTP/1.1 200 OK"
INFO:httpx:HTTP Request: DELETE http://localhost:8050/mcp "HTTP/1.1 200 OK"
INFO:watchfiles.main:1 change detected
INFO:watchfiles.main:1 change detected
INFO:watchfiles.main:1 change detected
INFO:httpx:HTTP Request: POST http://localhost:8050/mcp "HTTP/1.1 200 OK"
INFO:mcp.client.streamable_http:Received session ID: c77fcfb932c94e33b9ad4be66894cffc
INFO:mcp.client.streamable_http:Negotiated protocol version: 2025-06-18
INFO:watchfiles.main:1 change detected
INFO:httpx:HTTP Request: GET http://localhost:8050/mcp "HTTP/1.1 200 OK"
INFO:httpx:HTTP Request: POST http://localhost:8050/mcp "HTTP/1.1 202 Accepted"
INFO:watchfiles.main:1 change detected
INFO:httpx:HTTP Request: POST http://localhost:8050/mcp "HTTP/1.1 200 OK"
INFO:watchfiles.main:1 change detected
INFO:httpx:HTTP Request: POST http://localhost:8050/mcp "HTTP/1.1 200 OK"
INFO:watchfiles.main:1 change detected
INFO:httpx:HTTP Request: DELETE http://localhost:8050/mcp "HTTP/1.1 200 OK"
INFO:watchfiles.main:5 changes detected
INFO:watchfiles.main:1 change detected
INFO:watchfiles.main:1 change detected
INFO:httpx:HTTP Request: POST http://localhost:8050/mcp "HTTP/1.1 200 OK"
INFO:mcp.client.streamable_http:Received session ID: e9acc77ec6584f60ae6727445c212783
INFO:mcp.client.streamable_http:Negotiated protocol version: 2025-06-18
INFO:watchfiles.main:1 change detected
INFO:httpx:HTTP Request: GET http://localhost:8050/mcp "HTTP/1.1 200 OK"
INFO:httpx:HTTP Request: POST http://localhost:8050/mcp "HTTP/1.1 202 Accepted"
INFO:httpx:HTTP Request: POST http://localhost:8050/mcp "HTTP/1.1 200 OK"
INFO:watchfiles.main:1 change detected
INFO:watchfiles.main:1 change detected
INFO:httpx:HTTP Request: POST http://localhost:8050/mcp "HTTP/1.1 200 OK"
INFO:httpx:HTTP Request: DELETE http://localhost:8050/mcp "HTTP/1.1 200 OK"
INFO:watchfiles.main:1 change detected
INFO:watchfiles.main:1 change detected
INFO:watchfiles.main:1 change detected
INFO:httpx:HTTP Request: POST http://localhost:8050/mcp "HTTP/1.1 200 OK"
INFO:mcp.client.streamable_http:Received session ID: c141ab4e73854d17bc09fc95b54a2505
INFO:mcp.client.streamable_http:Negotiated protocol version: 2025-06-18
INFO:watchfiles.main:1 change detected
INFO:httpx:HTTP Request: GET http://localhost:8050/mcp "HTTP/1.1 200 OK"
INFO:httpx:HTTP Request: POST http://localhost:8050/mcp "HTTP/1.1 202 Accepted"
INFO:httpx:HTTP Request: POST http://localhost:8050/mcp "HTTP/1.1 200 OK"
INFO:watchfiles.main:1 change detected
INFO:watchfiles.main:1 change detected
INFO:httpx:HTTP Request: POST http://localhost:8050/mcp "HTTP/1.1 200 OK"
INFO:watchfiles.main:1 change detected
INFO:httpx:HTTP Request: DELETE http://localhost:8050/mcp "HTTP/1.1 200 OK"
INFO:watchfiles.main:4 changes detected
INFO:watchfiles.main:1 change detected
INFO:watchfiles.main:1 change detected
INFO:httpx:HTTP Request: POST http://localhost:8050/mcp "HTTP/1.1 200 OK"
INFO:mcp.client.streamable_http:Received session ID: ee18fd6d5125426fa26a022ca27bb450
INFO:mcp.client.streamable_http:Negotiated protocol version: 2025-06-18
INFO:watchfiles.main:1 change detected
INFO:httpx:HTTP Request: GET http://localhost:8050/mcp "HTTP/1.1 200 OK"
INFO:httpx:HTTP Request: POST http://localhost:8050/mcp "HTTP/1.1 202 Accepted"
INFO:httpx:HTTP Request: POST http://localhost:8050/mcp "HTTP/1.1 200 OK"
INFO:watchfiles.main:1 change detected
INFO:httpx:HTTP Request: POST http://localhost:8050/mcp "HTTP/1.1 200 OK"
INFO:watchfiles.main:1 change detected
INFO:httpx:HTTP Request: DELETE http://localhost:8050/mcp "HTTP/1.1 200 OK"
INFO:watchfiles.main:1 change detected
INFO:watchfiles.main:1 change detected
INFO:httpx:HTTP Request: POST http://localhost:8050/mcp "HTTP/1.1 200 OK"
INFO:mcp.client.streamable_http:Received session ID: 56b484efc2d14070bf5938c2a43a356c
INFO:mcp.client.streamable_http:Negotiated protocol version: 2025-06-18
INFO:watchfiles.main:1 change detected
INFO:httpx:HTTP Request: GET http://localhost:8050/mcp "HTTP/1.1 200 OK"
INFO:httpx:HTTP Request: POST http://localhost:8050/mcp "HTTP/1.1 202 Accepted"
INFO:httpx:HTTP Request: POST http://localhost:8050/mcp "HTTP/1.1 200 OK"
INFO:watchfiles.main:1 change detected
INFO:watchfiles.main:1 change detected
INFO:httpx:HTTP Request: POST http://localhost:8050/mcp "HTTP/1.1 200 OK"
INFO:watchfiles.main:1 change detected
INFO:httpx:HTTP Request: DELETE http://localhost:8050/mcp "HTTP/1.1 200 OK"
INFO:watchfiles.main:4 changes detected
INFO:watchfiles.main:1 change detected
INFO:httpx:HTTP Request: POST http://localhost:8050/mcp "HTTP/1.1 200 OK"
INFO:mcp.client.streamable_http:Received session ID: 5791c13ecff243608db5ecf71ef24ec2
INFO:mcp.client.streamable_http:Negotiated protocol version: 2025-06-18
INFO:watchfiles.main:1 change detected
INFO:httpx:HTTP Request: GET http://localhost:8050/mcp "HTTP/1.1 200 OK"
INFO:httpx:HTTP Request: POST http://localhost:8050/mcp "HTTP/1.1 202 Accepted"
INFO:httpx:HTTP Request: POST http://localhost:8050/mcp "HTTP/1.1 200 OK"
INFO:watchfiles.main:1 change detected
INFO:watchfiles.main:1 change detected
INFO:httpx:HTTP Request: POST http://localhost:8050/mcp "HTTP/1.1 200 OK"
INFO:watchfiles.main:1 change detected
INFO:httpx:HTTP Request: DELETE http://localhost:8050/mcp "HTTP/1.1 200 OK"
INFO:watchfiles.main:1 change detected
INFO:watchfiles.main:1 change detected
INFO:httpx:HTTP Request: POST http://localhost:8050/mcp "HTTP/1.1 200 OK"
INFO:mcp.client.streamable_http:Received session ID: b3c6d77f9b914f5b957afd3ba35646e2
INFO:mcp.client.streamable_http:Negotiated protocol version: 2025-06-18
INFO:httpx:HTTP Request: GET http://localhost:8050/mcp "HTTP/1.1 200 OK"
INFO:httpx:HTTP Request: POST http://localhost:8050/mcp "HTTP/1.1 202 Accepted"
INFO:watchfiles.main:1 change detected
INFO:httpx:HTTP Request: POST http://localhost:8050/mcp "HTTP/1.1 200 OK"
INFO:watchfiles.main:1 change detected
INFO:watchfiles.main:1 change detected
INFO:httpx:HTTP Request: POST http://localhost:8050/mcp "HTTP/1.1 200 OK"
INFO:httpx:HTTP Request: DELETE http://localhost:8050/mcp "HTTP/1.1 200 OK"
INFO:watchfiles.main:5 changes detected
INFO:watchfiles.main:1 change detected
INFO:httpx:HTTP Request: POST http://localhost:8050/mcp "HTTP/1.1 200 OK"
INFO:mcp.client.streamable_http:Received session ID: 5ca134740ebd4e3f953639f46e9c57a4
INFO:mcp.client.streamable_http:Negotiated protocol version: 2025-06-18
INFO:watchfiles.main:1 change detected
INFO:httpx:HTTP Request: GET http://localhost:8050/mcp "HTTP/1.1 200 OK"
INFO:httpx:HTTP Request: POST http://localhost:8050/mcp "HTTP/1.1 202 Accepted"
INFO:watchfiles.main:1 change detected
INFO:httpx:HTTP Request: POST http://localhost:8050/mcp "HTTP/1.1 200 OK"
INFO:httpx:HTTP Request: POST http://localhost:8050/mcp "HTTP/1.1 200 OK"
INFO:watchfiles.main:1 change detected
INFO:httpx:HTTP Request: DELETE http://localhost:8050/mcp "HTTP/1.1 200 OK"
INFO:watchfiles.main:1 change detected
INFO:watchfiles.main:1 change detected
INFO:httpx:HTTP Request: POST http://localhost:8050/mcp "HTTP/1.1 200 OK"
INFO:mcp.client.streamable_http:Received session ID: 938bccc9c5cc4b3094ae8b044e4c4183
INFO:mcp.client.streamable_http:Negotiated protocol version: 2025-06-18
INFO:watchfiles.main:1 change detected
INFO:httpx:HTTP Request: POST http://localhost:8050/mcp "HTTP/1.1 202 Accepted"
INFO:httpx:HTTP Request: GET http://localhost:8050/mcp "HTTP/1.1 200 OK"
INFO:watchfiles.main:1 change detected
INFO:httpx:HTTP Request: POST http://localhost:8050/mcp "HTTP/1.1 200 OK"
INFO:watchfiles.main:1 change detected
INFO:httpx:HTTP Request: POST http://localhost:8050/mcp "HTTP/1.1 200 OK"
INFO:watchfiles.main:1 change detected
INFO:httpx:HTTP Request: DELETE http://localhost:8050/mcp "HTTP/1.1 200 OK"
INFO:watchfiles.main:5 changes detected
INFO:httpx:HTTP Request: POST http://localhost:8050/mcp "HTTP/1.1 200 OK"
INFO:mcp.client.streamable_http:Received session ID: 7a51dde7d22240d5ac10a6df54ca12c8
INFO:mcp.client.streamable_http:Negotiated protocol version: 2025-06-18
INFO:watchfiles.main:1 change detected
INFO:httpx:HTTP Request: GET http://localhost:8050/mcp "HTTP/1.1 200 OK"
INFO:httpx:HTTP Request: POST http://localhost:8050/mcp "HTTP/1.1 202 Accepted"
INFO:watchfiles.main:1 change detected
INFO:httpx:HTTP Request: POST http://localhost:8050/mcp "HTTP/1.1 200 OK"
INFO:watchfiles.main:1 change detected
INFO:httpx:HTTP Request: POST http://localhost:8050/mcp "HTTP/1.1 200 OK"
INFO:watchfiles.main:1 change detected
INFO:httpx:HTTP Request: DELETE http://localhost:8050/mcp "HTTP/1.1 200 OK"
INFO:watchfiles.main:1 change detected
INFO:watchfiles.main:1 change detected
INFO:httpx:HTTP Request: POST http://localhost:8050/mcp "HTTP/1.1 200 OK"
INFO:mcp.client.streamable_http:Received session ID: 72cb1e48299d478ca7a4abb2d2d5c2bc
INFO:mcp.client.streamable_http:Negotiated protocol version: 2025-06-18
INFO:httpx:HTTP Request: POST http://localhost:8050/mcp "HTTP/1.1 202 Accepted"
INFO:httpx:HTTP Request: GET http://localhost:8050/mcp "HTTP/1.1 200 OK"
INFO:watchfiles.main:1 change detected
INFO:httpx:HTTP Request: POST http://localhost:8050/mcp "HTTP/1.1 200 OK"
INFO:watchfiles.main:1 change detected
INFO:watchfiles.main:1 change detected
INFO:httpx:HTTP Request: POST http://localhost:8050/mcp "HTTP/1.1 200 OK"
INFO:httpx:HTTP Request: DELETE http://localhost:8050/mcp "HTTP/1.1 200 OK"
INFO:watchfiles.main:5 changes detected
INFO:watchfiles.main:1 change detected
INFO:watchfiles.main:1 change detected
INFO:httpx:HTTP Request: POST http://localhost:8050/mcp "HTTP/1.1 200 OK"
INFO:mcp.client.streamable_http:Received session ID: 55f67465f15549fbb31e5e3def0af9d5
INFO:mcp.client.streamable_http:Negotiated protocol version: 2025-06-18
INFO:httpx:HTTP Request: GET http://localhost:8050/mcp "HTTP/1.1 200 OK"
INFO:httpx:HTTP Request: POST http://localhost:8050/mcp "HTTP/1.1 202 Accepted"
INFO:watchfiles.main:1 change detected
INFO:httpx:HTTP Request: POST http://localhost:8050/mcp "HTTP/1.1 200 OK"
INFO:watchfiles.main:1 change detected
INFO:httpx:HTTP Request: POST http://localhost:8050/mcp "HTTP/1.1 200 OK"
INFO:watchfiles.main:1 change detected
INFO:httpx:HTTP Request: DELETE http://localhost:8050/mcp "HTTP/1.1 200 OK"
INFO:watchfiles.main:1 change detected
INFO:httpx:HTTP Request: POST http://localhost:8050/mcp "HTTP/1.1 200 OK"
INFO:mcp.client.streamable_http:Received session ID: 902bd37b03834177a5da6140b6aa13ce
INFO:watchfiles.main:1 change detected
INFO:mcp.client.streamable_http:Negotiated protocol version: 2025-06-18
INFO:httpx:HTTP Request: GET http://localhost:8050/mcp "HTTP/1.1 200 OK"
INFO:httpx:HTTP Request: POST http://localhost:8050/mcp "HTTP/1.1 202 Accepted"
INFO:watchfiles.main:1 change detected
INFO:httpx:HTTP Request: POST http://localhost:8050/mcp "HTTP/1.1 200 OK"
INFO:watchfiles.main:1 change detected
INFO:httpx:HTTP Request: POST http://localhost:8050/mcp "HTTP/1.1 200 OK"
INFO:watchfiles.main:1 change detected
INFO:httpx:HTTP Request: DELETE http://localhost:8050/mcp "HTTP/1.1 200 OK"
INFO:watchfiles.main:5 changes detected
INFO:watchfiles.main:1 change detected
INFO:httpx:HTTP Request: POST http://localhost:8050/mcp "HTTP/1.1 200 OK"
INFO:mcp.client.streamable_http:Received session ID: dfe421da889848dca85fbd4e7ec05966
INFO:mcp.client.streamable_http:Negotiated protocol version: 2025-06-18
INFO:watchfiles.main:1 change detected
INFO:httpx:HTTP Request: GET http://localhost:8050/mcp "HTTP/1.1 200 OK"
INFO:httpx:HTTP Request: POST http://localhost:8050/mcp "HTTP/1.1 202 Accepted"
INFO:httpx:HTTP Request: POST http://localhost:8050/mcp "HTTP/1.1 200 OK"
INFO:watchfiles.main:1 change detected
INFO:httpx:HTTP Request: POST http://localhost:8050/mcp "HTTP/1.1 200 OK"
INFO:watchfiles.main:1 change detected
INFO:httpx:HTTP Request: DELETE http://localhost:8050/mcp "HTTP/1.1 200 OK"
INFO:watchfiles.main:1 change detected
INFO:httpx:HTTP Request: POST http://localhost:8050/mcp "HTTP/1.1 200 OK"
INFO:mcp.client.streamable_http:Received session ID: 0c07a0d5c52d43e9804fcc9fe9f7c638
INFO:mcp.client.streamable_http:Negotiated protocol version: 2025-06-18
INFO:watchfiles.main:1 change detected
INFO:httpx:HTTP Request: GET http://localhost:8050/mcp "HTTP/1.1 200 OK"
INFO:httpx:HTTP Request: POST http://localhost:8050/mcp "HTTP/1.1 202 Accepted"
INFO:watchfiles.main:1 change detected
INFO:httpx:HTTP Request: POST http://localhost:8050/mcp "HTTP/1.1 200 OK"
INFO:watchfiles.main:1 change detected
INFO:watchfiles.main:1 change detected
INFO:httpx:HTTP Request: POST http://localhost:8050/mcp "HTTP/1.1 200 OK"
INFO:watchfiles.main:1 change detected
INFO:httpx:HTTP Request: DELETE http://localhost:8050/mcp "HTTP/1.1 200 OK"
INFO:watchfiles.main:8 changes detected
INFO:watchfiles.main:4 changes detected
INFO:httpx:HTTP Request: POST http://localhost:8050/mcp "HTTP/1.1 200 OK"
INFO:mcp.client.streamable_http:Received session ID: 56cbc49244ef48689ecb81028ba23f37
INFO:mcp.client.streamable_http:Negotiated protocol version: 2025-06-18
INFO:httpx:HTTP Request: GET http://localhost:8050/mcp "HTTP/1.1 200 OK"
INFO:httpx:HTTP Request: POST http://localhost:8050/mcp "HTTP/1.1 202 Accepted"
INFO:watchfiles.main:338 changes detected
INFO:httpx:HTTP Request: POST http://localhost:8050/mcp "HTTP/1.1 200 OK"
INFO:httpx:HTTP Request: POST http://localhost:8050/mcp "HTTP/1.1 200 OK"
INFO:httpx:HTTP Request: DELETE http://localhost:8050/mcp "HTTP/1.1 200 OK"
INFO:watchfiles.main:399 changes detected
INFO:watchfiles.main:183 changes detected
INFO:httpx:HTTP Request: POST http://localhost:8050/mcp "HTTP/1.1 200 OK"
INFO:mcp.client.streamable_http:Received session ID: ecdc2a64798e4d55ad604ab0046ce363
INFO:mcp.client.streamable_http:Negotiated protocol version: 2025-06-18
INFO:httpx:HTTP Request: GET http://localhost:8050/mcp "HTTP/1.1 200 OK"
INFO:httpx:HTTP Request: POST http://localhost:8050/mcp "HTTP/1.1 202 Accepted"
INFO:watchfiles.main:141 changes detected
INFO:httpx:HTTP Request: POST http://localhost:8050/mcp "HTTP/1.1 200 OK"
INFO:watchfiles.main:1 change detected
INFO:watchfiles.main:1 change detected
INFO:httpx:HTTP Request: POST http://localhost:8050/mcp "HTTP/1.1 200 OK"
INFO:httpx:HTTP Request: DELETE http://localhost:8050/mcp "HTTP/1.1 200 OK"
INFO:watchfiles.main:5 changes detected
INFO:watchfiles.main:1 change detected
INFO:httpx:HTTP Request: POST http://localhost:8050/mcp "HTTP/1.1 200 OK"
INFO:mcp.client.streamable_http:Received session ID: 5aabfb06c3414187bed0c3453b95eb7a
INFO:mcp.client.streamable_http:Negotiated protocol version: 2025-06-18
INFO:watchfiles.main:1 change detected
INFO:httpx:HTTP Request: GET http://localhost:8050/mcp "HTTP/1.1 200 OK"
INFO:httpx:HTTP Request: POST http://localhost:8050/mcp "HTTP/1.1 202 Accepted"
INFO:watchfiles.main:1 change detected
INFO:httpx:HTTP Request: POST http://localhost:8050/mcp "HTTP/1.1 200 OK"
INFO:watchfiles.main:1 change detected
INFO:httpx:HTTP Request: POST http://localhost:8050/mcp "HTTP/1.1 200 OK"
INFO:watchfiles.main:1 change detected
INFO:httpx:HTTP Request: DELETE http://localhost:8050/mcp "HTTP/1.1 200 OK"
INFO:watchfiles.main:1 change detected
INFO:httpx:HTTP Request: POST http://localhost:8050/mcp "HTTP/1.1 200 OK"
INFO:mcp.client.streamable_http:Received session ID: 88640235e48246418c130b4a78d16d43
INFO:mcp.client.streamable_http:Negotiated protocol version: 2025-06-18
INFO:watchfiles.main:1 change detected
INFO:httpx:HTTP Request: GET http://localhost:8050/mcp "HTTP/1.1 200 OK"
INFO:httpx:HTTP Request: POST http://localhost:8050/mcp "HTTP/1.1 202 Accepted"
INFO:watchfiles.main:1 change detected
INFO:httpx:HTTP Request: POST http://localhost:8050/mcp "HTTP/1.1 200 OK"
INFO:watchfiles.main:1 change detected
INFO:httpx:HTTP Request: POST http://localhost:8050/mcp "HTTP/1.1 200 OK"
INFO:watchfiles.main:1 change detected
INFO:httpx:HTTP Request: DELETE http://localhost:8050/mcp "HTTP/1.1 200 OK"
INFO:watchfiles.main:5 changes detected
INFO:watchfiles.main:1 change detected
INFO:watchfiles.main:1 change detected
INFO:httpx:HTTP Request: POST http://localhost:8050/mcp "HTTP/1.1 200 OK"
INFO:mcp.client.streamable_http:Received session ID: d10959eb654e49a79f7c332a0de0265d
INFO:mcp.client.streamable_http:Negotiated protocol version: 2025-06-18
INFO:httpx:HTTP Request: GET http://localhost:8050/mcp "HTTP/1.1 200 OK"
INFO:httpx:HTTP Request: POST http://localhost:8050/mcp "HTTP/1.1 202 Accepted"
INFO:watchfiles.main:1 change detected
INFO:httpx:HTTP Request: POST http://localhost:8050/mcp "HTTP/1.1 200 OK"
INFO:watchfiles.main:1 change detected
INFO:httpx:HTTP Request: POST http://localhost:8050/mcp "HTTP/1.1 200 OK"
INFO:httpx:HTTP Request: DELETE http://localhost:8050/mcp "HTTP/1.1 200 OK"
INFO:watchfiles.main:1 change detected
INFO:watchfiles.main:1 change detected
INFO:watchfiles.main:1 change detected
INFO:httpx:HTTP Request: POST http://localhost:8050/mcp "HTTP/1.1 200 OK"
INFO:mcp.client.streamable_http:Received session ID: 6f7671c4d78d4369b80fa7c00bdb016b
INFO:mcp.client.streamable_http:Negotiated protocol version: 2025-06-18
INFO:watchfiles.main:1 change detected
INFO:httpx:HTTP Request: GET http://localhost:8050/mcp "HTTP/1.1 200 OK"
INFO:httpx:HTTP Request: POST http://localhost:8050/mcp "HTTP/1.1 202 Accepted"
INFO:watchfiles.main:1 change detected
INFO:httpx:HTTP Request: POST http://localhost:8050/mcp "HTTP/1.1 200 OK"
INFO:watchfiles.main:1 change detected
INFO:httpx:HTTP Request: POST http://localhost:8050/mcp "HTTP/1.1 200 OK"
INFO:watchfiles.main:1 change detected
INFO:httpx:HTTP Request: DELETE http://localhost:8050/mcp "HTTP/1.1 200 OK"
INFO:watchfiles.main:5 changes detected
INFO:watchfiles.main:1 change detected
INFO:watchfiles.main:1 change detected
INFO:httpx:HTTP Request: POST http://localhost:8050/mcp "HTTP/1.1 200 OK"
INFO:mcp.client.streamable_http:Received session ID: 79716e9788034f669fbd1816e782c5ca
INFO:mcp.client.streamable_http:Negotiated protocol version: 2025-06-18
INFO:watchfiles.main:1 change detected
INFO:httpx:HTTP Request: GET http://localhost:8050/mcp "HTTP/1.1 200 OK"
INFO:httpx:HTTP Request: POST http://localhost:8050/mcp "HTTP/1.1 202 Accepted"
INFO:watchfiles.main:1 change detected
INFO:httpx:HTTP Request: POST http://localhost:8050/mcp "HTTP/1.1 200 OK"
INFO:httpx:HTTP Request: POST http://localhost:8050/mcp "HTTP/1.1 200 OK"
INFO:watchfiles.main:1 change detected
INFO:httpx:HTTP Request: DELETE http://localhost:8050/mcp "HTTP/1.1 200 OK"
INFO:watchfiles.main:1 change detected
INFO:watchfiles.main:1 change detected
INFO:watchfiles.main:1 change detected
INFO:httpx:HTTP Request: POST http://localhost:8050/mcp "HTTP/1.1 200 OK"
INFO:mcp.client.streamable_http:Received session ID: 6bb81effa50f4cc99bbd0985471bdfa5
INFO:mcp.client.streamable_http:Negotiated protocol version: 2025-06-18
INFO:httpx:HTTP Request: GET http://localhost:8050/mcp "HTTP/1.1 200 OK"
INFO:httpx:HTTP Request: POST http://localhost:8050/mcp "HTTP/1.1 202 Accepted"
INFO:watchfiles.main:1 change detected
INFO:httpx:HTTP Request: POST http://localhost:8050/mcp "HTTP/1.1 200 OK"
INFO:watchfiles.main:1 change detected
INFO:watchfiles.main:1 change detected
INFO:httpx:HTTP Request: POST http://localhost:8050/mcp "HTTP/1.1 200 OK"
INFO:httpx:HTTP Request: DELETE http://localhost:8050/mcp "HTTP/1.1 200 OK"
INFO:watchfiles.main:5 changes detected
INFO:watchfiles.main:1 change detected
INFO:watchfiles.main:1 change detected
INFO:httpx:HTTP Request: POST http://localhost:8050/mcp "HTTP/1.1 200 OK"
INFO:mcp.client.streamable_http:Received session ID: 62df5f714d454dc387640460b1a3a9a2
INFO:mcp.client.streamable_http:Negotiated protocol version: 2025-06-18
INFO:watchfiles.main:1 change detected
INFO:httpx:HTTP Request: GET http://localhost:8050/mcp "HTTP/1.1 200 OK"
INFO:httpx:HTTP Request: POST http://localhost:8050/mcp "HTTP/1.1 202 Accepted"
INFO:httpx:HTTP Request: POST http://localhost:8050/mcp "HTTP/1.1 200 OK"
INFO:watchfiles.main:1 change detected
INFO:httpx:HTTP Request: POST http://localhost:8050/mcp "HTTP/1.1 200 OK"
INFO:watchfiles.main:1 change detected
INFO:httpx:HTTP Request: DELETE http://localhost:8050/mcp "HTTP/1.1 200 OK"
INFO:watchfiles.main:1 change detected
INFO:watchfiles.main:1 change detected
INFO:watchfiles.main:1 change detected
INFO:httpx:HTTP Request: POST http://localhost:8050/mcp "HTTP/1.1 200 OK"
INFO:mcp.client.streamable_http:Received session ID: 3ffa28591f92478eb29d9c570d206af4
INFO:mcp.client.streamable_http:Negotiated protocol version: 2025-06-18
INFO:watchfiles.main:1 change detected
INFO:httpx:HTTP Request: GET http://localhost:8050/mcp "HTTP/1.1 200 OK"
INFO:httpx:HTTP Request: POST http://localhost:8050/mcp "HTTP/1.1 202 Accepted"
INFO:httpx:HTTP Request: POST http://localhost:8050/mcp "HTTP/1.1 200 OK"
INFO:watchfiles.main:1 change detected
INFO:watchfiles.main:1 change detected
INFO:httpx:HTTP Request: POST http://localhost:8050/mcp "HTTP/1.1 200 OK"
INFO:watchfiles.main:1 change detected
INFO:httpx:HTTP Request: DELETE http://localhost:8050/mcp "HTTP/1.1 200 OK"
INFO:watchfiles.main:4 changes detected
INFO:watchfiles.main:1 change detected
INFO:watchfiles.main:1 change detected
INFO:httpx:HTTP Request: POST http://localhost:8050/mcp "HTTP/1.1 200 OK"
INFO:mcp.client.streamable_http:Received session ID: abc178f2c2b54092a2f42e94aff22fe1
INFO:mcp.client.streamable_http:Negotiated protocol version: 2025-06-18
INFO:watchfiles.main:1 change detected
INFO:httpx:HTTP Request: GET http://localhost:8050/mcp "HTTP/1.1 200 OK"
INFO:httpx:HTTP Request: POST http://localhost:8050/mcp "HTTP/1.1 202 Accepted"
INFO:httpx:HTTP Request: POST http://localhost:8050/mcp "HTTP/1.1 200 OK"
INFO:watchfiles.main:1 change detected
INFO:watchfiles.main:1 change detected
INFO:httpx:HTTP Request: POST http://localhost:8050/mcp "HTTP/1.1 200 OK"
INFO:httpx:HTTP Request: DELETE http://localhost:8050/mcp "HTTP/1.1 200 OK"
INFO:watchfiles.main:1 change detected
INFO:watchfiles.main:1 change detected
INFO:watchfiles.main:1 change detected
INFO:httpx:HTTP Request: POST http://localhost:8050/mcp "HTTP/1.1 200 OK"
INFO:mcp.client.streamable_http:Received session ID: 2f035012cd7246f69a572b9c5134d7a3
INFO:mcp.client.streamable_http:Negotiated protocol version: 2025-06-18
INFO:watchfiles.main:1 change detected
INFO:httpx:HTTP Request: GET http://localhost:8050/mcp "HTTP/1.1 200 OK"
INFO:httpx:HTTP Request: POST http://localhost:8050/mcp "HTTP/1.1 202 Accepted"
INFO:watchfiles.main:1 change detected
INFO:httpx:HTTP Request: POST http://localhost:8050/mcp "HTTP/1.1 200 OK"
INFO:watchfiles.main:1 change detected
INFO:httpx:HTTP Request: POST http://localhost:8050/mcp "HTTP/1.1 200 OK"
INFO:watchfiles.main:1 change detected
INFO:httpx:HTTP Request: DELETE http://localhost:8050/mcp "HTTP/1.1 200 OK"
INFO:watchfiles.main:5 changes detected
INFO:watchfiles.main:1 change detected
INFO:watchfiles.main:1 change detected
INFO:httpx:HTTP Request: POST http://localhost:8050/mcp "HTTP/1.1 200 OK"
INFO:mcp.client.streamable_http:Received session ID: 36b84ddca33c47fe9d5b27cf053480ec
INFO:mcp.client.streamable_http:Negotiated protocol version: 2025-06-18
INFO:watchfiles.main:1 change detected
INFO:httpx:HTTP Request: GET http://localhost:8050/mcp "HTTP/1.1 200 OK"
INFO:httpx:HTTP Request: POST http://localhost:8050/mcp "HTTP/1.1 202 Accepted"
INFO:httpx:HTTP Request: POST http://localhost:8050/mcp "HTTP/1.1 200 OK"
INFO:watchfiles.main:1 change detected
INFO:httpx:HTTP Request: POST http://localhost:8050/mcp "HTTP/1.1 200 OK"
INFO:watchfiles.main:1 change detected
INFO:httpx:HTTP Request: DELETE http://localhost:8050/mcp "HTTP/1.1 200 OK"
INFO:watchfiles.main:1 change detected
INFO:watchfiles.main:1 change detected
INFO:watchfiles.main:1 change detected
INFO:httpx:HTTP Request: POST http://localhost:8050/mcp "HTTP/1.1 200 OK"
INFO:mcp.client.streamable_http:Received session ID: 16f1136d80394c8590356242ac06290f
INFO:mcp.client.streamable_http:Negotiated protocol version: 2025-06-18
INFO:httpx:HTTP Request: GET http://localhost:8050/mcp "HTTP/1.1 200 OK"
INFO:httpx:HTTP Request: POST http://localhost:8050/mcp "HTTP/1.1 202 Accepted"
INFO:watchfiles.main:1 change detected
INFO:httpx:HTTP Request: POST http://localhost:8050/mcp "HTTP/1.1 200 OK"
INFO:watchfiles.main:1 change detected
INFO:watchfiles.main:1 change detected
INFO:httpx:HTTP Request: POST http://localhost:8050/mcp "HTTP/1.1 200 OK"
INFO:httpx:HTTP Request: DELETE http://localhost:8050/mcp "HTTP/1.1 200 OK"
INFO:watchfiles.main:1 change detected
INFO:watchfiles.main:5 changes detected
INFO:watchfiles.main:1 change detected
INFO:httpx:HTTP Request: POST http://localhost:8050/mcp "HTTP/1.1 200 OK"
INFO:mcp.client.streamable_http:Received session ID: 26fbf4c5128041f58451f04e1b4dfb75
INFO:mcp.client.streamable_http:Negotiated protocol version: 2025-06-18
INFO:watchfiles.main:1 change detected
INFO:httpx:HTTP Request: GET http://localhost:8050/mcp "HTTP/1.1 200 OK"
INFO:httpx:HTTP Request: POST http://localhost:8050/mcp "HTTP/1.1 202 Accepted"
INFO:watchfiles.main:1 change detected
INFO:httpx:HTTP Request: POST http://localhost:8050/mcp "HTTP/1.1 200 OK"
INFO:watchfiles.main:1 change detected
INFO:httpx:HTTP Request: POST http://localhost:8050/mcp "HTTP/1.1 200 OK"
INFO:httpx:HTTP Request: DELETE http://localhost:8050/mcp "HTTP/1.1 200 OK"
INFO:watchfiles.main:1 change detected
INFO:watchfiles.main:1 change detected
INFO:watchfiles.main:1 change detected
INFO:httpx:HTTP Request: POST http://localhost:8050/mcp "HTTP/1.1 200 OK"
INFO:mcp.client.streamable_http:Received session ID: c464802490d9489a9f11e70d73a6f36a
INFO:mcp.client.streamable_http:Negotiated protocol version: 2025-06-18
INFO:watchfiles.main:1 change detected
INFO:httpx:HTTP Request: GET http://localhost:8050/mcp "HTTP/1.1 200 OK"
INFO:httpx:HTTP Request: POST http://localhost:8050/mcp "HTTP/1.1 202 Accepted"
INFO:httpx:HTTP Request: POST http://localhost:8050/mcp "HTTP/1.1 200 OK"
INFO:watchfiles.main:1 change detected
INFO:watchfiles.main:1 change detected
INFO:watchfiles.main:1 change detected
INFO:httpx:HTTP Request: POST http://localhost:8050/mcp "HTTP/1.1 200 OK"
INFO:watchfiles.main:1 change detected
INFO:httpx:HTTP Request: DELETE http://localhost:8050/mcp "HTTP/1.1 200 OK"
INFO:watchfiles.main:4 changes detected
INFO:watchfiles.main:1 change detected
INFO:watchfiles.main:1 change detected
INFO:httpx:HTTP Request: POST http://localhost:8050/mcp "HTTP/1.1 200 OK"
INFO:mcp.client.streamable_http:Received session ID: 1f44cd7dfffc468a819a6fafab995f3f
INFO:mcp.client.streamable_http:Negotiated protocol version: 2025-06-18
INFO:watchfiles.main:1 change detected
INFO:httpx:HTTP Request: GET http://localhost:8050/mcp "HTTP/1.1 200 OK"
INFO:httpx:HTTP Request: POST http://localhost:8050/mcp "HTTP/1.1 202 Accepted"
INFO:httpx:HTTP Request: POST http://localhost:8050/mcp "HTTP/1.1 200 OK"
INFO:watchfiles.main:1 change detected
INFO:watchfiles.main:1 change detected
INFO:httpx:HTTP Request: POST http://localhost:8050/mcp "HTTP/1.1 200 OK"
INFO:httpx:HTTP Request: DELETE http://localhost:8050/mcp "HTTP/1.1 200 OK"
INFO:watchfiles.main:1 change detected
INFO:watchfiles.main:1 change detected
INFO:watchfiles.main:1 change detected
INFO:httpx:HTTP Request: POST http://localhost:8050/mcp "HTTP/1.1 200 OK"
INFO:mcp.client.streamable_http:Received session ID: e8718ca50311420996e6ba533174f139
INFO:mcp.client.streamable_http:Negotiated protocol version: 2025-06-18
INFO:watchfiles.main:1 change detected
INFO:httpx:HTTP Request: POST http://localhost:8050/mcp "HTTP/1.1 202 Accepted"
INFO:httpx:HTTP Request: GET http://localhost:8050/mcp "HTTP/1.1 200 OK"
INFO:watchfiles.main:1 change detected
INFO:httpx:HTTP Request: POST http://localhost:8050/mcp "HTTP/1.1 200 OK"
INFO:watchfiles.main:1 change detected
INFO:watchfiles.main:1 change detected
INFO:httpx:HTTP Request: POST http://localhost:8050/mcp "HTTP/1.1 200 OK"
INFO:watchfiles.main:1 change detected
INFO:httpx:HTTP Request: DELETE http://localhost:8050/mcp "HTTP/1.1 200 OK"
INFO:watchfiles.main:4 changes detected
INFO:watchfiles.main:1 change detected
INFO:watchfiles.main:1 change detected
INFO:httpx:HTTP Request: POST http://localhost:8050/mcp "HTTP/1.1 200 OK"
INFO:mcp.client.streamable_http:Received session ID: 4088ef0be4ca4813939c9c3ea78dd487
INFO:mcp.client.streamable_http:Negotiated protocol version: 2025-06-18
INFO:watchfiles.main:1 change detected
INFO:httpx:HTTP Request: GET http://localhost:8050/mcp "HTTP/1.1 200 OK"
INFO:httpx:HTTP Request: POST http://localhost:8050/mcp "HTTP/1.1 202 Accepted"
INFO:httpx:HTTP Request: POST http://localhost:8050/mcp "HTTP/1.1 200 OK"
INFO:watchfiles.main:1 change detected
INFO:httpx:HTTP Request: POST http://localhost:8050/mcp "HTTP/1.1 200 OK"
INFO:watchfiles.main:1 change detected
INFO:httpx:HTTP Request: DELETE http://localhost:8050/mcp "HTTP/1.1 200 OK"
INFO:watchfiles.main:1 change detected
INFO:watchfiles.main:1 change detected
INFO:watchfiles.main:1 change detected
INFO:httpx:HTTP Request: POST http://localhost:8050/mcp "HTTP/1.1 200 OK"
INFO:mcp.client.streamable_http:Received session ID: b2bab71c73af470d83261084184013e0
INFO:mcp.client.streamable_http:Negotiated protocol version: 2025-06-18
INFO:watchfiles.main:1 change detected
INFO:httpx:HTTP Request: GET http://localhost:8050/mcp "HTTP/1.1 200 OK"
INFO:httpx:HTTP Request: POST http://localhost:8050/mcp "HTTP/1.1 202 Accepted"
INFO:httpx:HTTP Request: POST http://localhost:8050/mcp "HTTP/1.1 200 OK"
INFO:watchfiles.main:1 change detected
INFO:watchfiles.main:1 change detected
INFO:httpx:HTTP Request: POST http://localhost:8050/mcp "HTTP/1.1 200 OK"
INFO:watchfiles.main:1 change detected
INFO:httpx:HTTP Request: DELETE http://localhost:8050/mcp "HTTP/1.1 200 OK"
INFO:watchfiles.main:4 changes detected
INFO:watchfiles.main:1 change detected
INFO:watchfiles.main:1 change detected
INFO:httpx:HTTP Request: POST http://localhost:8050/mcp "HTTP/1.1 200 OK"
INFO:mcp.client.streamable_http:Received session ID: e035046892954cb7b47991bb92dd3202
INFO:mcp.client.streamable_http:Negotiated protocol version: 2025-06-18
INFO:watchfiles.main:1 change detected
INFO:httpx:HTTP Request: GET http://localhost:8050/mcp "HTTP/1.1 200 OK"
INFO:httpx:HTTP Request: POST http://localhost:8050/mcp "HTTP/1.1 202 Accepted"
INFO:httpx:HTTP Request: POST http://localhost:8050/mcp "HTTP/1.1 200 OK"
INFO:watchfiles.main:1 change detected
INFO:httpx:HTTP Request: POST http://localhost:8050/mcp "HTTP/1.1 200 OK"
INFO:watchfiles.main:1 change detected
INFO:httpx:HTTP Request: DELETE http://localhost:8050/mcp "HTTP/1.1 200 OK"
INFO:watchfiles.main:1 change detected
INFO:watchfiles.main:1 change detected
INFO:watchfiles.main:1 change detected
INFO:httpx:HTTP Request: POST http://localhost:8050/mcp "HTTP/1.1 200 OK"
INFO:mcp.client.streamable_http:Received session ID: 57444623849f461e8a0433e07ad8edb8
INFO:mcp.client.streamable_http:Negotiated protocol version: 2025-06-18
INFO:watchfiles.main:1 change detected
INFO:httpx:HTTP Request: GET http://localhost:8050/mcp "HTTP/1.1 200 OK"
INFO:httpx:HTTP Request: POST http://localhost:8050/mcp "HTTP/1.1 202 Accepted"
INFO:httpx:HTTP Request: POST http://localhost:8050/mcp "HTTP/1.1 200 OK"
INFO:watchfiles.main:1 change detected
INFO:watchfiles.main:1 change detected
INFO:httpx:HTTP Request: POST http://localhost:8050/mcp "HTTP/1.1 200 OK"
INFO:watchfiles.main:1 change detected
INFO:httpx:HTTP Request: DELETE http://localhost:8050/mcp "HTTP/1.1 200 OK"
INFO:watchfiles.main:5 changes detected
INFO:watchfiles.main:1 change detected
INFO:watchfiles.main:1 change detected
INFO:httpx:HTTP Request: POST http://localhost:8050/mcp "HTTP/1.1 200 OK"
INFO:mcp.client.streamable_http:Received session ID: 2899caa388014aec8fd65b76ebf0649c
INFO:mcp.client.streamable_http:Negotiated protocol version: 2025-06-18
INFO:watchfiles.main:1 change detected
INFO:httpx:HTTP Request: GET http://localhost:8050/mcp "HTTP/1.1 200 OK"
INFO:httpx:HTTP Request: POST http://localhost:8050/mcp "HTTP/1.1 202 Accepted"
INFO:httpx:HTTP Request: POST http://localhost:8050/mcp "HTTP/1.1 200 OK"
INFO:watchfiles.main:1 change detected
INFO:httpx:HTTP Request: POST http://localhost:8050/mcp "HTTP/1.1 200 OK"
INFO:watchfiles.main:1 change detected
INFO:httpx:HTTP Request: DELETE http://localhost:8050/mcp "HTTP/1.1 200 OK"
INFO:watchfiles.main:1 change detected
INFO:watchfiles.main:1 change detected
INFO:watchfiles.main:1 change detected
INFO:httpx:HTTP Request: POST http://localhost:8050/mcp "HTTP/1.1 200 OK"
INFO:mcp.client.streamable_http:Received session ID: f0f87d56a62f4eb5b33a70a4c24f46d8
INFO:mcp.client.streamable_http:Negotiated protocol version: 2025-06-18
INFO:watchfiles.main:1 change detected
INFO:httpx:HTTP Request: GET http://localhost:8050/mcp "HTTP/1.1 200 OK"
INFO:httpx:HTTP Request: POST http://localhost:8050/mcp "HTTP/1.1 202 Accepted"
INFO:httpx:HTTP Request: POST http://localhost:8050/mcp "HTTP/1.1 200 OK"
INFO:watchfiles.main:1 change detected
INFO:watchfiles.main:1 change detected
INFO:httpx:HTTP Request: POST http://localhost:8050/mcp "HTTP/1.1 200 OK"
INFO:watchfiles.main:1 change detected
INFO:httpx:HTTP Request: DELETE http://localhost:8050/mcp "HTTP/1.1 200 OK"
INFO:watchfiles.main:4 changes detected
INFO:watchfiles.main:1 change detected
INFO:watchfiles.main:1 change detected
INFO:httpx:HTTP Request: POST http://localhost:8050/mcp "HTTP/1.1 200 OK"
INFO:mcp.client.streamable_http:Received session ID: f653b4096b5247dd955c130ca13bc1c2
INFO:mcp.client.streamable_http:Negotiated protocol version: 2025-06-18
INFO:watchfiles.main:1 change detected
INFO:httpx:HTTP Request: GET http://localhost:8050/mcp "HTTP/1.1 200 OK"
INFO:httpx:HTTP Request: POST http://localhost:8050/mcp "HTTP/1.1 202 Accepted"
INFO:httpx:HTTP Request: POST http://localhost:8050/mcp "HTTP/1.1 200 OK"
INFO:watchfiles.main:1 change detected
INFO:httpx:HTTP Request: POST http://localhost:8050/mcp "HTTP/1.1 200 OK"
INFO:watchfiles.main:1 change detected
INFO:httpx:HTTP Request: DELETE http://localhost:8050/mcp "HTTP/1.1 200 OK"
INFO:watchfiles.main:1 change detected
INFO:watchfiles.main:1 change detected
INFO:watchfiles.main:1 change detected
INFO:httpx:HTTP Request: POST http://localhost:8050/mcp "HTTP/1.1 200 OK"
INFO:mcp.client.streamable_http:Received session ID: e1ada9e71c4b413d898c8ff43c453732
INFO:mcp.client.streamable_http:Negotiated protocol version: 2025-06-18
INFO:httpx:HTTP Request: GET http://localhost:8050/mcp "HTTP/1.1 200 OK"
INFO:httpx:HTTP Request: POST http://localhost:8050/mcp "HTTP/1.1 202 Accepted"
INFO:watchfiles.main:1 change detected
INFO:httpx:HTTP Request: POST http://localhost:8050/mcp "HTTP/1.1 200 OK"
INFO:watchfiles.main:1 change detected
INFO:watchfiles.main:1 change detected
INFO:httpx:HTTP Request: POST http://localhost:8050/mcp "HTTP/1.1 200 OK"
INFO:httpx:HTTP Request: DELETE http://localhost:8050/mcp "HTTP/1.1 200 OK"
INFO:watchfiles.main:5 changes detected
INFO:watchfiles.main:1 change detected
INFO:watchfiles.main:1 change detected
INFO:httpx:HTTP Request: POST http://localhost:8050/mcp "HTTP/1.1 200 OK"
INFO:mcp.client.streamable_http:Received session ID: 5db02bb9d79440b39e8ff842aabe651a
INFO:mcp.client.streamable_http:Negotiated protocol version: 2025-06-18
INFO:watchfiles.main:1 change detected
INFO:httpx:HTTP Request: GET http://localhost:8050/mcp "HTTP/1.1 200 OK"
INFO:httpx:HTTP Request: POST http://localhost:8050/mcp "HTTP/1.1 202 Accepted"
INFO:httpx:HTTP Request: POST http://localhost:8050/mcp "HTTP/1.1 200 OK"
INFO:watchfiles.main:1 change detected
INFO:httpx:HTTP Request: POST http://localhost:8050/mcp "HTTP/1.1 200 OK"
INFO:watchfiles.main:1 change detected
INFO:httpx:HTTP Request: DELETE http://localhost:8050/mcp "HTTP/1.1 200 OK"
INFO:watchfiles.main:1 change detected
INFO:watchfiles.main:1 change detected
INFO:httpx:HTTP Request: POST http://localhost:8050/mcp "HTTP/1.1 200 OK"
INFO:mcp.client.streamable_http:Received session ID: f4eb6e996c244e8f9a82c19743b5830e
INFO:mcp.client.streamable_http:Negotiated protocol version: 2025-06-18
INFO:watchfiles.main:1 change detected
INFO:httpx:HTTP Request: GET http://localhost:8050/mcp "HTTP/1.1 200 OK"
INFO:httpx:HTTP Request: POST http://localhost:8050/mcp "HTTP/1.1 202 Accepted"
INFO:watchfiles.main:1 change detected
INFO:httpx:HTTP Request: POST http://localhost:8050/mcp "HTTP/1.1 200 OK"
INFO:watchfiles.main:1 change detected
INFO:httpx:HTTP Request: POST http://localhost:8050/mcp "HTTP/1.1 200 OK"
INFO:watchfiles.main:1 change detected
INFO:httpx:HTTP Request: DELETE http://localhost:8050/mcp "HTTP/1.1 200 OK"
INFO:watchfiles.main:5 changes detected
INFO:watchfiles.main:1 change detected
INFO:watchfiles.main:1 change detected
INFO:httpx:HTTP Request: POST http://localhost:8050/mcp "HTTP/1.1 200 OK"
INFO:mcp.client.streamable_http:Received session ID: 44b804821cef41fabfa4cc7246788957
INFO:mcp.client.streamable_http:Negotiated protocol version: 2025-06-18
INFO:watchfiles.main:1 change detected
INFO:httpx:HTTP Request: GET http://localhost:8050/mcp "HTTP/1.1 200 OK"
INFO:httpx:HTTP Request: POST http://localhost:8050/mcp "HTTP/1.1 202 Accepted"
INFO:httpx:HTTP Request: POST http://localhost:8050/mcp "HTTP/1.1 200 OK"
INFO:watchfiles.main:1 change detected
INFO:httpx:HTTP Request: POST http://localhost:8050/mcp "HTTP/1.1 200 OK"
INFO:watchfiles.main:1 change detected
INFO:httpx:HTTP Request: DELETE http://localhost:8050/mcp "HTTP/1.1 200 OK"
INFO:watchfiles.main:1 change detected
INFO:watchfiles.main:1 change detected
INFO:watchfiles.main:1 change detected
INFO:httpx:HTTP Request: POST http://localhost:8050/mcp "HTTP/1.1 200 OK"
INFO:mcp.client.streamable_http:Received session ID: 6305546ded9d49d781ec222f81e9fab0
INFO:mcp.client.streamable_http:Negotiated protocol version: 2025-06-18
INFO:watchfiles.main:1 change detected
INFO:httpx:HTTP Request: GET http://localhost:8050/mcp "HTTP/1.1 200 OK"
INFO:httpx:HTTP Request: POST http://localhost:8050/mcp "HTTP/1.1 202 Accepted"
INFO:httpx:HTTP Request: POST http://localhost:8050/mcp "HTTP/1.1 200 OK"
INFO:watchfiles.main:1 change detected
INFO:watchfiles.main:1 change detected
INFO:httpx:HTTP Request: POST http://localhost:8050/mcp "HTTP/1.1 200 OK"
INFO:watchfiles.main:1 change detected
INFO:httpx:HTTP Request: DELETE http://localhost:8050/mcp "HTTP/1.1 200 OK"
INFO:watchfiles.main:5 changes detected
INFO:watchfiles.main:1 change detected
INFO:watchfiles.main:1 change detected
INFO:httpx:HTTP Request: POST http://localhost:8050/mcp "HTTP/1.1 200 OK"
INFO:mcp.client.streamable_http:Received session ID: 5e31a684d5c24f3b90833d8f9c6153f2
INFO:mcp.client.streamable_http:Negotiated protocol version: 2025-06-18
INFO:httpx:HTTP Request: GET http://localhost:8050/mcp "HTTP/1.1 200 OK"
INFO:httpx:HTTP Request: POST http://localhost:8050/mcp "HTTP/1.1 202 Accepted"
INFO:watchfiles.main:1 change detected
INFO:httpx:HTTP Request: POST http://localhost:8050/mcp "HTTP/1.1 200 OK"
INFO:watchfiles.main:1 change detected
INFO:watchfiles.main:1 change detected
INFO:httpx:HTTP Request: POST http://localhost:8050/mcp "HTTP/1.1 200 OK"
INFO:httpx:HTTP Request: DELETE http://localhost:8050/mcp "HTTP/1.1 200 OK"
INFO:watchfiles.main:1 change detected
INFO:watchfiles.main:1 change detected
INFO:watchfiles.main:1 change detected
INFO:watchfiles.main:1 change detected
INFO:watchfiles.main:1 change detected
INFO:watchfiles.main:1 change detected
INFO:watchfiles.main:1 change detected
INFO:watchfiles.main:1 change detected
INFO:watchfiles.main:1 change detected
INFO:watchfiles.main:1 change detected
INFO:watchfiles.main:1 change detected
INFO:httpx:HTTP Request: POST http://localhost:8050/mcp "HTTP/1.1 200 OK"
INFO:mcp.client.streamable_http:Received session ID: d3993501522448daa1d52391a79bb815
INFO:mcp.client.streamable_http:Negotiated protocol version: 2025-06-18
INFO:watchfiles.main:1 change detected
INFO:httpx:HTTP Request: GET http://localhost:8050/mcp "HTTP/1.1 200 OK"
INFO:httpx:HTTP Request: POST http://localhost:8050/mcp "HTTP/1.1 202 Accepted"
INFO:httpx:HTTP Request: POST http://localhost:8050/mcp "HTTP/1.1 200 OK"
INFO:watchfiles.main:1 change detected
INFO:watchfiles.main:1 change detected
INFO:httpx:HTTP Request: POST http://localhost:8050/mcp "HTTP/1.1 200 OK"
INFO:watchfiles.main:1 change detected
INFO:httpx:HTTP Request: DELETE http://localhost:8050/mcp "HTTP/1.1 200 OK"
INFO:watchfiles.main:5 changes detected
INFO:watchfiles.main:1 change detected
INFO:watchfiles.main:1 change detected
INFO:watchfiles.main:1 change detected
INFO:httpx:HTTP Request: POST http://localhost:8050/mcp "HTTP/1.1 200 OK"
INFO:mcp.client.streamable_http:Received session ID: a62c9e7068474d13bdccc9f9d3654d06
INFO:mcp.client.streamable_http:Negotiated protocol version: 2025-06-18
INFO:httpx:HTTP Request: POST http://localhost:8050/mcp "HTTP/1.1 202 Accepted"
INFO:watchfiles.main:1 change detected
INFO:httpx:HTTP Request: GET http://localhost:8050/mcp "HTTP/1.1 200 OK"
INFO:httpx:HTTP Request: POST http://localhost:8050/mcp "HTTP/1.1 200 OK"
INFO:watchfiles.main:1 change detected
INFO:httpx:HTTP Request: POST http://localhost:8050/mcp "HTTP/1.1 200 OK"
INFO:watchfiles.main:1 change detected
INFO:httpx:HTTP Request: DELETE http://localhost:8050/mcp "HTTP/1.1 200 OK"
INFO:watchfiles.main:1 change detected
INFO:watchfiles.main:1 change detected
INFO:watchfiles.main:1 change detected
INFO:watchfiles.main:1 change detected
INFO:watchfiles.main:1 change detected
INFO:watchfiles.main:1 change detected
INFO:watchfiles.main:1 change detected
INFO:watchfiles.main:1 change detected
INFO:watchfiles.main:1 change detected
INFO:watchfiles.main:1 change detected
INFO:watchfiles.main:1 change detected
INFO:httpx:HTTP Request: POST http://localhost:8050/mcp "HTTP/1.1 200 OK"
INFO:mcp.client.streamable_http:Received session ID: 1214d6247b1746ff93855dc389a24571
INFO:mcp.client.streamable_http:Negotiated protocol version: 2025-06-18
INFO:watchfiles.main:1 change detected
INFO:httpx:HTTP Request: GET http://localhost:8050/mcp "HTTP/1.1 200 OK"
INFO:httpx:HTTP Request: POST http://localhost:8050/mcp "HTTP/1.1 202 Accepted"
INFO:watchfiles.main:1 change detected
INFO:httpx:HTTP Request: POST http://localhost:8050/mcp "HTTP/1.1 200 OK"
INFO:watchfiles.main:1 change detected
INFO:watchfiles.main:1 change detected
INFO:httpx:HTTP Request: POST http://localhost:8050/mcp "HTTP/1.1 200 OK"
INFO:watchfiles.main:1 change detected
INFO:httpx:HTTP Request: DELETE http://localhost:8050/mcp "HTTP/1.1 200 OK"
INFO:watchfiles.main:5 changes detected
INFO:watchfiles.main:1 change detected
INFO:watchfiles.main:1 change detected
INFO:watchfiles.main:1 change detected
INFO:watchfiles.main:1 change detected
INFO:watchfiles.main:1 change detected
INFO:watchfiles.main:1 change detected
INFO:watchfiles.main:1 change detected
INFO:httpx:HTTP Request: POST http://localhost:8050/mcp "HTTP/1.1 200 OK"
INFO:mcp.client.streamable_http:Received session ID: 22f700f012264f50b76f5d718f2a2d9e
INFO:mcp.client.streamable_http:Negotiated protocol version: 2025-06-18
INFO:watchfiles.main:1 change detected
INFO:httpx:HTTP Request: GET http://localhost:8050/mcp "HTTP/1.1 200 OK"
INFO:httpx:HTTP Request: POST http://localhost:8050/mcp "HTTP/1.1 202 Accepted"
INFO:watchfiles.main:1 change detected
INFO:httpx:HTTP Request: POST http://localhost:8050/mcp "HTTP/1.1 200 OK"
INFO:watchfiles.main:1 change detected
INFO:httpx:HTTP Request: POST http://localhost:8050/mcp "HTTP/1.1 200 OK"
INFO:watchfiles.main:1 change detected
INFO:httpx:HTTP Request: DELETE http://localhost:8050/mcp "HTTP/1.1 200 OK"
INFO:watchfiles.main:1 change detected
INFO:watchfiles.main:1 change detected
INFO:watchfiles.main:1 change detected
INFO:watchfiles.main:1 change detected
INFO:watchfiles.main:1 change detected
INFO:watchfiles.main:1 change detected
INFO:watchfiles.main:1 change detected
INFO:httpx:HTTP Request: POST http://localhost:8050/mcp "HTTP/1.1 200 OK"
INFO:mcp.client.streamable_http:Received session ID: 2bc07cfb3dc44a94952aac9735e5aed4
INFO:mcp.client.streamable_http:Negotiated protocol version: 2025-06-18
INFO:watchfiles.main:1 change detected
INFO:httpx:HTTP Request: GET http://localhost:8050/mcp "HTTP/1.1 200 OK"
INFO:httpx:HTTP Request: POST http://localhost:8050/mcp "HTTP/1.1 202 Accepted"
INFO:watchfiles.main:1 change detected
INFO:httpx:HTTP Request: POST http://localhost:8050/mcp "HTTP/1.1 200 OK"
INFO:watchfiles.main:1 change detected
INFO:watchfiles.main:1 change detected
INFO:watchfiles.main:1 change detected
INFO:httpx:HTTP Request: POST http://localhost:8050/mcp "HTTP/1.1 200 OK"
INFO:watchfiles.main:1 change detected
INFO:httpx:HTTP Request: DELETE http://localhost:8050/mcp "HTTP/1.1 200 OK"
INFO:watchfiles.main:5 changes detected
INFO:watchfiles.main:1 change detected
INFO:watchfiles.main:1 change detected
INFO:watchfiles.main:1 change detected
INFO:watchfiles.main:1 change detected
INFO:watchfiles.main:1 change detected
INFO:watchfiles.main:1 change detected
INFO:watchfiles.main:1 change detected
INFO:watchfiles.main:1 change detected
INFO:watchfiles.main:1 change detected
INFO:watchfiles.main:1 change detected
INFO:watchfiles.main:1 change detected
INFO:watchfiles.main:1 change detected
INFO:watchfiles.main:1 change detected
INFO:httpx:HTTP Request: POST http://localhost:8050/mcp "HTTP/1.1 200 OK"
INFO:mcp.client.streamable_http:Received session ID: 3085c2b43e0144a88a7be9c54a5f8c40
INFO:mcp.client.streamable_http:Negotiated protocol version: 2025-06-18
INFO:httpx:HTTP Request: GET http://localhost:8050/mcp "HTTP/1.1 200 OK"
INFO:httpx:HTTP Request: POST http://localhost:8050/mcp "HTTP/1.1 202 Accepted"
INFO:watchfiles.main:1 change detected
INFO:httpx:HTTP Request: POST http://localhost:8050/mcp "HTTP/1.1 200 OK"
INFO:watchfiles.main:1 change detected
INFO:httpx:HTTP Request: POST http://localhost:8050/mcp "HTTP/1.1 200 OK"
INFO:httpx:HTTP Request: DELETE http://localhost:8050/mcp "HTTP/1.1 200 OK"
INFO:watchfiles.main:1 change detected
INFO:watchfiles.main:1 change detected
INFO:watchfiles.main:1 change detected
INFO:watchfiles.main:1 change detected
INFO:watchfiles.main:1 change detected
INFO:watchfiles.main:1 change detected
INFO:watchfiles.main:1 change detected
INFO:httpx:HTTP Request: POST http://localhost:8050/mcp "HTTP/1.1 200 OK"
INFO:mcp.client.streamable_http:Received session ID: 3deef9de2bd54738aa52b58edda53c79
INFO:mcp.client.streamable_http:Negotiated protocol version: 2025-06-18
INFO:watchfiles.main:1 change detected
INFO:httpx:HTTP Request: GET http://localhost:8050/mcp "HTTP/1.1 200 OK"
INFO:httpx:HTTP Request: POST http://localhost:8050/mcp "HTTP/1.1 202 Accepted"
INFO:watchfiles.main:1 change detected
INFO:httpx:HTTP Request: POST http://localhost:8050/mcp "HTTP/1.1 200 OK"
INFO:watchfiles.main:1 change detected
INFO:httpx:HTTP Request: POST http://localhost:8050/mcp "HTTP/1.1 200 OK"
INFO:watchfiles.main:1 change detected
INFO:httpx:HTTP Request: DELETE http://localhost:8050/mcp "HTTP/1.1 200 OK"
INFO:watchfiles.main:5 changes detected
INFO:watchfiles.main:1 change detected
INFO:watchfiles.main:1 change detected
INFO:watchfiles.main:1 change detected
INFO:watchfiles.main:1 change detected
INFO:httpx:HTTP Request: POST http://localhost:8050/mcp "HTTP/1.1 200 OK"
INFO:mcp.client.streamable_http:Received session ID: 1b96242032ed42f7a80af3c38a70c1bb
INFO:mcp.client.streamable_http:Negotiated protocol version: 2025-06-18
INFO:httpx:HTTP Request: GET http://localhost:8050/mcp "HTTP/1.1 200 OK"
INFO:httpx:HTTP Request: POST http://localhost:8050/mcp "HTTP/1.1 202 Accepted"
INFO:watchfiles.main:1 change detected
INFO:httpx:HTTP Request: POST http://localhost:8050/mcp "HTTP/1.1 200 OK"
INFO:watchfiles.main:1 change detected
INFO:httpx:HTTP Request: POST http://localhost:8050/mcp "HTTP/1.1 200 OK"
INFO:watchfiles.main:1 change detected
INFO:httpx:HTTP Request: DELETE http://localhost:8050/mcp "HTTP/1.1 200 OK"
INFO:watchfiles.main:1 change detected
INFO:watchfiles.main:1 change detected
INFO:watchfiles.main:1 change detected
INFO:watchfiles.main:1 change detected
INFO:httpx:HTTP Request: POST http://localhost:8050/mcp "HTTP/1.1 200 OK"
INFO:mcp.client.streamable_http:Received session ID: 0d23b5eeed87439894369273ea6915c9
INFO:mcp.client.streamable_http:Negotiated protocol version: 2025-06-18
INFO:watchfiles.main:1 change detected
INFO:httpx:HTTP Request: GET http://localhost:8050/mcp "HTTP/1.1 200 OK"
INFO:httpx:HTTP Request: POST http://localhost:8050/mcp "HTTP/1.1 202 Accepted"
INFO:httpx:HTTP Request: POST http://localhost:8050/mcp "HTTP/1.1 200 OK"
INFO:watchfiles.main:1 change detected
INFO:watchfiles.main:1 change detected
INFO:httpx:HTTP Request: POST http://localhost:8050/mcp "HTTP/1.1 200 OK"
INFO:httpx:HTTP Request: DELETE http://localhost:8050/mcp "HTTP/1.1 200 OK"
INFO:watchfiles.main:5 changes detected
INFO:watchfiles.main:1 change detected
INFO:watchfiles.main:1 change detected
INFO:watchfiles.main:1 change detected
INFO:httpx:HTTP Request: POST http://localhost:8050/mcp "HTTP/1.1 200 OK"
INFO:mcp.client.streamable_http:Received session ID: 411dde769b6d4990bf1ccf56d2b5b6ee
INFO:mcp.client.streamable_http:Negotiated protocol version: 2025-06-18
INFO:watchfiles.main:1 change detected
INFO:httpx:HTTP Request: GET http://localhost:8050/mcp "HTTP/1.1 200 OK"
INFO:httpx:HTTP Request: POST http://localhost:8050/mcp "HTTP/1.1 202 Accepted"
INFO:httpx:HTTP Request: POST http://localhost:8050/mcp "HTTP/1.1 200 OK"
INFO:watchfiles.main:1 change detected
INFO:httpx:HTTP Request: POST http://localhost:8050/mcp "HTTP/1.1 200 OK"
INFO:watchfiles.main:1 change detected
INFO:httpx:HTTP Request: DELETE http://localhost:8050/mcp "HTTP/1.1 200 OK"
INFO:watchfiles.main:1 change detected
INFO:watchfiles.main:1 change detected
INFO:watchfiles.main:1 change detected
INFO:httpx:HTTP Request: POST http://localhost:8050/mcp "HTTP/1.1 200 OK"
INFO:mcp.client.streamable_http:Received session ID: 1b382218f7ac485683904c563bba2645
INFO:mcp.client.streamable_http:Negotiated protocol version: 2025-06-18
INFO:httpx:HTTP Request: GET http://localhost:8050/mcp "HTTP/1.1 200 OK"
INFO:httpx:HTTP Request: POST http://localhost:8050/mcp "HTTP/1.1 202 Accepted"
INFO:watchfiles.main:1 change detected
INFO:httpx:HTTP Request: POST http://localhost:8050/mcp "HTTP/1.1 200 OK"
INFO:watchfiles.main:1 change detected
INFO:watchfiles.main:1 change detected
INFO:httpx:HTTP Request: POST http://localhost:8050/mcp "HTTP/1.1 200 OK"
INFO:httpx:HTTP Request: DELETE http://localhost:8050/mcp "HTTP/1.1 200 OK"
INFO:watchfiles.main:5 changes detected
INFO:watchfiles.main:1 change detected
INFO:watchfiles.main:1 change detected
INFO:watchfiles.main:1 change detected
INFO:watchfiles.main:1 change detected
INFO:watchfiles.main:1 change detected
INFO:httpx:HTTP Request: POST http://localhost:8050/mcp "HTTP/1.1 200 OK"
INFO:mcp.client.streamable_http:Received session ID: 13ad0a5f2ae14f2bb36a1d1a45ece312
INFO:mcp.client.streamable_http:Negotiated protocol version: 2025-06-18
INFO:httpx:HTTP Request: GET http://localhost:8050/mcp "HTTP/1.1 200 OK"
INFO:httpx:HTTP Request: POST http://localhost:8050/mcp "HTTP/1.1 202 Accepted"
INFO:watchfiles.main:1 change detected
INFO:httpx:HTTP Request: POST http://localhost:8050/mcp "HTTP/1.1 200 OK"
INFO:watchfiles.main:1 change detected
INFO:httpx:HTTP Request: POST http://localhost:8050/mcp "HTTP/1.1 200 OK"
INFO:watchfiles.main:1 change detected
INFO:httpx:HTTP Request: DELETE http://localhost:8050/mcp "HTTP/1.1 200 OK"
INFO:watchfiles.main:1 change detected
INFO:watchfiles.main:1 change detected
INFO:watchfiles.main:1 change detected
INFO:watchfiles.main:1 change detected
INFO:httpx:HTTP Request: POST http://localhost:8050/mcp "HTTP/1.1 200 OK"
INFO:mcp.client.streamable_http:Received session ID: 011f9243173f431a894caec8e4bd5501
INFO:mcp.client.streamable_http:Negotiated protocol version: 2025-06-18
INFO:watchfiles.main:1 change detected
INFO:httpx:HTTP Request: GET http://localhost:8050/mcp "HTTP/1.1 200 OK"
INFO:httpx:HTTP Request: POST http://localhost:8050/mcp "HTTP/1.1 202 Accepted"
INFO:watchfiles.main:1 change detected
INFO:httpx:HTTP Request: POST http://localhost:8050/mcp "HTTP/1.1 200 OK"
INFO:watchfiles.main:1 change detected
INFO:httpx:HTTP Request: POST http://localhost:8050/mcp "HTTP/1.1 200 OK"
INFO:watchfiles.main:1 change detected
INFO:httpx:HTTP Request: DELETE http://localhost:8050/mcp "HTTP/1.1 200 OK"
INFO:watchfiles.main:5 changes detected
INFO:watchfiles.main:1 change detected
INFO:watchfiles.main:1 change detected
INFO:httpx:HTTP Request: POST http://localhost:8050/mcp "HTTP/1.1 200 OK"
INFO:mcp.client.streamable_http:Received session ID: 23358669bf0f486791d97044a52a8c83
INFO:mcp.client.streamable_http:Negotiated protocol version: 2025-06-18
INFO:watchfiles.main:1 change detected
INFO:httpx:HTTP Request: GET http://localhost:8050/mcp "HTTP/1.1 200 OK"
INFO:httpx:HTTP Request: POST http://localhost:8050/mcp "HTTP/1.1 202 Accepted"
INFO:watchfiles.main:1 change detected
INFO:httpx:HTTP Request: POST http://localhost:8050/mcp "HTTP/1.1 200 OK"
INFO:watchfiles.main:1 change detected
INFO:httpx:HTTP Request: POST http://localhost:8050/mcp "HTTP/1.1 200 OK"
INFO:httpx:HTTP Request: DELETE http://localhost:8050/mcp "HTTP/1.1 200 OK"
INFO:watchfiles.main:1 change detected
INFO:watchfiles.main:1 change detected
INFO:watchfiles.main:1 change detected
INFO:httpx:HTTP Request: POST http://localhost:8050/mcp "HTTP/1.1 200 OK"
INFO:mcp.client.streamable_http:Received session ID: f0038cbfe93a45c299a4a4a0c772ced8
INFO:mcp.client.streamable_http:Negotiated protocol version: 2025-06-18
INFO:watchfiles.main:1 change detected
INFO:httpx:HTTP Request: GET http://localhost:8050/mcp "HTTP/1.1 200 OK"
INFO:httpx:HTTP Request: POST http://localhost:8050/mcp "HTTP/1.1 202 Accepted"
INFO:httpx:HTTP Request: POST http://localhost:8050/mcp "HTTP/1.1 200 OK"
INFO:watchfiles.main:1 change detected
INFO:watchfiles.main:1 change detected
INFO:httpx:HTTP Request: POST http://localhost:8050/mcp "HTTP/1.1 200 OK"
INFO:watchfiles.main:1 change detected
INFO:httpx:HTTP Request: DELETE http://localhost:8050/mcp "HTTP/1.1 200 OK"
INFO:watchfiles.main:4 changes detected
INFO:watchfiles.main:1 change detected
INFO:watchfiles.main:1 change detected
INFO:watchfiles.main:1 change detected
INFO:httpx:HTTP Request: POST http://localhost:8050/mcp "HTTP/1.1 200 OK"
INFO:mcp.client.streamable_http:Received session ID: e1229098aa1e4f1f8d9a14222c91f648
INFO:mcp.client.streamable_http:Negotiated protocol version: 2025-06-18
INFO:httpx:HTTP Request: GET http://localhost:8050/mcp "HTTP/1.1 200 OK"
INFO:httpx:HTTP Request: POST http://localhost:8050/mcp "HTTP/1.1 202 Accepted"
INFO:watchfiles.main:1 change detected
INFO:httpx:HTTP Request: POST http://localhost:8050/mcp "HTTP/1.1 200 OK"
INFO:watchfiles.main:1 change detected
INFO:httpx:HTTP Request: POST http://localhost:8050/mcp "HTTP/1.1 200 OK"
INFO:httpx:HTTP Request: DELETE http://localhost:8050/mcp "HTTP/1.1 200 OK"
INFO:watchfiles.main:1 change detected
INFO:watchfiles.main:1 change detected
INFO:watchfiles.main:1 change detected
INFO:httpx:HTTP Request: POST http://localhost:8050/mcp "HTTP/1.1 200 OK"
INFO:mcp.client.streamable_http:Received session ID: df729dc85a96481394f5a73b4c318661
INFO:mcp.client.streamable_http:Negotiated protocol version: 2025-06-18
INFO:watchfiles.main:1 change detected
INFO:httpx:HTTP Request: GET http://localhost:8050/mcp "HTTP/1.1 200 OK"
INFO:httpx:HTTP Request: POST http://localhost:8050/mcp "HTTP/1.1 202 Accepted"
INFO:watchfiles.main:1 change detected
INFO:httpx:HTTP Request: POST http://localhost:8050/mcp "HTTP/1.1 200 OK"
INFO:watchfiles.main:1 change detected
INFO:httpx:HTTP Request: POST http://localhost:8050/mcp "HTTP/1.1 200 OK"
INFO:watchfiles.main:1 change detected
INFO:httpx:HTTP Request: DELETE http://localhost:8050/mcp "HTTP/1.1 200 OK"
INFO:watchfiles.main:4 changes detected
INFO:watchfiles.main:1 change detected
INFO:watchfiles.main:1 change detected
INFO:watchfiles.main:1 change detected
INFO:httpx:HTTP Request: POST http://localhost:8050/mcp "HTTP/1.1 200 OK"
INFO:mcp.client.streamable_http:Received session ID: d1d9f5acbb9245d4bfa207e2718014f6
INFO:mcp.client.streamable_http:Negotiated protocol version: 2025-06-18
INFO:httpx:HTTP Request: GET http://localhost:8050/mcp "HTTP/1.1 200 OK"
INFO:httpx:HTTP Request: POST http://localhost:8050/mcp "HTTP/1.1 202 Accepted"
INFO:watchfiles.main:1 change detected
INFO:httpx:HTTP Request: POST http://localhost:8050/mcp "HTTP/1.1 200 OK"
INFO:watchfiles.main:1 change detected
INFO:httpx:HTTP Request: POST http://localhost:8050/mcp "HTTP/1.1 200 OK"
INFO:watchfiles.main:1 change detected
INFO:httpx:HTTP Request: DELETE http://localhost:8050/mcp "HTTP/1.1 200 OK"
INFO:watchfiles.main:1 change detected
INFO:watchfiles.main:1 change detected
INFO:watchfiles.main:1 change detected
INFO:httpx:HTTP Request: POST http://localhost:8050/mcp "HTTP/1.1 200 OK"
INFO:mcp.client.streamable_http:Received session ID: ba7a0fa0f396438e8ce59d5ffa7afede
INFO:watchfiles.main:1 change detected
INFO:mcp.client.streamable_http:Negotiated protocol version: 2025-06-18
INFO:httpx:HTTP Request: GET http://localhost:8050/mcp "HTTP/1.1 200 OK"
INFO:httpx:HTTP Request: POST http://localhost:8050/mcp "HTTP/1.1 202 Accepted"
INFO:watchfiles.main:2 changes detected
WARNING:  WatchFiles detected changes in 'server.py'. Reloading...
INFO:httpx:HTTP Request: POST http://localhost:8050/mcp "HTTP/1.1 200 OK"
INFO:httpx:HTTP Request: POST http://localhost:8050/mcp "HTTP/1.1 200 OK"
INFO:httpx:HTTP Request: DELETE http://localhost:8050/mcp "HTTP/1.1 200 OK"
INFO:httpx:HTTP Request: POST http://localhost:8050/mcp "HTTP/1.1 200 OK"
INFO:mcp.client.streamable_http:Received session ID: a60e8d5364064a0cbffa25dab087b633
INFO:mcp.client.streamable_http:Negotiated protocol version: 2025-06-18
INFO:httpx:HTTP Request: GET http://localhost:8050/mcp "HTTP/1.1 200 OK"
INFO:httpx:HTTP Request: POST http://localhost:8050/mcp "HTTP/1.1 202 Accepted"
INFO:httpx:HTTP Request: POST http://localhost:8050/mcp "HTTP/1.1 200 OK"
INFO:httpx:HTTP Request: POST http://localhost:8050/mcp "HTTP/1.1 200 OK"
INFO:httpx:HTTP Request: DELETE http://localhost:8050/mcp "HTTP/1.1 200 OK"
INFO:httpx:HTTP Request: POST http://localhost:8050/mcp "HTTP/1.1 200 OK"
INFO:mcp.client.streamable_http:Received session ID: a0a0ad631d6645829e1b736b61536118
INFO:mcp.client.streamable_http:Negotiated protocol version: 2025-06-18
INFO:httpx:HTTP Request: GET http://localhost:8050/mcp "HTTP/1.1 200 OK"
INFO:httpx:HTTP Request: POST http://localhost:8050/mcp "HTTP/1.1 202 Accepted"
INFO:httpx:HTTP Request: POST http://localhost:8050/mcp "HTTP/1.1 200 OK"
INFO:httpx:HTTP Request: POST http://localhost:8050/mcp "HTTP/1.1 200 OK"
INFO:httpx:HTTP Request: DELETE http://localhost:8050/mcp "HTTP/1.1 200 OK"
INFO:httpx:HTTP Request: POST http://localhost:8050/mcp "HTTP/1.1 200 OK"
INFO:mcp.client.streamable_http:Received session ID: 1600d155c85a46a48c13b256adb2d06f
INFO:mcp.client.streamable_http:Negotiated protocol version: 2025-06-18
INFO:httpx:HTTP Request: GET http://localhost:8050/mcp "HTTP/1.1 200 OK"
INFO:httpx:HTTP Request: POST http://localhost:8050/mcp "HTTP/1.1 202 Accepted"
INFO:httpx:HTTP Request: POST http://localhost:8050/mcp "HTTP/1.1 200 OK"
INFO:httpx:HTTP Request: POST http://localhost:8050/mcp "HTTP/1.1 200 OK"
INFO:httpx:HTTP Request: DELETE http://localhost:8050/mcp "HTTP/1.1 200 OK"
INFO:httpx:HTTP Request: POST http://localhost:8050/mcp "HTTP/1.1 200 OK"
INFO:mcp.client.streamable_http:Received session ID: c8f8c49e1db74641b54a82cfb0118c2f
INFO:mcp.client.streamable_http:Negotiated protocol version: 2025-06-18
INFO:httpx:HTTP Request: GET http://localhost:8050/mcp "HTTP/1.1 200 OK"
INFO:httpx:HTTP Request: POST http://localhost:8050/mcp "HTTP/1.1 202 Accepted"
INFO:httpx:HTTP Request: POST http://localhost:8050/mcp "HTTP/1.1 200 OK"
INFO:httpx:HTTP Request: POST http://localhost:8050/mcp "HTTP/1.1 200 OK"
INFO:httpx:HTTP Request: DELETE http://localhost:8050/mcp "HTTP/1.1 200 OK"
INFO:httpx:HTTP Request: POST http://localhost:8050/mcp "HTTP/1.1 200 OK"
INFO:mcp.client.streamable_http:Received session ID: 10fc6b8521984b058a2afc3270d7089d
INFO:mcp.client.streamable_http:Negotiated protocol version: 2025-06-18
INFO:httpx:HTTP Request: GET http://localhost:8050/mcp "HTTP/1.1 200 OK"
INFO:httpx:HTTP Request: POST http://localhost:8050/mcp "HTTP/1.1 202 Accepted"
INFO:httpx:HTTP Request: POST http://localhost:8050/mcp "HTTP/1.1 200 OK"
INFO:httpx:HTTP Request: POST http://localhost:8050/mcp "HTTP/1.1 200 OK"
INFO:httpx:HTTP Request: DELETE http://localhost:8050/mcp "HTTP/1.1 200 OK"
INFO:httpx:HTTP Request: POST http://localhost:8050/mcp "HTTP/1.1 200 OK"
INFO:mcp.client.streamable_http:Received session ID: 3d81c0d15cf74609885501a3e059e113
INFO:mcp.client.streamable_http:Negotiated protocol version: 2025-06-18
INFO:httpx:HTTP Request: GET http://localhost:8050/mcp "HTTP/1.1 200 OK"
INFO:httpx:HTTP Request: POST http://localhost:8050/mcp "HTTP/1.1 202 Accepted"
INFO:httpx:HTTP Request: POST http://localhost:8050/mcp "HTTP/1.1 200 OK"
INFO:httpx:HTTP Request: POST http://localhost:8050/mcp "HTTP/1.1 200 OK"
INFO:httpx:HTTP Request: DELETE http://localhost:8050/mcp "HTTP/1.1 200 OK"
INFO:httpx:HTTP Request: POST http://localhost:8050/mcp "HTTP/1.1 200 OK"
INFO:mcp.client.streamable_http:Received session ID: 19e72634226c482e9853928046f2b86a
INFO:mcp.client.streamable_http:Negotiated protocol version: 2025-06-18
INFO:httpx:HTTP Request: GET http://localhost:8050/mcp "HTTP/1.1 200 OK"
INFO:httpx:HTTP Request: POST http://localhost:8050/mcp "HTTP/1.1 202 Accepted"
INFO:httpx:HTTP Request: POST http://localhost:8050/mcp "HTTP/1.1 200 OK"
INFO:httpx:HTTP Request: POST http://localhost:8050/mcp "HTTP/1.1 200 OK"
INFO:httpx:HTTP Request: DELETE http://localhost:8050/mcp "HTTP/1.1 200 OK"
INFO:httpx:HTTP Request: POST http://localhost:8050/mcp "HTTP/1.1 200 OK"
INFO:mcp.client.streamable_http:Received session ID: 5ee6d82dd671444e88c0512cb8819319
INFO:mcp.client.streamable_http:Negotiated protocol version: 2025-06-18
INFO:httpx:HTTP Request: GET http://localhost:8050/mcp "HTTP/1.1 200 OK"
INFO:httpx:HTTP Request: POST http://localhost:8050/mcp "HTTP/1.1 202 Accepted"
INFO:httpx:HTTP Request: POST http://localhost:8050/mcp "HTTP/1.1 200 OK"
INFO:httpx:HTTP Request: POST http://localhost:8050/mcp "HTTP/1.1 200 OK"
INFO:httpx:HTTP Request: DELETE http://localhost:8050/mcp "HTTP/1.1 200 OK"
INFO:httpx:HTTP Request: POST http://localhost:8050/mcp "HTTP/1.1 200 OK"
INFO:mcp.client.streamable_http:Received session ID: 664187418c554e7db4274d9bf7910798
INFO:mcp.client.streamable_http:Negotiated protocol version: 2025-06-18
INFO:httpx:HTTP Request: GET http://localhost:8050/mcp "HTTP/1.1 200 OK"
INFO:httpx:HTTP Request: POST http://localhost:8050/mcp "HTTP/1.1 202 Accepted"
INFO:httpx:HTTP Request: POST http://localhost:8050/mcp "HTTP/1.1 200 OK"
INFO:httpx:HTTP Request: POST http://localhost:8050/mcp "HTTP/1.1 200 OK"
INFO:httpx:HTTP Request: DELETE http://localhost:8050/mcp "HTTP/1.1 200 OK"
INFO:httpx:HTTP Request: POST http://localhost:8050/mcp "HTTP/1.1 200 OK"
INFO:mcp.client.streamable_http:Received session ID: 9b81582ca2484b83a8788902b4410d04
INFO:mcp.client.streamable_http:Negotiated protocol version: 2025-06-18
INFO:httpx:HTTP Request: GET http://localhost:8050/mcp "HTTP/1.1 200 OK"
INFO:httpx:HTTP Request: POST http://localhost:8050/mcp "HTTP/1.1 202 Accepted"
INFO:httpx:HTTP Request: POST http://localhost:8050/mcp "HTTP/1.1 200 OK"
INFO:httpx:HTTP Request: POST http://localhost:8050/mcp "HTTP/1.1 200 OK"
INFO:httpx:HTTP Request: DELETE http://localhost:8050/mcp "HTTP/1.1 200 OK"
INFO:httpx:HTTP Request: POST http://localhost:8050/mcp "HTTP/1.1 200 OK"
INFO:mcp.client.streamable_http:Received session ID: 41bc3d52158a46178fd05c8310877dc1
INFO:mcp.client.streamable_http:Negotiated protocol version: 2025-06-18
INFO:httpx:HTTP Request: GET http://localhost:8050/mcp "HTTP/1.1 200 OK"
INFO:httpx:HTTP Request: POST http://localhost:8050/mcp "HTTP/1.1 202 Accepted"
INFO:httpx:HTTP Request: POST http://localhost:8050/mcp "HTTP/1.1 200 OK"
INFO:httpx:HTTP Request: POST http://localhost:8050/mcp "HTTP/1.1 200 OK"
INFO:httpx:HTTP Request: DELETE http://localhost:8050/mcp "HTTP/1.1 200 OK"
INFO:httpx:HTTP Request: POST http://localhost:8050/mcp "HTTP/1.1 200 OK"
INFO:mcp.client.streamable_http:Received session ID: 8bf4390f35104b10a1b89dfe31cc83f3
INFO:mcp.client.streamable_http:Negotiated protocol version: 2025-06-18
INFO:httpx:HTTP Request: GET http://localhost:8050/mcp "HTTP/1.1 200 OK"
INFO:httpx:HTTP Request: POST http://localhost:8050/mcp "HTTP/1.1 202 Accepted"
INFO:     Shutting down
INFO:     connection closed
INFO:     Waiting for application shutdown.
INFO:     Application shutdown complete.
INFO:     Finished server process [31268]
INFO:watchfiles.main:7 changes detected
C:\Users\Mbensale\GIT\-Dashboard-AI_beta\server_bacnet.py:593: DeprecationWarning: 
        on_event is deprecated, use lifespan event handlers instead.

        Read more about it in the
        [FastAPI docs for Lifespan Events](https://fastapi.tiangolo.com/advanced/events/).
        
  @app.on_event("startup")
C:\Users\Mbensale\GIT\-Dashboard-AI_beta\.venv\Lib\site-packages\fastapi\applications.py:4575: DeprecationWarning: 
        on_event is deprecated, use lifespan event handlers instead.

        Read more about it in the
        [FastAPI docs for Lifespan Events](https://fastapi.tiangolo.com/advanced/events/).
        
  return self.router.on_event(event_type)
C:\Users\Mbensale\GIT\-Dashboard-AI_beta\.venv\Lib\site-packages\websockets\legacy\__init__.py:6: DeprecationWarning: websockets.legacy is deprecated; see https://websockets.readthedocs.io/en/stable/howto/upgrade.html for upgrade instructions
  warnings.warn(  # deprecated in 14.0 - 2024-11-09
C:\Users\Mbensale\GIT\-Dashboard-AI_beta\.venv\Lib\site-packages\uvicorn\protocols\websockets\websockets_impl.py:17: DeprecationWarning: websockets.server.WebSocketServerProtocol is deprecated
  from websockets.server import WebSocketServerProtocol
C:\Users\Mbensale\GIT\-Dashboard-AI_beta\server_bacnet.py:593: DeprecationWarning: 
        on_event is deprecated, use lifespan event handlers instead.

        Read more about it in the
        [FastAPI docs for Lifespan Events](https://fastapi.tiangolo.com/advanced/events/).
        
  @app.on_event("startup")
C:\Users\Mbensale\GIT\-Dashboard-AI_beta\.venv\Lib\site-packages\fastapi\applications.py:4575: DeprecationWarning: 
        on_event is deprecated, use lifespan event handlers instead.

        Read more about it in the
        [FastAPI docs for Lifespan Events](https://fastapi.tiangolo.com/advanced/events/).
        
  return self.router.on_event(event_type)
INFO:     Started server process [35876]
INFO:     Waiting for application startup.
INFO:     Application startup complete.
C:\Users\Mbensale\GIT\-Dashboard-AI_beta\.venv\Lib\site-packages\websockets\legacy\server.py:1178: DeprecationWarning: remove second argument of ws_handler
  warnings.warn("remove second argument of ws_handler", DeprecationWarning)
INFO:     127.0.0.1:64456 - "WebSocket /ws/points/live" [accepted]
INFO:     connection open
INFO:watchfiles.main:4 changes detected
INFO:watchfiles.main:4 changes detected
INFO:watchfiles.main:4 changes detected
INFO:watchfiles.main:1 change detected
INFO:watchfiles.main:4 changes detected
INFO:watchfiles.main:4 changes detected
INFO:watchfiles.main:4 changes detected
INFO:watchfiles.main:5 changes detected
INFO:watchfiles.main:346 changes detected
INFO:watchfiles.main:384 changes detected
INFO:watchfiles.main:190 changes detected
INFO:watchfiles.main:168 changes detected
INFO:watchfiles.main:4 changes detected
INFO:watchfiles.main:4 changes detected
INFO:watchfiles.main:4 changes detected
INFO:watchfiles.main:1 change detected
INFO:watchfiles.main:4 changes detected
INFO:watchfiles.main:4 changes detected
INFO:watchfiles.main:1 change detected
INFO:watchfiles.main:4 changes detected
INFO:watchfiles.main:4 changes detected
INFO:watchfiles.main:1 change detected
INFO:watchfiles.main:1 change detected
INFO:watchfiles.main:4 changes detected
INFO:watchfiles.main:4 changes detected
INFO:watchfiles.main:4 changes detected
INFO:watchfiles.main:4 changes detected
INFO:watchfiles.main:4 changes detected
INFO:watchfiles.main:4 changes detected
INFO:watchfiles.main:4 changes detected
INFO:watchfiles.main:4 changes detected
INFO:watchfiles.main:1 change detected
INFO:watchfiles.main:4 changes detected
INFO:watchfiles.main:4 changes detected
INFO:watchfiles.main:3 changes detected
INFO:watchfiles.main:1 change detected
INFO:watchfiles.main:4 changes detected
INFO:watchfiles.main:4 changes detected
INFO:watchfiles.main:4 changes detected
INFO:watchfiles.main:4 changes detected
INFO:watchfiles.main:4 changes detected
INFO:watchfiles.main:4 changes detected
INFO:watchfiles.main:4 changes detected
INFO:watchfiles.main:4 changes detected
INFO:watchfiles.main:4 changes detected
INFO:watchfiles.main:4 changes detected
INFO:watchfiles.main:4 changes detected
INFO:watchfiles.main:4 changes detected
INFO:watchfiles.main:4 changes detected
INFO:watchfiles.main:4 changes detected
INFO:watchfiles.main:4 changes detected
INFO:watchfiles.main:5 changes detected
INFO:watchfiles.main:4 changes detected
INFO:watchfiles.main:4 changes detected
INFO:watchfiles.main:4 changes detected
INFO:watchfiles.main:4 changes detected
INFO:watchfiles.main:4 changes detected
INFO:watchfiles.main:4 changes detected
INFO:watchfiles.main:346 changes detected
INFO:watchfiles.main:385 changes detected
INFO:watchfiles.main:194 changes detected
INFO:watchfiles.main:165 changes detected
INFO:watchfiles.main:4 changes detected
